Date,XLB,XLC,XLE,XLF,XLI,XLK,XLP,XLRE,XLU,XLV,XLY
2020-01-02,26.665546417236328,50.91963577270508,23.18885040283203,27.546480178833008,74.9660873413086,44.241432189941406,52.624794006347656,30.74522590637207,26.098268508911133,91.90080261230469,60.03554153442383
2020-01-03,26.23503303527832,50.591182708740234,23.119951248168945,27.253995895385742,74.82160186767578,43.744014739990234,52.540565490722656,30.970462799072266,26.151437759399414,91.09993743896484,59.52466583251953
2020-01-06,26.120813369750977,51.26686477661133,23.29986000061035,27.236268997192383,74.84870147705078,43.848228454589844,52.650054931640625,30.978511810302734,26.17598533630371,91.66683959960938,59.690223693847656
2020-01-07,26.090065002441406,51.33256149291992,23.23861312866211,27.059005737304688,74.69515991210938,43.82929229736328,52.24576187133789,30.640636444091797,26.139169692993164,91.48685455322266,59.59561538696289
2020-01-08,26.18231201171875,51.698543548583984,22.8558349609375,27.236268997192383,74.94803619384766,44.298274993896484,52.439491271972656,30.793493270874023,26.126901626586914,92.08074188232422,59.77537536621094
2020-01-09,26.278963088989258,51.9706916809082,23.024255752563477,27.4046630859375,75.2641372680664,44.80043029785156,52.810089111328125,30.785451889038086,26.270057678222656,92.47667694091797,60.09232711791992
2020-01-10,26.173534393310547,51.76423263549805,22.894107818603516,27.200815200805664,74.73129272460938,44.696205139160156,52.776397705078125,31.083084106445312,26.339584350585938,92.50366973876953,59.76590347290039
2020-01-13,26.511789321899414,52.25221252441406,22.901771545410156,27.386940002441406,75.34539794921875,45.25520324707031,53.12172317504883,31.461170196533203,26.49909019470215,92.17974853515625,59.955135345458984
2020-01-14,26.401968002319336,52.120845794677734,22.90559196472168,27.333763122558594,75.35444641113281,45.042030334472656,53.13857650756836,31.30831527709961,26.576805114746094,92.73766326904297,59.93621063232422
2020-01-15,26.582077026367188,52.37421798706055,22.737173080444336,27.18309211730957,75.47183227539062,45.09414291381836,53.51759338378906,31.5255184173584,26.948993682861328,93.53851318359375,59.799015045166016
2020-01-16,26.7402286529541,52.777748107910156,22.77545166015625,27.422391891479492,76.22142791748047,45.70051956176758,53.66078186035156,31.807071685791016,27.116676330566406,94.02442932128906,60.333580017089844
2020-01-17,26.858842849731445,53.190670013427734,22.629989624023438,27.502161026000977,76.23045349121094,46.00843811035156,53.75343322753906,31.84729766845703,27.304821014404297,94.02442932128906,60.54644775390625
2020-01-21,26.56890296936035,53.14373779296875,22.224246978759766,27.271717071533203,75.39056396484375,45.98948287963867,53.93872833251953,32.169063568115234,27.55431365966797,94.1233901977539,60.36196517944336
2020-01-22,26.463470458984375,53.1155891418457,22.0098934173584,27.35148811340332,74.99319458007812,46.155296325683594,53.980831146240234,31.91163444519043,27.640201568603516,94.24037170410156,60.333580017089844
2020-01-23,26.432716369628906,52.899742126464844,21.925678253173828,27.280588150024414,75.80597686767578,46.37321472167969,53.930294036865234,32.21732711791992,27.885608673095703,93.76347351074219,60.4234619140625
2020-01-24,26.243818283081055,52.2616081237793,21.673038482666016,26.934926986694336,75.45379638671875,46.155296325683594,53.55971908569336,32.169063568115234,27.95922088623047,92.19774627685547,59.581417083740234
2020-01-27,25.6771240234375,51.44516372680664,21.07207489013672,26.518354415893555,74.02688598632812,45.05623245239258,53.39126205444336,32.03230667114258,27.889690399169922,91.49585723876953,58.69208526611328
2020-01-28,25.967056274414062,52.03639221191406,21.167768478393555,26.828571319580078,74.5055160522461,45.918426513671875,53.4586296081543,32.112754821777344,28.004209518432617,91.94577026367188,59.264469146728516
2020-01-29,26.05052375793457,51.95192337036133,20.945758819580078,26.784252166748047,74.90289306640625,46.03685760498047,53.189109802246094,31.943817138671875,28.077829360961914,91.69383239746094,59.23136520385742
2020-01-30,25.887985229492188,51.426387786865234,21.114187240600586,27.121051788330078,74.98414611816406,46.43478775024414,53.82081985473633,32.01621627807617,28.33959197998047,91.02794647216797,59.132022857666016
2020-01-31,25.3168888092041,50.591182708740234,20.455799102783203,26.55380630493164,73.2502212524414,45.160465240478516,53.21437072753906,31.557687759399414,28.212799072265625,89.21026611328125,59.28341293334961
2020-02-03,25.848447799682617,51.1917839050293,20.187854766845703,26.73993682861328,73.22312927246094,45.757354736328125,53.21437072753906,31.589872360229492,28.302780151367188,90.0201187133789,59.70442199707031
2020-02-04,26.305320739746094,51.7266960144043,20.260576248168945,26.996965408325195,74.60485076904297,46.95588302612305,53.53443145751953,32.000125885009766,28.02056121826172,91.6038589477539,60.79244613647461
2020-02-05,26.792945861816406,51.8111572265625,21.02231788635254,27.537614822387695,75.85113525390625,47.23065185546875,53.9640007019043,31.975996017456055,28.135089874267578,93.3675308227539,61.09992980957031
2020-02-06,26.779767990112305,52.45867919921875,20.807954788208008,27.502161026000977,76.09496307373047,47.66175079345703,54.056644439697266,32.112754821777344,28.143264770507812,93.44850158691406,60.96274948120117
2020-02-07,26.39756965637207,52.42113494873047,20.66250228881836,27.4046630859375,75.5440902709961,47.22592544555664,54.124019622802734,32.12883758544922,28.05328941345215,92.71966552734375,60.697845458984375
2020-02-10,26.384395599365234,52.73080825805664,20.559152603149414,27.48443603515625,75.96854400634766,47.86545181274414,54.35143280029297,32.49888610839844,28.159626007080078,93.21456146240234,61.383758544921875
2020-02-11,26.529359817504883,52.67451858520508,20.788818359375,27.581933975219727,76.2575454711914,47.704383850097656,54.149295806884766,32.89304733276367,28.261882781982422,93.77247619628906,61.866294860839844
2020-02-12,26.674335479736328,53.359580993652344,21.068246841430664,27.599655151367188,76.97099304199219,48.22075271606445,54.124019622802734,33.102195739746094,28.282329559326172,93.88941955566406,62.50018310546875
2020-02-13,26.57768440246582,53.36897659301758,21.003177642822266,27.590789794921875,76.53749084472656,48.092838287353516,54.444095611572266,33.30329513549805,28.597257614135742,93.44850158691406,62.391357421875
2020-02-14,26.582077026367188,53.43464660644531,20.892169952392578,27.62624168395996,76.43815612792969,48.30128479003906,54.5704231262207,33.68943405151367,28.78949546813965,93.52047729492188,62.29676055908203
2020-02-18,26.516185760498047,53.79126739501953,20.719919204711914,27.386940002441406,76.0046615600586,48.12126541137695,54.376708984375,33.65724182128906,29.030797958374023,93.18756103515625,62.29203796386719
2020-02-19,26.586475372314453,54.035255432128906,20.99551773071289,27.590789794921875,75.97756958007812,48.6944694519043,54.31774139404297,33.18263626098633,28.715869903564453,93.61951446533203,62.57114791870117
2020-02-20,26.630401611328125,53.48158264160156,20.972557067871094,27.537614822387695,75.86920166015625,48.18758773803711,54.35986328125,33.55268096923828,28.818117141723633,93.01660919189453,62.594791412353516
2020-02-21,26.507400512695312,52.66514205932617,20.723745346069336,27.271717071533203,75.48990631103516,47.107486724853516,54.452510833740234,33.729652404785156,28.76494789123535,93.07057189941406,61.63920974731445
2020-02-24,25.760589599609375,50.90087127685547,19.76679039001465,26.385414123535156,73.34052276611328,45.160465240478516,53.197532653808594,33.27916717529297,28.429576873779297,90.13707733154297,59.51993942260742
2020-02-25,24.64915657043457,49.54013442993164,18.894054412841797,25.4902400970459,70.35126495361328,43.71559524536133,52.23735046386719,32.44256591796875,27.83243179321289,87.40157318115234,57.93046188354492
2020-02-26,24.565689086914062,49.446285247802734,18.32370948791504,25.304115295410156,69.8184585571289,43.91455078125,51.94255065917969,32.16102600097656,27.550216674804688,87.39258575439453,57.471588134765625
2020-02-27,23.414722442626953,47.49433898925781,17.343795776367188,24.22281837463379,67.22657012939453,41.54591751098633,49.82847213745117,30.343008041381836,26.310951232910156,84.423095703125,55.14888000488281
2020-02-28,23.159929275512695,47.63509750366211,17.328481674194336,23.56694984436035,65.99835205078125,41.86331558227539,48.843017578125,29.594898223876953,25.431598663330078,83.33428192138672,54.794097900390625
2020-03-02,24.152753829956055,49.2867546081543,18.028968811035156,24.772327423095703,68.31930541992188,44.2840690612793,51.45404052734375,31.066993713378906,26.928537368774414,87.2396240234375,56.67686080932617
2020-03-03,23.941890716552734,47.66325378417969,17.477764129638672,23.841711044311523,66.6485824584961,42.60234069824219,50.75495147705078,31.042856216430664,26.597248077392578,85.07099151611328,55.304996490478516
2020-03-04,24.934701919555664,49.38059997558594,17.891170501708984,24.63051986694336,69.40300750732422,44.43092346191406,53.24806594848633,32.2495002746582,28.106456756591797,89.97513580322266,57.21614074707031
2020-03-05,24.14396095275879,47.578800201416016,17.236616134643555,23.44287109375,66.00737762451172,43.02869415283203,52.24576187133789,31.509424209594727,27.672922134399414,87.88749694824219,55.08265686035156
2020-03-06,23.515758514404297,46.75297927856445,16.26818084716797,22.64519500732422,65.42941284179688,42.1191291809082,51.83305740356445,30.970462799072266,27.44797134399414,87.4195785522461,54.23589324951172
2020-03-09,21.31486701965332,43.63734817504883,12.991575241088867,20.216705322265625,59.396697998046875,38.92146682739258,49.57577896118164,28.782411575317383,25.955120086669922,82.87537384033203,50.8204231262207
2020-03-10,22.180288314819336,45.8614616394043,13.6078519821167,21.40435791015625,62.47626495361328,41.517486572265625,50.999210357666016,30.182125091552734,26.19643211364746,85.7188949584961,53.630374908447266
2020-03-11,21.125965118408203,43.890750885009766,12.888224601745605,20.243295669555664,58.8096923828125,39.5562629699707,48.4976806640625,28.565223693847656,24.879444122314453,82.4434585571289,50.69743347167969
2020-03-12,19.092002868652344,39.7710075378418,11.280545234680176,18.054109573364258,52.72281265258789,35.69538116455078,43.94103240966797,26.111719131469727,22.368194580078125,76.2885513305664,45.57423400878906
2020-03-13,20.431873321533203,43.34645462036133,12.321709632873535,20.429420471191406,56.8409309387207,39.88312911987305,47.68068313598633,28.404335021972656,23.58701515197754,81.57962036132812,48.39365005493164
2020-03-16,18.182653427124023,38.45719528198242,10.64512825012207,17.62868309020996,50.39283752441406,34.37369155883789,44.446388244628906,23.85932159423828,20.90806007385254,73.53504180908203,42.26283264160156
2020-03-17,19.307262420654297,40.12760543823242,10.717860221862793,18.585895538330078,52.713783264160156,36.713890075683594,48.19447708129883,25.30729103088379,23.582921981811523,78.15121459960938,43.8901481628418
2020-03-18,18.072824478149414,38.79502487182617,9.17908000946045,17.00826644897461,48.83047103881836,35.33060836791992,46.956336975097656,23.529504776000977,22.55633544921875,75.55966186523438,41.36874771118164
2020-03-19,18.534093856811523,39.48946762084961,9.803013801574707,17.38051986694336,48.86659240722656,35.45851135253906,45.38972473144531,23.15947151184082,21.24344825744629,74.01194763183594,42.811588287353516
2020-03-20,17.870746612548828,37.74397659301758,9.898710250854492,16.760099411010742,46.419193267822266,33.83363342285156,42.450218200683594,21.848251342773438,19.558366775512695,71.16844177246094,41.539058685302734
2020-03-23,16.959741592407227,37.94441604614258,9.22402572631836,15.784931182861328,44.38600540161133,33.52458190917969,41.1939811706543,20.63418960571289,18.56032943725586,67.47205352783203,41.607513427734375
2020-03-24,18.954225540161133,40.2783088684082,10.703317642211914,17.742412567138672,50.00138473510742,36.957984924316406,43.294761657714844,22.433401107788086,20.555572509765625,72.6712417602539,45.51015090942383
2020-03-25,19.39646339416504,39.657196044921875,11.208152770996094,18.225072860717773,52.6316032409668,36.91035079956055,43.17616653442383,23.430265426635742,21.080202102661133,73.63874053955078,46.30874252319336
2020-03-26,20.307458877563477,41.91578674316406,11.8930082321167,19.369173049926758,55.95349884033203,39.196136474609375,45.539554595947266,25.229469299316406,22.87717056274414,78.530517578125,48.22439956665039
2020-03-27,19.573354721069336,40.24067306518555,11.086834907531738,18.77924919128418,53.596317291259766,37.424659729003906,45.327781677246094,25.2943058013916,23.0010929107666,76.84867858886719,46.60821533203125
2020-03-30,20.196908950805664,41.7087516784668,11.200325012207031,19.13677978515625,54.37901306152344,39.00088882446289,47.09818649291992,25.950773239135742,23.852067947387695,80.44743347167969,47.582672119140625
2020-03-31,19.918304443359375,41.633460998535156,11.372518539428711,18.609426498413086,53.70551681518555,38.272300720214844,46.140987396240234,25.124116897583008,22.889554977416992,80.09479522705078,46.622467041015625
2020-04-01,19.020565032958984,39.97716522216797,10.808978080749512,17.474262237548828,51.28463363647461,36.44845962524414,45.361671447753906,23.600460052490234,21.513954162597656,77.047607421875,44.54042434692383
2020-04-02,19.308012008666992,40.4853401184082,11.799083709716797,17.91223907470703,51.967220306396484,37.300846099853516,46.52218246459961,23.94895362854004,22.187297821044922,79.1815414428711,44.7067985534668
2020-04-03,18.84366798400879,39.66660690307617,11.673852920532227,17.55470848083496,51.275535583496094,36.72465515136719,46.88642883300781,23.746337890625,21.39415740966797,78.46720886230469,43.927215576171875
2020-04-06,20.245555877685547,42.282814025878906,12.292181015014648,18.81499671936035,54.824954986572266,39.85805130004883,48.631431579589844,25.46450424194336,23.046533584594727,82.58136749267578,47.582672119140625
2020-04-07,20.785079956054688,42.59335708618164,12.5543851852417,19.00270652770996,54.69755172729492,39.50090026855469,48.072357177734375,25.472610473632812,22.757366180419922,81.9031982421875,48.290950775146484
2020-04-08,21.802223205566406,43.5062141418457,13.391863822937012,19.83396339416504,56.68158721923828,40.56283950805664,48.78390884399414,27.38528060913086,23.99664878845215,85.2759017944336,49.812076568603516
2020-04-09,22.739761352539062,43.8261833190918,13.270547866821289,20.89760971069336,57.537086486816406,40.572349548339844,49.241336822509766,28.79547691345215,25.128530502319336,85.74610900878906,50.71049118041992
2020-04-13,22.240036010742188,43.892066955566406,13.227495193481445,20.137863159179688,55.8533821105957,40.662845611572266,48.87709426879883,27.47443389892578,24.33125877380371,84.99560546875,50.69623565673828
2020-04-14,22.527488708496094,45.19074249267578,13.164880752563477,20.227243423461914,56.918209075927734,42.36763381958008,50.95245361328125,28.390249252319336,25.04591178894043,87.8167495727539,52.67845153808594
2020-04-15,21.492660522460938,44.76726150512695,12.546555519104004,19.35129737854004,55.343727111816406,41.44380569458008,50.14772415161133,27.296133041381836,24.2197208404541,87.36463928222656,51.523338317871094
2020-04-16,21.36883544921875,44.946067810058594,12.01041316986084,19.011638641357422,54.85226821899414,41.94858169555664,50.47808837890625,27.117830276489258,24.223857879638672,89.27251434326172,52.14129638671875
2020-04-17,22.226768493652344,45.557777404785156,13.286197662353516,20.01272964477539,57.427879333496094,42.50572967529297,51.24893569946289,27.993127822875977,25.004602432250977,91.12612915039062,53.68143844604492
2020-04-20,21.67840003967285,45.143699645996094,12.87137222290039,19.664134979248047,55.89889907836914,41.82476806640625,50.240901947021484,26.95574188232422,24.058616638183594,90.40277099609375,52.74500274658203
2020-04-21,21.143295288085938,43.722652435302734,12.644393920898438,19.02952003479004,54.57923889160156,40.072349548339844,49.1735725402832,26.558618545532227,23.66204071044922,87.65396881103516,51.37598419189453
2020-04-22,21.55899429321289,44.89901351928711,13.094439506530762,19.23509979248047,55.15260696411133,41.615238189697266,49.6479377746582,27.020580291748047,24.351911544799805,88.99219512939453,52.48356628417969
2020-04-23,21.709352493286133,45.218994140625,13.517094612121582,19.154659271240234,55.58945846557617,41.32951736450195,49.20744323730469,26.712604522705078,23.942951202392578,89.48046112060547,52.46928787231445
2020-04-24,22.049875259399414,45.79304504394531,13.548401832580566,19.431737899780273,56.035404205322266,42.20573425292969,49.73265075683594,26.809864044189453,24.091665267944336,90.68306732177734,53.358192443847656
2020-04-27,22.63804817199707,46.16947937011719,13.841910362243652,20.093170166015625,57.427879333496094,42.567630767822266,49.876651763916016,27.5878963470459,24.343645095825195,91.8495101928711,54.356441497802734
2020-04-28,23.05817222595215,45.3319091796875,14.15889835357666,20.307689666748047,58.501792907714844,42.0009651184082,50.156192779541016,27.612211227416992,24.43453025817871,89.99588012695312,54.57034683227539
2020-04-29,23.646350860595703,47.52463912963867,15.207709312438965,20.89760971069336,59.621238708496094,43.724822998046875,49.944419860839844,27.68515396118164,24.211458206176758,90.59265899658203,55.77299118041992
2020-04-30,22.94319725036621,47.317604064941406,14.8711519241333,20.370254516601562,58.43809509277344,43.529571533203125,49.3514518737793,27.490642547607422,23.653779983520508,90.17675018310547,55.42597198486328
2020-05-01,22.461158752441406,46.658843994140625,14.029756546020508,19.717763900756836,56.672481536865234,42.33430099487305,48.8093147277832,26.64777183532715,23.083709716796875,88.45873260498047,53.35344696044922
2020-05-04,22.540760040283203,46.93174743652344,14.515029907226562,19.53900146484375,55.95349884033203,42.89622497558594,48.78390884399414,26.631561279296875,23.25720977783203,88.41351318359375,53.643402099609375
2020-05-05,22.598247528076172,47.17643356323242,14.526764869689941,19.476430892944336,56.171932220458984,43.48671340942383,48.82626724243164,26.801753997802734,23.44723129272461,90.33043670654297,53.83830261230469
2020-05-06,22.209083557128906,47.044677734375,14.147164344787598,19.056333541870117,55.39833450317383,43.82481002807617,48.292598724365234,26.307374954223633,22.64996337890625,89.43526458740234,53.82878875732422
2020-05-07,22.664587020874023,47.92930221557617,14.515029907226562,19.50324249267578,56.04450988769531,44.48198318481445,48.15705108642578,26.54240608215332,22.7408447265625,89.42622375488281,54.674922943115234
2020-05-08,23.208534240722656,48.80450439453125,15.176401138305664,19.923343658447266,57.436981201171875,45.134361267089844,49.23286056518555,27.028688430786133,23.19937515258789,89.88738250732422,55.739707946777344
2020-05-11,22.854745864868164,48.83273696899414,14.910286903381348,19.53900146484375,56.71800231933594,45.43437576293945,49.165096282958984,26.70450210571289,23.100231170654297,91.4335708618164,55.616119384765625
2020-05-12,22.50537872314453,47.88224411010742,14.648086547851562,19.02952003479004,55.12529754638672,44.496253967285156,48.750022888183594,25.56985855102539,22.89781951904297,90.04109191894531,54.39921188354492
2020-05-13,22.03218650817871,47.063507080078125,13.982795715332031,18.46640968322754,53.74192810058594,43.729576110839844,48.30953598022461,25.164640426635742,22.70366859436035,89.06454467773438,53.4627799987793
2020-05-14,22.30194854736328,47.571693420410156,14.139330863952637,18.940135955810547,54.30620193481445,44.28672790527344,48.190948486328125,25.19705581665039,22.9473876953125,90.04109191894531,54.26136779785156
2020-05-15,22.49653434753418,48.23044204711914,14.084546089172363,18.81499671936035,54.115074157714844,44.51053237915039,48.61448669433594,25.1079044342041,22.641704559326172,90.80060577392578,54.893585205078125
2020-05-18,23.522523880004883,49.246822357177734,15.235105514526367,19.780332565307617,57.68270492553711,45.60104751586914,49.38534164428711,26.331689834594727,23.571165084838867,91.55111694335938,56.97087097167969
2020-05-19,23.29698371887207,49.237403869628906,14.808533668518066,19.297670364379883,56.94552230834961,45.43437576293945,48.478946685791016,25.821102142333984,23.182851791381836,90.4479751586914,56.766475677490234
2020-05-20,23.6684627532959,50.60197830200195,15.399467468261719,19.726703643798828,58.010337829589844,46.42964172363281,49.05497741699219,26.064241409301758,23.310916900634766,90.55648803710938,57.508026123046875
2020-05-21,23.442916870117188,50.244354248046875,15.152923583984375,19.664134979248047,58.14685821533203,45.7819938659668,48.51284408569336,25.934572219848633,23.075450897216797,89.88738250732422,57.71242141723633
2020-05-22,23.407543182373047,50.545501708984375,15.05899715423584,19.59263038635254,58.10135269165039,45.94866180419922,48.682254791259766,26.50188636779785,23.331565856933594,90.07726287841797,57.626861572265625
2020-05-26,24.048784255981445,50.686676025390625,15.477739334106445,20.611587524414062,60.54043960571289,45.90105438232422,48.94485855102539,27.344762802124023,23.484418869018555,89.91449737548828,58.539527893066406
2020-05-27,24.292016983032227,51.044281005859375,15.677323341369629,21.505413055419922,62.56088638305664,46.162960052490234,49.68182373046875,27.928287506103516,23.765317916870117,90.84584045410156,59.54252243041992
2020-05-28,24.51755714416504,50.564327239990234,15.239017486572266,21.16575813293457,61.96931838989258,46.07247543334961,50.122318267822266,28.244361877441406,24.46757698059082,92.03034210205078,58.81998825073242
2020-05-29,24.52197265625,50.83724594116211,15.16857624053955,20.924427032470703,61.58708572387695,46.65345001220703,50.17313003540039,28.08226776123047,24.657602310180664,93.14251708984375,59.03390121459961
2020-06-01,24.69002342224121,51.42070770263672,15.43468952178955,21.16575813293457,61.72359085083008,46.63916015625,50.52043533325195,28.64149284362793,24.95090103149414,92.22023010253906,59.594810485839844
2020-06-02,25.136680603027344,51.62775421142578,15.8651704788208,21.335588455200195,62.524478912353516,47.077266693115234,50.65597915649414,28.827896118164062,25.11200523376465,92.75371551513672,60.103431701660156
2020-06-03,25.70716667175293,51.787742614746094,16.33087158203125,22.13109016418457,64.96357727050781,47.443946838378906,50.72373962402344,29.51677894592285,25.41356658935547,92.57286071777344,61.239524841308594
2020-06-04,25.800033569335938,51.401893615722656,16.33478355407715,22.613752365112305,65.65525817871094,47.05345153808594,50.47808837890625,28.965679168701172,24.959157943725586,91.84044647216797,60.9305419921875
2020-06-05,26.458972930908203,52.23945617675781,17.54796028137207,23.453947067260742,68.06706237792969,48.29158401489258,51.18116760253906,30.02736473083496,25.27724266052246,93.32337188720703,62.38988494873047
2020-06-08,26.49435043334961,53.21818542480469,18.33847999572754,23.900869369506836,69.43221282958984,48.534446716308594,51.731781005859375,30.683826446533203,25.9547176361084,93.96533966064453,63.340579986572266
2020-06-09,26.171518325805664,53.086429595947266,17.649703979492188,23.391387939453125,67.7030029296875,48.76301574707031,51.308231353759766,30.327238082885742,25.43421745300293,92.98881530761719,62.846214294433594
2020-06-10,25.87521743774414,52.92644500732422,16.78091812133789,22.515430450439453,66.08301544189453,49.577327728271484,51.16423034667969,29.759923934936523,25.285505294799805,92.84412384033203,62.25677490234375
2020-06-11,23.876314163208008,50.489036560058594,15.199881553649902,20.67415428161621,61.44146728515625,46.73440170288086,49.22439956665039,27.92018699645996,24.298208236694336,87.68109893798828,58.99586868286133
2020-06-12,24.340656280517578,50.93135452270508,15.583401679992676,21.299827575683594,62.63369369506836,47.33917999267578,49.23286056518555,28.803585052490234,24.236242294311523,88.250732421875,59.58055114746094
2020-06-15,24.597152709960938,51.75010299682617,15.630366325378418,21.59479331970215,63.252559661865234,47.79633712768555,49.800411224365234,29.168292999267578,24.401485443115234,88.44969940185547,60.146217346191406
2020-06-16,25.11014747619629,52.173580169677734,16.080408096313477,21.9344482421875,64.49031066894531,48.81539535522461,50.57973861694336,29.654556274414062,24.513017654418945,90.62882232666016,61.41065216064453
2020-06-17,24.90229606628418,52.23945617675781,15.532523155212402,21.603734970092773,64.02617645263672,48.80587387084961,50.50349426269531,29.306068420410156,24.438663482666016,90.53839111328125,61.2490348815918
2020-06-18,24.919986724853516,52.408843994140625,15.724283218383789,21.576923370361328,63.7895393371582,49.02493667602539,50.7661018371582,28.941362380981445,24.43453025817871,90.23096466064453,61.025611877441406
2020-06-19,24.844804763793945,52.26769256591797,15.485565185546875,21.43390655517578,63.00685119628906,48.68683624267578,50.50349426269531,28.649585723876953,23.748796463012695,91.09900665283203,60.55026626586914
2020-06-22,24.93685531616211,52.38273620605469,15.557311058044434,21.327760696411133,63.112884521484375,49.6041259765625,50.35922622680664,28.567934036254883,23.980390548706055,90.74944305419922,61.17251968383789
2020-06-23,24.994659423828125,52.72220230102539,15.573156356811523,21.42671012878418,63.12202453613281,49.96226501464844,50.28239440917969,28.46175193786621,23.738794326782227,91.13986206054688,61.653743743896484
2020-06-24,24.265409469604492,51.5340576171875,14.709089279174805,20.671106338500977,60.92806625366211,48.835330963134766,49.43724060058594,27.734899520874023,23.522199630737305,88.76080322265625,60.29583740234375
2020-06-25,24.567779541015625,51.76036071777344,14.990504264831543,21.21982192993164,61.60453796386719,49.460880279541016,49.78725051879883,28.028905868530273,23.23061180114746,89.63251495361328,60.3768310546875
2020-06-26,24.229835510253906,49.47834014892578,14.47126293182373,20.311294555664062,60.461849212646484,48.486751556396484,48.771358489990234,27.547060012817383,22.98485565185547,88.54287719726562,58.96174621582031
2020-06-29,24.7011775970459,50.39303970336914,14.665486335754395,20.536182403564453,62.4455451965332,49.01679992675781,49.6933479309082,28.020742416381836,23.41806411743164,89.34196472167969,60.08143997192383
2020-06-30,25.05691146850586,50.958831787109375,15.002395629882812,20.815032958984375,62.802066802978516,49.89542007446289,50.060420989990234,28.429088592529297,23.505535125732422,90.86744689941406,60.84852600097656
2020-07-01,25.110273361206055,52.2224235534668,14.637743949890137,20.635128021240234,62.518680572509766,49.976593017578125,50.103118896484375,29.20494270324707,24.055370330810547,91.56663513183594,61.46316909790039
2020-07-02,25.581619262695312,52.05268478393555,14.800251960754395,20.662107467651367,63.058040618896484,50.26787567138672,50.35922622680664,29.1069393157959,24.117855072021484,92.25675201416016,61.70615005493164
2020-07-06,25.946243286132812,53.099395751953125,14.843851089477539,21.057903289794922,63.96304702758789,51.14649963378906,50.606788635253906,29.13960838317871,23.822105407714844,93.19202423095703,63.168888092041016
2020-07-07,25.95513153076172,52.948524475097656,14.372176170349121,20.62613296508789,62.73808670043945,50.61168670654297,51.06779098510742,28.665924072265625,23.726303100585938,92.38390350341797,62.17784881591797
2020-07-08,25.58606719970703,53.420013427734375,14.360285758972168,20.842016220092773,62.73808670043945,51.43778991699219,50.939735412597656,28.64958953857422,23.938737869262695,92.3929672241211,62.84013748168945
2020-07-09,25.345945358276367,53.486019134521484,13.650792121887207,20.401247024536133,61.37599182128906,51.62401580810547,50.538516998291016,28.551589965820312,23.618000030517578,91.66654205322266,62.76865005493164
2020-07-10,25.786165237426758,54.4101448059082,14.086799621582031,21.102888107299805,62.17131042480469,51.60969543457031,51.469024658203125,28.584259033203125,24.063705444335938,91.44860076904297,63.51670455932617
2020-07-13,25.786165237426758,53.316287994384766,14.011486053466797,21.192838668823242,62.427276611328125,50.54005813598633,51.392189025878906,28.135087966918945,24.088699340820312,91.96617889404297,62.71147537231445
2020-07-14,26.435373306274414,53.84435272216797,14.502978324890137,21.30078125,63.78020477294922,51.122623443603516,52.14344787597656,28.412757873535156,24.313629150390625,93.7913589477539,63.33563232421875
2020-07-15,26.88004493713379,54.164974212646484,14.816104888916016,21.72355079650879,65.40740966796875,51.39958953857422,52.186126708984375,28.54343032836914,24.21782112121582,95.00811767578125,64.24092864990234
2020-07-16,26.96897315979004,54.25926971435547,14.748719215393066,21.72355079650879,65.42569732666016,50.764495849609375,52.297096252441406,28.20857810974121,24.526063919067383,94.85375213623047,64.06938171386719
2020-07-17,27.195756912231445,54.13668441772461,14.542612075805664,21.54364585876465,65.8187484741211,51.01280212402344,52.578819274902344,28.600595474243164,25.08006477355957,96.15223693847656,63.76921463012695
2020-07-20,26.9600830078125,54.78733825683594,14.30083179473877,21.444700241088867,65.01432037353516,52.31640625,52.04953384399414,28.331083297729492,24.750993728637695,96.13407897949219,64.7888412475586
2020-07-21,27.195756912231445,54.523292541503906,15.164904594421387,21.867477416992188,65.87364959716797,51.79114532470703,52.501991271972656,28.33925437927246,24.86346435546875,96.0705337524414,64.88890838623047
2020-07-22,27.511470794677734,54.57987976074219,14.978614807128906,21.867477416992188,66.40381622314453,52.20659255981445,52.92030715942383,28.682254791259766,25.246688842773438,96.93315887451172,65.44635772705078
2020-07-23,27.426982879638672,53.6934700012207,14.950868606567383,21.885467529296875,66.20270538330078,50.85044479370117,53.10810852050781,28.535253524780273,25.275840759277344,96.49727630615234,64.46483612060547
2020-07-24,27.333599090576172,53.608619689941406,14.867630004882812,21.831493377685547,65.6725082397461,50.23443603515625,53.039817810058594,28.420917510986328,25.109224319458008,95.43488311767578,64.57918548583984
2020-07-27,27.72935676574707,53.976375579833984,14.883487701416016,21.651588439941406,65.94673156738281,51.027122497558594,53.30446243286133,28.755769729614258,24.805145263671875,96.15223693847656,64.97943115234375
2020-07-28,27.120166778564453,53.420013427734375,14.629814147949219,21.597620010375977,65.48967742919922,50.43023681640625,53.50080871582031,29.335613250732422,25.180036544799805,96.04325866699219,64.3362045288086
2020-07-29,27.34248924255371,53.91035842895508,14.935016632080078,22.002408981323242,66.486083984375,51.16083526611328,53.577640533447266,29.890960693359375,25.296672821044922,97.05120849609375,64.98896026611328
2020-07-30,26.813343048095703,54.06125259399414,14.348396301269531,21.606616973876953,65.8187484741211,51.447330474853516,53.577640533447266,29.64596176147461,25.296672821044922,96.37926483154297,64.93653106689453
2020-07-31,26.840024948120117,54.81562805175781,14.281010627746582,21.61560821533203,65.57196044921875,52.73184585571289,53.52642822265625,29.61328887939453,25.338319778442383,95.82534790039062,65.27482604980469
2020-08-03,26.68883514404297,54.86278533935547,14.332539558410645,21.678579330444336,65.84619903564453,54.03068161010742,53.38129425048828,29.13960838317871,25.06340217590332,96.81510925292969,65.13665008544922
2020-08-04,27.066801071166992,55.211669921875,14.681341171264648,21.588626861572266,66.01074981689453,54.16916275024414,54.04718017578125,29.57245635986328,25.338319778442383,96.38836669921875,65.66077423095703
2020-08-05,27.462553024291992,55.12680435180664,14.835925102233887,21.885467529296875,67.27226257324219,54.369712829589844,53.93618392944336,29.35194969177246,25.01342010498047,96.83326721191406,66.46121978759766
2020-08-06,27.346946716308594,56.579017639160156,14.717018127441406,21.876474380493164,67.5282211303711,55.133750915527344,53.92763900756836,29.40911293029785,25.159212112426758,96.31568145751953,66.78520965576172
2020-08-07,27.440326690673828,56.51300048828125,14.736830711364746,22.344228744506836,68.68006896972656,54.31241989135742,54.2179069519043,29.80929946899414,25.613239288330078,96.62442016601562,66.88524627685547
2020-08-10,27.70711898803711,56.324405670166016,15.19265079498291,22.50613784790039,70.3712158203125,54.15960693359375,54.4996337890625,29.760292053222656,25.60491371154785,96.29754638671875,67.6856918334961
2020-08-11,27.6582088470459,55.48514175415039,15.14112377166748,22.767005920410156,70.74602508544922,53.18548583984375,54.124000549316406,29.188613891601562,25.0509090423584,95.68915557861328,67.55232238769531
2020-08-12,27.822729110717773,56.145233154296875,15.29174518585205,22.70403480529785,70.97457122802734,54.39360427856445,54.82402801513672,29.556119918823242,25.413297653198242,97.29637908935547,68.44805145263672
2020-08-13,27.818286895751953,56.428123474121094,14.99446964263916,22.560110092163086,70.59976196289062,54.4174690246582,54.78133773803711,29.213111877441406,25.371639251708984,97.16926574707031,68.4194564819336
2020-08-14,27.849414825439453,56.418704986572266,15.13715934753418,22.65006446838379,70.87403106689453,54.3792724609375,54.7728157043457,29.286609649658203,25.15087890625,96.97854614257812,68.41470336914062
2020-08-17,27.973918914794922,56.484718322753906,15.04996109008789,22.27227020263672,70.54490661621094,54.74217987060547,55.08013916015625,29.547956466674805,25.117555618286133,97.55062103271484,69.29615020751953
2020-08-18,27.858308792114258,56.9939079284668,14.85970687866211,22.12834358215332,70.16098022460938,54.947513580322266,55.30209732055664,29.515283584594727,25.00508689880371,97.52337646484375,69.72496032714844
2020-08-19,27.778268814086914,56.8336067199707,14.689269065856934,22.119342803955078,69.9781265258789,54.88066101074219,54.866722106933594,28.910930633544922,24.93010711669922,97.20558166503906,69.39618682861328
2020-08-20,27.680442810058594,57.54085922241211,14.372176170349121,21.91245460510254,69.60333251953125,55.611263275146484,54.7557258605957,29.221275329589844,24.709339141845703,96.89684295654297,69.2913818359375
2020-08-21,27.52035903930664,57.286251068115234,14.281010627746582,21.867477416992188,69.88673400878906,56.31797409057617,54.892330169677734,29.319276809692383,24.750993728637695,96.9967269897461,69.64874267578125
2020-08-24,28.00504493713379,57.98405075073242,14.673415184020996,22.389202117919922,71.14824676513672,56.8050422668457,55.36185836791992,29.36011505126953,24.96759796142578,96.55178833007812,70.70645904541016
2020-08-25,27.893882751464844,58.530982971191406,14.467307090759277,22.45216941833496,71.05684661865234,57.091552734375,55.24233627319336,29.449960708618164,24.73016929626465,97.20558166503906,70.93992614746094
2020-08-26,28.18735694885254,60.53010177612305,14.162101745605469,22.344228744506836,71.09337615966797,58.251895904541016,55.310630798339844,29.245784759521484,24.45524787902832,97.08751678466797,71.64031219482422
2020-08-27,28.111766815185547,59.79457473754883,14.189848899841309,22.722028732299805,71.34938049316406,58.299652099609375,55.65210723876953,29.637800216674805,24.534391403198242,97.85028839111328,71.25440979003906
2020-08-28,28.445268630981445,59.936031341552734,14.443521499633789,22.81197738647461,72.02583312988281,58.810604095458984,56.14725112915039,29.866474151611328,24.605209350585938,98.0682144165039,71.72130584716797
2020-08-31,28.00949478149414,59.65312576293945,14.130395889282227,22.5421199798584,71.12995910644531,58.996826171875,55.98503875732422,29.60512351989746,24.680185317993164,98.30430603027344,71.51166534423828
2020-09-01,28.796552658081055,60.143489837646484,14.035268783569336,22.605083465576172,71.85213470458984,60.12375259399414,56.0448112487793,29.556119918823242,24.396936416625977,97.42350769042969,72.25968933105469
2020-09-02,29.450214385986328,61.42594528198242,13.967885971069336,22.928922653198242,73.04053497314453,60.658573150634766,57.06070327758789,30.21763801574707,25.155040740966797,99.37578582763672,73.26025390625
2020-09-03,28.636472702026367,59.34194564819336,13.86483097076416,22.578105926513672,70.99285888671875,57.20137023925781,56.07895278930664,29.711294174194336,24.871793746948242,96.66980743408203,70.9351577758789
2020-09-04,28.654258728027344,58.25751876831055,13.82122802734375,22.74901580810547,71.15737915039062,56.403934478759766,55.95090103149414,29.60512351989746,24.73016929626465,95.9797134399414,70.11563873291016
2020-09-08,28.1162109375,56.72045135498047,13.317848205566406,22.164323806762695,69.8227310180664,53.854000091552734,54.7728157043457,29.229442596435547,24.592708587646484,94.39972686767578,69.1960678100586
2020-09-09,28.84101104736328,57.3994026184082,13.40900993347168,22.389202117919922,70.90142059326172,55.611263275146484,55.566734313964844,29.547956466674805,24.917612075805664,96.0705337524414,70.50159454345703
2020-09-10,28.569774627685547,56.55072784423828,12.917518615722656,22.07436752319336,69.99642944335938,54.35539245605469,54.883785247802734,29.13143539428711,24.48858070373535,94.5994873046875,69.49149322509766
2020-09-11,28.93439483642578,56.37154769897461,12.929410934448242,22.22728729248047,70.9471435546875,53.93995666503906,55.19111251831055,29.03343391418457,24.546886444091797,94.9718017578125,69.59630584716797
2020-09-14,29.352378845214844,56.588436126708984,13.0285005569458,22.533124923706055,71.9070053100586,55.07167434692383,55.54966354370117,29.743961334228516,24.88429069519043,96.33386993408203,70.33482360839844
2020-09-15,29.494670867919922,57.597434997558594,12.933375358581543,22.22728729248047,71.95271301269531,55.61603546142578,55.47283935546875,30.135974884033203,25.0509090423584,96.46098327636719,70.91134643554688
2020-09-16,29.516904830932617,56.975059509277344,13.452607154846191,22.47916030883789,72.68402862548828,54.756500244140625,55.22526168823242,30.33197784423828,25.0175838470459,96.29754638671875,70.515869140625
2020-09-17,29.734792709350586,55.9283561706543,13.472430229187012,22.245275497436523,72.8302993774414,54.3028678894043,54.87525177001953,29.662296295166016,24.813478469848633,95.9797134399414,69.52482604980469
2020-09-18,29.22342872619629,55.39085006713867,13.321809768676758,22.20030403137207,72.01668548583984,53.366947174072266,54.371578216552734,29.074277877807617,24.376108169555664,95.83444213867188,68.55765533447266
2020-09-21,28.239662170410156,54.742576599121094,12.880248069763184,21.644052505493164,69.62609100341797,53.810569763183594,53.956790924072266,28.29621124267578,24.224437713623047,94.06401824951172,67.56735229492188
2020-09-22,28.29327964782715,55.80096435546875,12.747295379638672,21.46315574645996,70.31436920166016,54.66242599487305,54.2745361328125,28.633068084716797,24.375686645507812,93.86345672607422,68.9949722290039
2020-09-23,27.462305068969727,54.46855545043945,12.171171188354492,20.983789443969727,69.0571060180664,52.95871353149414,53.45869445800781,27.811460494995117,24.00177574157715,92.89710998535156,67.86338806152344
2020-09-24,27.658876419067383,54.5724983215332,12.167140007019043,21.029003143310547,69.15804290771484,53.255428314208984,53.853736877441406,27.94291877746582,24.270658493041992,92.43215942382812,67.8347396850586
2020-09-25,27.90459442138672,55.30013656616211,12.159086227416992,21.246084213256836,70.1950454711914,54.52842712402344,54.137123107910156,28.48518180847168,24.669776916503906,93.91815948486328,68.71807861328125
2020-09-28,28.355823516845703,56.03720474243164,12.445133209228516,21.752586364746094,71.46149444580078,55.571712493896484,54.74685287475586,28.9781436920166,24.732791900634766,94.76598358154297,70.15525817871094
2020-09-29,28.145845413208008,56.09391784667969,12.102680206298828,21.481245040893555,70.8282699584961,55.385074615478516,54.386173248291016,28.83026695251465,24.724388122558594,94.64746856689453,69.61093139648438
2020-09-30,28.43177032470703,56.13172149658203,12.06641960144043,21.770675659179688,70.64473724365234,55.84929275512695,55.04742431640625,28.9781436920166,24.947057723999023,96.16080474853516,70.17913055419922
2020-10-01,28.029691696166992,56.9349479675293,11.695764541625977,21.80685806274414,70.43366241455078,56.43793487548828,55.35658645629883,29.45467758178711,25.199134826660156,95.8326187133789,71.09587097167969
2020-10-02,28.279870986938477,55.81041717529297,11.808573722839355,21.978708267211914,71.222900390625,55.00700759887695,55.04742431640625,29.931217193603516,25.497421264648438,94.95743560791016,70.7950668334961
2020-10-05,28.820453643798828,56.72704315185547,12.163110733032227,22.340497970581055,72.3700180053711,56.2130126953125,55.41669845581055,30.095531463623047,25.816720962524414,96.90837097167969,71.73092651367188
2020-10-06,28.458580017089844,55.536373138427734,11.98181438446045,22.1143798828125,71.48900604248047,55.342010498046875,55.05601119995117,29.840839385986328,26.035188674926758,95.62293243408203,70.4035415649414
2020-10-07,29.19126319885254,55.942726135253906,12.151023864746094,22.485212326049805,73.06745910644531,56.35657501220703,55.64857864379883,29.922998428344727,26.194828033447266,97.4280014038086,72.01261901855469
2020-10-08,29.486129760742188,56.67036056518555,12.606287956237793,22.792734146118164,73.7924575805664,56.64850997924805,56.017845153808594,30.424175262451172,26.673770904541016,97.90204620361328,72.4853286743164
2020-10-09,29.713970184326172,57.01055145263672,12.404842376708984,22.819869995117188,74.06775665283203,57.51472091674805,56.455814361572266,30.34201431274414,26.669570922851562,98.78636169433594,73.23974609375
2020-10-12,29.664817810058594,58.5130500793457,12.437074661254883,23.0731201171875,74.48991394042969,59.08443832397461,57.108489990234375,30.498125076293945,26.837627410888672,99.46098327636719,74.21377563476562
2020-10-13,29.4012393951416,58.569759368896484,12.243688583374023,22.629924774169922,73.66398620605469,58.706363677978516,57.06553649902344,29.98050308227539,26.65276336669922,98.70430755615234,74.19947052001953
2020-10-14,29.486129760742188,57.87047576904297,12.296063423156738,22.412857055664062,74.07694244384766,58.39529800415039,56.7735710144043,29.63543128967285,26.61916160583496,98.12997436523438,73.37820434570312
2020-10-15,29.4012393951416,57.42633056640625,12.445133209228516,22.584707260131836,74.34307861328125,58.13208770751953,56.80790710449219,29.775114059448242,26.60235595703125,97.41888427734375,73.65035247802734
2020-10-16,29.606748580932617,57.43577575683594,12.163110733032227,22.602792739868164,74.88451385498047,57.9645881652832,56.8250846862793,29.668296813964844,26.888036727905273,98.38522338867188,72.98191833496094
2020-10-19,29.262746810913086,56.405757904052734,11.905265808105469,22.25909423828125,73.95763397216797,56.90214538574219,56.08654022216797,29.19998550415039,26.661170959472656,96.82630920410156,72.08424377441406
2020-10-20,29.329755783081055,56.812095642089844,12.046272277832031,22.439985275268555,74.34307861328125,57.09836196899414,56.026424407958984,29.397167205810547,26.820817947387695,96.95392608642578,72.6620101928711
2020-10-21,29.21807098388672,57.76652526855469,11.816630363464355,22.322406768798828,73.59056091308594,57.0122184753418,56.07795333862305,29.290353775024414,26.7493953704834,96.47076416015625,72.26570129394531
2020-10-22,29.378904342651367,58.1445198059082,12.304119110107422,22.76559829711914,74.19625091552734,56.74422073364258,56.05217742919922,29.0849552154541,27.127511978149414,97.92941284179688,72.41368865966797
2020-10-23,29.486129760742188,58.69260025024414,12.243688583374023,22.83795166015625,74.48991394042969,56.682010650634766,56.15523910522461,29.273921966552734,27.20313262939453,98.29407501220703,73.04873657226562
2020-10-26,28.74896812438965,57.40743637084961,11.804543495178223,22.322406768798828,72.62696075439453,55.45206832885742,55.433876037597656,28.920631408691406,27.194730758666992,97.20008087158203,71.64497375488281
2020-10-27,28.476449966430664,57.77597427368164,11.651449203491211,21.915393829345703,71.03934478759766,55.72964859008789,55.287879943847656,28.55091094970703,27.17372703552246,96.53458404541016,71.61153411865234
2020-10-28,27.67228126525879,55.50802993774414,11.163955688476562,21.354618072509766,68.7083969116211,53.365501403808594,53.67338943481445,27.918270111083984,26.383888244628906,93.47144317626953,69.34832000732422
2020-10-29,28.244136810302734,56.9066047668457,11.506406784057617,21.517427444458008,69.70867919921875,54.255653381347656,53.65621566772461,28.238697052001953,26.455307006835938,92.70565032958984,69.78759765625
2020-10-30,28.226259231567383,55.942726135253906,11.570869445800781,21.580734252929688,69.62609100341797,53.05442810058594,53.46728515625,28.05794906616211,26.207441329956055,92.67831420898438,68.26444244384766
2020-11-02,29.16445541381836,55.91436004638672,11.965696334838867,21.987749099731445,71.50736999511719,53.18842697143555,54.31746292114258,28.748096466064453,26.783004760742188,94.34661865234375,68.7514877319336
2020-11-03,29.620155334472656,56.745941162109375,11.897211074829102,22.476165771484375,73.61809539794922,54.12641906738281,55.210594177246094,29.19998550415039,27.169519424438477,95.72321319580078,70.26506042480469
2020-11-04,29.11530876159668,59.193443298339844,11.913322448730469,22.213865280151367,72.85639190673828,56.23215103149414,55.23635482788086,29.28213882446289,26.762001037597656,99.97149658203125,71.75958251953125
2020-11-05,30.30368995666504,60.33686828613281,11.913322448730469,22.756553649902344,74.57249450683594,57.978939056396484,55.63998794555664,29.38895034790039,27.001476287841797,100.17206573486328,73.15857696533203
2020-11-06,30.37965202331543,60.195125579833984,11.655475616455078,22.57565689086914,74.64591979980469,58.18472671508789,55.89760971069336,29.273921966552734,26.94265365600586,100.20853424072266,72.93893432617188
2020-11-09,31.063186645507812,59.68482208251953,13.319395065307617,24.429828643798828,77.18795776367188,57.76357650756836,55.768798828125,30.046245574951172,27.442602157592773,101.14752960205078,72.7001953125
2020-11-10,31.429529190063477,59.49583435058594,13.750481605529785,24.55645179748535,78.546142578125,56.68678665161133,56.8680305480957,30.210567474365234,27.8375244140625,101.43924713134766,72.4423599243164
2020-11-11,30.96042823791504,60.03446960449219,13.609469413757324,24.456968307495117,77.88541412353516,58.03157043457031,57.35752868652344,30.440608978271484,27.942554473876953,101.31163024902344,73.07738494873047
2020-11-12,30.30816078186035,59.694278717041016,13.170324325561523,24.049949645996094,76.99524688720703,57.51472091674805,57.20294952392578,30.12839698791504,27.493017196655273,100.93785858154297,72.09858703613281
2020-11-13,30.83087158203125,60.58256149291992,13.649759292602539,24.44791603088379,78.7021713256836,58.00285339355469,57.9930305480957,30.818553924560547,27.766101837158203,102.21417236328125,73.26837921142578
2020-11-16,31.43846321105957,60.97000503540039,14.54819393157959,24.9906005859375,80.62015533447266,58.56278610229492,58.52547073364258,31.015731811523438,28.04758644104004,102.04093170166016,74.22813415527344
2020-11-17,31.32230567932129,60.75265121459961,14.697263717651367,24.954423904418945,80.40909576416016,58.23736572265625,58.11325454711914,31.03217124938965,27.497222900390625,101.37544250488281,73.9129638671875
2020-11-18,31.063186645507812,60.1384162902832,14.270204544067383,24.719257354736328,80.05117797851562,57.61521530151367,57.3145866394043,30.5063419342041,26.959461212158203,99.48832702636719,73.40685272216797
2020-11-19,31.19274139404297,60.506954193115234,14.503876686096191,24.800662994384766,80.2530746459961,58.079429626464844,57.46916961669922,30.555635452270508,26.690582275390625,99.41541290283203,73.76974487304688
2020-11-20,31.165939331054688,60.3652229309082,14.427327156066895,24.58359146118164,79.52811431884766,57.48121643066406,57.108489990234375,30.350236892700195,26.694778442382812,99.1875,73.38298034667969
2020-11-23,31.42506217956543,60.39356994628906,15.446630477905273,25.044870376586914,80.85877227783203,57.46686553955078,57.12565612792969,30.25164222717285,26.6989803314209,98.9322280883789,74.18991088867188
2020-11-24,32.20689010620117,61.63148880004883,16.240314483642578,25.92221450805664,82.27201843261719,58.266082763671875,57.512107849121094,30.235212326049805,26.984670639038086,99.22395324707031,75.29287719726562
2020-11-25,31.871822357177734,61.62203598022461,15.861603736877441,25.831764221191406,81.64800262451172,58.390506744384766,57.47775650024414,30.30915069580078,27.056089401245117,98.85928344726562,75.38359832763672
2020-11-27,32.03711700439453,62.0189208984375,15.676276206970215,25.7503604888916,81.51033782958984,58.701568603515625,57.46916961669922,30.25164222717285,26.78721046447754,99.77093505859375,75.54593658447266
2020-11-30,31.715444564819336,61.80158615112305,14.81006908416748,25.216718673706055,80.78535461425781,59.093997955322266,57.4605712890625,29.988727569580078,26.400693893432617,100.04442596435547,75.08757019042969
2020-12-01,32.06391906738281,62.93555450439453,14.878561019897461,25.60564422607422,80.58345031738281,59.85015106201172,57.96726989746094,30.366666793823242,26.58554458618164,100.8831558227539,75.6462173461914
2020-12-02,31.65290069580078,63.52144241333008,15.362028121948242,25.886028289794922,80.6935806274414,59.75921630859375,57.486351013183594,30.046245574951172,26.762001037597656,101.63982391357422,75.17349243164062
2020-12-03,31.43400001525879,63.23794174194336,15.523176193237305,25.89507484436035,80.90464782714844,59.7209358215332,57.63234329223633,30.268070220947266,26.484716415405273,101.51219177246094,75.38359832763672
2020-12-04,32.06839370727539,63.294654846191406,16.36924171447754,26.21164321899414,81.86822509765625,60.31915283203125,58.07890701293945,30.67066764831543,26.220035552978516,102.59705352783203,75.45520782470703
2020-12-07,31.858413696289062,63.69153594970703,15.986498832702637,26.03074836730957,81.4736328125,60.49142837524414,57.855613708496094,30.366666793823242,26.367084503173828,101.9680404663086,75.28334045410156
2020-12-08,32.03711700439453,63.59703063964844,16.224199295043945,26.02170181274414,81.86822509765625,60.687644958496094,58.17336654663086,30.226999282836914,26.287260055541992,102.742919921875,75.12579345703125
2020-12-09,32.05499267578125,62.841060638427734,16.26045799255371,25.958391189575195,82.05178833007812,59.524715423583984,57.941505432128906,29.947643280029297,26.241046905517578,102.38735961914062,75.05414581298828
2020-12-10,31.858413696289062,62.87886428833008,16.760032653808594,26.003612518310547,81.27174377441406,59.610862731933594,57.68385696411133,29.783321380615234,26.10660171508789,102.21417236328125,74.98729705810547
2020-12-11,31.67524528503418,63.256858825683594,16.566652297973633,25.741315841674805,81.4644546508789,59.48644256591797,57.81267547607422,29.79975700378418,26.14861488342285,101.81303405761719,74.62918090820312
2020-12-14,31.273160934448242,63.05840301513672,15.986498832702637,25.442838668823242,80.40909576416016,59.70179748535156,57.58939743041992,29.586130142211914,26.014177322387695,101.04724884033203,74.739013671875
2020-12-15,31.84054946899414,63.5781364440918,16.30074119567871,25.876991271972656,81.52869415283203,60.69722366333008,57.72679901123047,30.103755950927734,26.5267333984375,102.14122772216797,75.7464828491211
2020-12-16,31.75119400024414,63.52144241333008,16.220170974731445,25.92221450805664,81.02393341064453,61.108795166015625,57.83844757080078,30.11197280883789,26.220035552978516,101.84039306640625,76.24303436279297
2020-12-17,32.11753463745117,63.36078643798828,16.14362144470215,25.994564056396484,81.51953125,61.59214782714844,58.207706451416016,30.46526527404785,26.39649200439453,102.93437957763672,76.76351928710938
2020-12-18,32.26050567626953,63.41749954223633,15.873690605163574,25.768451690673828,81.52869415283203,61.376792907714844,58.33653259277344,29.939424514770508,26.16962242126465,103.01641845703125,76.39106750488281
2020-12-21,32.08943176269531,62.87516784667969,15.567484855651855,26.11581039428711,81.03659057617188,61.43818664550781,57.70783615112305,29.669775009155273,25.852712631225586,101.98567962646484,75.52811431884766
2020-12-22,31.891870498657227,62.2883415222168,15.306187629699707,25.861202239990234,80.65880584716797,61.970645904541016,57.300838470458984,29.877836227416992,25.80187225341797,101.6744384765625,75.20284271240234
2020-12-23,31.936771392822266,62.64799118041992,15.645048141479492,26.288585662841797,81.08269500732422,61.500553131103516,57.491363525390625,29.594873428344727,25.751035690307617,101.74765014648438,75.36546325683594
2020-12-24,32.13882064819336,62.71426773071289,15.563399314880371,26.324960708618164,81.09191131591797,61.90827941894531,57.77711868286133,29.886167526245117,25.933216094970703,102.04059600830078,75.52333068847656
2020-12-28,32.01310729980469,63.840576171875,15.465412139892578,26.4522647857666,81.19326782226562,62.60861587524414,58.236087799072266,30.127519607543945,26.047607421875,102.29690551757812,76.38435363769531
2020-12-29,31.936771392822266,63.78377151489258,15.36334228515625,26.361331939697266,80.70488739013672,62.31120300292969,58.06288528442383,29.894485473632812,26.043371200561523,102.78206634521484,76.40827941894531
2020-12-30,32.37678527832031,63.35786819458008,15.604225158691406,26.47954559326172,81.22090148925781,62.27764129638672,58.00227355957031,30.060935974121094,26.174707412719727,102.76376342773438,76.86752319335938
2020-12-31,32.50251388549805,63.868995666503906,15.473579406738281,26.806896209716797,81.5987319946289,62.36878204345703,58.409271240234375,30.42713165283203,26.564491271972656,103.84396362304688,76.91056823730469
2021-01-04,32.19269943237305,62.922489166259766,15.498075485229492,26.44316864013672,79.62670135498047,61.35184860229492,57.77711868286133,29.445068359375,25.895082473754883,103.3953857421875,76.26000213623047
2021-01-05,32.915584564208984,63.149654388427734,16.192142486572266,26.561384201049805,80.41000366210938,61.749977111816406,57.77711868286133,29.411785125732422,25.890846252441406,104.1460189819336,76.82926177978516
2021-01-06,34.2625617980957,62.84678649902344,16.686147689819336,27.73441505432129,82.32670593261719,60.68508529663086,57.8204231262207,29.270294189453125,26.534832000732422,105.57406616210938,77.61376190185547
2021-01-07,34.51847839355469,63.679683685302734,16.931116104125977,28.13451385498047,82.77824401855469,62.32080841064453,57.6472282409668,29.361845016479492,26.187421798706055,106.94717407226562,79.11101531982422
2021-01-08,34.35234832763672,63.878440856933594,16.910701751708984,28.1163272857666,82.57550811767578,62.72376251220703,57.933006286621094,29.678098678588867,26.407730102539062,107.45980834960938,80.74223327636719
2021-01-11,34.35234832763672,62.74264907836914,17.176076889038086,28.207263946533203,82.5478744506836,62.20568084716797,57.439388275146484,29.178754806518555,26.16200065612793,107.9632797241211,79.23538208007812
2021-01-12,34.787872314453125,61.72991943359375,17.77623748779297,28.498245239257812,83.36800384521484,61.90827941894531,57.24888229370117,29.20372772216797,26.022186279296875,106.79156494140625,80.44564056396484
2021-01-13,34.43317413330078,61.94759750366211,17.63743019104004,28.480064392089844,82.64923095703125,62.30161666870117,57.335472106933594,29.60319709777832,26.530595779418945,107.08451080322266,80.44086456298828
2021-01-14,34.31643295288086,61.597412109375,18.16002082824707,28.60736083984375,82.93489837646484,61.75477981567383,57.03239059448242,29.786291122436523,26.428916931152344,106.74581146240234,79.92900848388672
2021-01-15,33.827022552490234,61.7961540222168,17.453710556030273,28.13451385498047,81.85675048828125,61.12158966064453,56.833221435546875,30.24404525756836,26.687360763549805,107.0753402709961,79.31193542480469
2021-01-19,33.94375991821289,62.91301345825195,17.804821014404297,28.207263946533203,82.12399291992188,61.91787338256836,56.58208084106445,30.04429054260254,26.585676193237305,107.88088989257812,79.76158905029297
2021-01-20,34.0560188293457,64.89117431640625,17.870145797729492,28.08904266357422,82.63079833984375,63.145870208740234,56.68599319458008,30.668485641479492,26.742433547973633,108.4759292602539,81.26842498779297
2021-01-21,33.55763244628906,65.12779235839844,17.26590347290039,27.788969039916992,81.98576354980469,63.961341857910156,56.49549865722656,30.5686092376709,26.585676193237305,107.9632797241211,81.64632415771484
2021-01-22,33.39600372314453,65.15619659423828,17.176076889038086,27.58892250061035,81.5618667602539,63.71670913696289,56.34828186035156,30.643516540527344,26.623804092407227,107.64288330078125,81.3688735961914
2021-01-25,33.22089767456055,65.53477478027344,17.000518798828125,27.388866424560547,81.00896453857422,64.2491455078125,56.91114807128906,30.918148040771484,27.157636642456055,108.34776306152344,81.67024993896484
2021-01-26,32.76292419433594,66.42449951171875,16.637157440185547,27.170631408691406,80.26254272460938,64.2923355102539,57.42207717895508,31.234405517578125,26.886484146118164,107.94498443603516,81.61760711669922
2021-01-27,31.797592163085938,64.2759780883789,16.412607192993164,26.37042236328125,78.6683578491211,63.078712463378906,56.452205657958984,30.834928512573242,26.16200065612793,104.66779327392578,79.10144805908203
2021-01-28,32.345359802246094,64.50311279296875,16.604496002197266,26.861461639404297,79.83865356445312,63.33774185180664,56.66869354248047,30.918148040771484,26.475521087646484,106.19656372070312,79.35021209716797
2021-01-29,31.716777801513672,63.30107498168945,16.05332374572754,26.324960708618164,78.11544799804688,61.845909118652344,55.499637603759766,30.59358024597168,26.331466674804688,105.29944610595703,77.49893188476562
2021-02-01,32.08943176269531,64.48419189453125,16.167644500732422,26.670501708984375,78.92638397216797,63.39529800415039,55.551597595214844,31.284343719482422,26.45857048034668,105.70222473144531,79.51284790039062
2021-02-02,32.511478424072266,65.4685287475586,16.343202590942383,27.31612205505371,80.60350036621094,64.25395202636719,55.92395782470703,31.417503356933594,26.67464828491211,106.00431060791016,81.20146942138672
2021-02-03,32.5743522644043,66.34878540039062,17.041351318359375,27.4707088470459,80.65880584716797,64.03329467773438,56.01055908203125,31.292661666870117,26.589908599853516,105.25366973876953,80.74700164794922
2021-02-04,32.45759963989258,66.74628448486328,17.229158401489258,28.0799560546875,81.52500915527344,65.05501556396484,56.41755676269531,31.467439651489258,26.79751205444336,105.69304656982422,81.60806274414062
2021-02-05,33.01435470581055,67.58867645263672,17.37613868713379,28.08904266357422,82.00418853759766,64.91111755371094,56.94578552246094,31.575641632080078,26.94156265258789,105.88530731201172,82.38777923583984
2021-02-08,33.28824234008789,67.85369110107422,18.102861404418945,28.452774047851562,82.70453643798828,65.5922622680664,57.162296295166016,31.642221450805664,26.733963012695312,106.01344299316406,82.85657501220703
2021-02-09,33.04129409790039,68.08084106445312,17.91097640991211,28.461872100830078,82.91646575927734,65.51551055908203,57.11032485961914,31.78370475769043,26.7720947265625,106.1690902709961,82.39735412597656
2021-02-10,33.005374908447266,68.72445678710938,18.253925323486328,28.461872100830078,82.78744506835938,65.41959381103516,57.049705505371094,32.000083923339844,26.878009796142578,106.361328125,81.58412170410156
2021-02-11,33.03681182861328,68.80017852783203,17.972217559814453,28.370943069458008,82.61236572265625,66.13912200927734,56.798580169677734,31.941823959350586,26.725486755371094,106.56270599365234,81.35932159423828
2021-02-12,33.37804412841797,69.09358215332031,18.237590789794922,28.661928176879883,83.21134185791016,66.47967529296875,56.88517379760742,31.933507919311523,26.530595779418945,107.35911560058594,81.47411346435547
2021-02-16,33.315185546875,69.42486572265625,18.694856643676758,29.1529598236084,83.12841033935547,66.26382446289062,56.78126907348633,31.59227752685547,26.23402214050293,106.2972640991211,81.1201171875
2021-02-17,33.29722595214844,69.62361907958984,18.97248649597168,29.298452377319336,82.89804077148438,65.67862701416016,56.98909378051758,31.617250442504883,26.255207061767578,106.68172454833984,81.58891296386719
2021-02-18,33.09069061279297,69.28288269042969,18.54379653930664,29.125680923461914,82.48335266113281,65.35723114013672,56.95445251464844,31.600601196289062,26.41196632385254,106.01344299316406,81.61283111572266
2021-02-19,33.69682693481445,68.60142517089844,18.85408592224121,29.471220016479492,83.83797454833984,65.26127624511719,56.23570251464844,31.70046615600586,26.0179500579834,104.73190307617188,81.13926696777344
2021-02-22,33.827022552490234,68.32693481445312,19.507326126098633,29.744016647338867,84.10518646240234,63.82223129272461,56.287662506103516,31.88356590270996,25.50953483581543,104.4847412109375,79.4267349243164
2021-02-23,33.94375991821289,68.85697174072266,19.82986068725586,29.925884246826172,84.36321258544922,63.64474105834961,56.365596771240234,32.000083923339844,25.721372604370117,104.31079864501953,78.9052963256836
2021-02-24,34.2401008605957,68.98001861572266,20.532093048095703,30.50785255432129,85.9574203491211,64.61851501464844,56.33095932006836,32.1498908996582,25.420564651489258,105.03398895263672,79.73287200927734
2021-02-25,33.44988250732422,67.47509765625,20.136066436767578,29.953157424926758,84.37242126464844,62.35919189453125,55.71612548828125,31.625572204589844,25.1917781829834,103.98124694824219,76.76705932617188
2021-02-26,33.02334213256836,67.74010467529297,19.65838623046875,29.380290985107422,83.49700927734375,62.6901741027832,54.81552505493164,31.07628059387207,24.72573471069336,103.08413696289062,77.08757781982422
2021-03-01,33.85845947265625,69.4721908569336,20.168724060058594,30.298709869384766,85.63490295410156,64.70964813232422,55.3697395324707,31.109569549560547,25.27228355407715,104.42982482910156,78.89575958251953
2021-03-02,34.047035217285156,68.96107482910156,20.05849266052246,30.189590454101562,85.38607788085938,63.6831169128418,55.27449035644531,30.918148040771484,25.196014404296875,104.12773895263672,77.98686218261719
2021-03-03,33.71030044555664,67.97673797607422,20.352455139160156,30.42600440979004,85.47824096679688,62.080970764160156,55.01470184326172,30.53531837463379,24.899442672729492,102.80952453613281,76.1547622680664
2021-03-04,33.05475997924805,67.85369110107422,20.838294982910156,30.08047866821289,84.11441040039062,60.70907211303711,54.81552505493164,30.31061363220215,24.878259658813477,101.42727661132812,74.54267883300781
2021-03-05,33.813560485839844,69.44377899169922,21.61810302734375,30.65334701538086,86.10485076904297,61.85551834106445,56.02786636352539,30.660154342651367,25.284992218017578,103.45945739746094,75.01626586914062
2021-03-08,34.26704025268555,68.5162353515625,21.658926010131836,31.044355392456055,87.00790405273438,60.3588981628418,56.270355224609375,30.809967041015625,25.640872955322266,103.20315551757812,75.10717010498047
2021-03-09,34.47807312011719,69.28288269042969,21.279232025146484,30.762466430664062,86.64854431152344,62.41195297241211,56.21839141845703,31.159509658813477,25.979822158813477,103.80734252929688,77.94383239746094
2021-03-10,35.04829406738281,69.5763168334961,21.818153381347656,31.3898983001709,87.92942810058594,62.162513732910156,56.95445251464844,31.467439651489258,26.157760620117188,104.04534149169922,78.34086608886719
2021-03-11,35.236873626708984,70.89192199707031,21.826316833496094,31.29896354675293,87.9939193725586,63.49124526977539,56.81591033935547,31.933507919311523,26.089975357055664,104.67694091796875,79.54154968261719
2021-03-12,35.33115005493164,70.6931381225586,21.871231079101562,31.617237091064453,89.1734390258789,63.0355339050293,57.28351593017578,32.4827880859375,26.44162368774414,104.90581512451172,79.77595520019531
2021-03-15,35.37156295776367,71.19477081298828,21.622180938720703,31.435365676879883,89.91986083984375,63.70710372924805,57.5346565246582,32.84897994995117,26.78056526184082,105.62898254394531,80.84745025634766
2021-03-16,35.0797233581543,71.94249725341797,21.00568962097168,31.10801124572754,88.63897705078125,64.18680572509766,57.60393142700195,32.84897994995117,26.81446075439453,105.56491088867188,80.01033782958984
2021-03-17,35.39401626586914,71.95198059082031,21.168996810913086,31.317150115966797,89.6618423461914,64.134033203125,57.517330169677734,32.799049377441406,26.37807273864746,105.18045043945312,81.13449096679688
2021-03-18,35.19645690917969,70.75938415527344,20.217723846435547,31.480833053588867,89.57890319824219,62.354393005371094,57.28351593017578,32.590980529785156,26.280628204345703,104.96076965332031,79.14929962158203
2021-03-19,35.02135467529297,71.37461853027344,20.221803665161133,31.117097854614258,88.89698028564453,62.167320251464844,57.482704162597656,32.15822219848633,26.352651596069336,105.33606719970703,79.62287902832031
2021-03-22,35.042991638183594,71.97479248046875,20.027877807617188,30.716142654418945,88.84707641601562,63.38973617553711,58.08953094482422,32.5129280090332,26.314664840698242,106.25281524658203,80.14701080322266
2021-03-23,34.31254577636719,71.44381713867188,19.734933853149414,30.286867141723633,87.29419708251953,62.99555969238281,58.333309173583984,32.61379623413086,26.707353591918945,105.17807006835938,79.39480590820312
2021-03-24,34.56052780151367,69.64231872558594,20.230056762695312,30.396461486816406,87.9319839477539,62.23125457763672,58.10695266723633,32.47089767456055,26.715898513793945,105.05864715576172,78.22095489501953
2021-03-25,35.06103515625,69.30099487304688,20.30432891845703,30.907949447631836,89.33697509765625,62.19279479980469,58.6728630065918,32.74828338623047,27.001876831054688,105.49954986572266,78.90608215332031
2021-03-26,35.931251525878906,68.54246520996094,20.807706832885742,31.39202308654785,90.880615234375,63.77428436279297,59.708946228027344,33.54682540893555,27.09151268005371,107.49288177490234,79.5625228881836
2021-03-29,35.80949401855469,69.24410247802734,20.56014060974121,31.118011474609375,90.89908599853516,63.4426155090332,60.30967712402344,33.471168518066406,27.381763458251953,107.99813079833984,79.12648010253906
2021-03-30,35.70579147338867,69.24410247802734,20.382720947265625,31.337221145629883,91.29656982421875,62.84173583984375,59.66541290283203,33.32828140258789,27.13419532775879,107.02439880371094,79.90267944335938
2021-03-31,35.52994918823242,69.51905822753906,20.242435455322266,31.099746704101562,91.00077819824219,63.841583251953125,59.47386169433594,33.193790435791016,27.33481216430664,107.2356948852539,80.52552795410156
2021-04-01,35.841064453125,70.7137451171875,20.758193969726562,31.483352661132812,91.30581665039062,65.12506103515625,59.186561584472656,33.72333908081055,27.309202194213867,106.91419219970703,81.17233276367188
2021-04-05,36.28293228149414,72.20235443115234,20.263063430786133,31.729965209960938,92.4334945678711,66.47100067138672,59.94401931762695,33.89986038208008,27.607988357543945,107.6582260131836,83.01693725585938
2021-04-06,36.364097595214844,72.38252258300781,20.209426879882812,31.66602325439453,92.21166229248047,66.18740844726562,60.196495056152344,33.983917236328125,27.75311279296875,107.244873046875,83.37628936767578
2021-04-07,35.73735809326172,72.94192504882812,20.27956771850586,31.82129669189453,91.78646850585938,66.53829956054688,60.048484802246094,34.025943756103516,27.71896743774414,107.00605010986328,83.12714385986328
2021-04-08,35.78244400024414,72.95140075683594,20.015501022338867,31.83043098449707,92.00830078125,67.49971008300781,60.10943603515625,33.85783386230469,27.697622299194336,107.17138671875,83.52002716064453
2021-04-09,36.093563079833984,72.93246459960938,19.883460998535156,32.10444259643555,92.90492248535156,68.14863586425781,60.00495910644531,33.90825653076172,27.667749404907227,108.34718322753906,84.31534576416016
2021-04-12,36.219810485839844,72.6385269165039,19.72667694091797,32.24143600463867,93.24691009521484,67.8217544555664,60.32710647583008,34.1099967956543,27.69335174560547,108.45740509033203,84.85676574707031
2021-04-13,36.1341438293457,72.73333740234375,19.74730682373047,31.94004249572754,92.79398345947266,68.46111297607422,60.00495910644531,34.311729431152344,28.022022247314453,108.90750885009766,85.75271606445312
2021-04-14,36.39566421508789,71.9842758178711,20.296072006225586,32.13184356689453,92.91415405273438,67.73524475097656,59.95270919799805,34.10158157348633,28.14580535888672,108.8983383178711,84.90947723388672
2021-04-15,36.82400131225586,72.90401458740234,20.13102912902832,32.10444259643555,93.28388977050781,68.8985366821289,60.43158721923828,34.74882888793945,28.457401275634766,110.76304626464844,85.51795196533203
2021-04-16,37.27037811279297,72.8565902709961,19.970111846923828,32.33277893066406,93.48723602294922,68.88411712646484,60.77983474731445,34.79925537109375,28.68789291381836,111.58979797363281,86.17913818359375
2021-04-19,37.09903335571289,72.4488754272461,19.949481964111328,32.24143600463867,93.09900665283203,68.31208038330078,60.54475784301758,34.90852355957031,28.542770385742188,111.61734008789062,85.2113265991211
2021-04-20,36.742828369140625,72.06015014648438,19.421350479125977,31.638628005981445,92.07301330566406,67.70640563964844,60.87560272216797,35.29520034790039,28.90558624267578,112.04908752441406,84.13809204101562
2021-04-21,37.41015625,72.18339538574219,19.66891098022461,32.0770378112793,93.33009338378906,68.38899230957031,61.18032455444336,35.45489501953125,28.662282943725586,113.37184143066406,85.25922393798828
2021-04-22,36.77891159057617,71.65242004394531,19.43785285949707,31.720823287963867,92.85868072509766,67.58623504638672,60.72759246826172,35.30359649658203,28.457401275634766,112.86663055419922,84.31534576416016
2021-04-23,37.38310241699219,72.48680114746094,19.615270614624023,32.31451416015625,93.87545776367188,68.59568786621094,60.57087707519531,35.50533676147461,28.418983459472656,113.61068725585938,85.19692993164062
2021-04-26,37.604034423828125,72.6385269165039,19.74730682373047,32.44237518310547,93.59815216064453,68.94661712646484,59.89177703857422,35.58098602294922,28.25678253173828,113.22486114501953,85.57064819335938
2021-04-27,37.50484085083008,72.34457397460938,19.98661994934082,32.6981201171875,94.37460327148438,68.77835845947266,59.84823989868164,35.58098602294922,28.039100646972656,112.57269287109375,85.47003936767578
2021-04-28,37.608543395996094,73.00829315185547,20.675670623779297,32.825992584228516,94.18048858642578,68.13903045654297,59.89177703857422,35.45489501953125,28.000682830810547,112.2327880859375,85.36941528320312
2021-04-29,37.84299850463867,75.02787017822266,20.906728744506836,33.41054153442383,94.84601593017578,68.08133697509766,60.527339935302734,35.71546936035156,28.25678253173828,111.78267669677734,85.39337158203125
2021-04-30,37.441715240478516,74.00385284423828,20.37859535217285,33.118263244628906,94.21745300292969,67.15359497070312,60.57959747314453,35.95082092285156,28.478744506835938,111.4520034790039,85.7239761352539
2021-05-03,38.000816345214844,73.61511993408203,20.939741134643555,33.28266906738281,95.18801879882812,66.96613311767578,61.07585144042969,35.75749206542969,28.474472045898438,112.71965026855469,85.31671905517578
2021-05-04,38.41563415527344,72.95140075683594,20.952117919921875,33.54753875732422,95.60396575927734,65.7643814086914,60.76243209838867,35.53895950317383,28.36776351928711,112.83905792236328,84.42554473876953
2021-05-05,38.90259552001953,72.80919647216797,21.628786087036133,33.82154846191406,95.6964111328125,65.60574340820312,60.71890640258789,35.017799377441406,27.889705657958984,113.0411376953125,84.16203308105469
2021-05-06,39.23174285888672,73.66252136230469,21.74019432067871,34.323890686035156,96.3619155883789,66.26431274414062,61.50246810913086,35.18592071533203,28.103124618530273,113.18812561035156,84.34410095214844
2021-05-07,39.619510650634766,74.221923828125,22.12804412841797,34.506561279296875,97.3786849975586,66.83151245117188,61.50246810913086,35.61459732055664,28.188491821289062,113.96893310546875,85.10111236572266
2021-05-10,39.44365692138672,72.79969787597656,22.136293411254883,34.479164123535156,97.47113800048828,65.14427947998047,61.97261428833008,35.774314880371094,28.474472045898438,114.11590576171875,83.58710479736328
2021-05-11,39.574424743652344,72.59111785888672,21.566896438598633,33.86722183227539,96.02914428710938,64.94720458984375,61.43281936645508,35.354026794433594,28.124465942382812,112.88499450683594,82.64322662353516
2021-05-12,38.57795333862305,71.16886138916016,21.670047760009766,33.52014923095703,93.72757720947266,63.12055206298828,60.61442565917969,34.49665069580078,27.467130661010742,111.81942749023438,79.84516906738281
2021-05-13,39.16861343383789,71.68087005615234,21.405981063842773,34.05902099609375,95.48381042480469,63.95696258544922,61.46764373779297,34.933746337890625,27.996410369873047,112.82988739013672,80.41053771972656
2021-05-14,39.637535095214844,73.09362030029297,22.070280075073242,34.597896575927734,96.80558776855469,65.36538696289062,61.7375373840332,35.261566162109375,28.13300323486328,113.3993911743164,81.80477905273438
2021-05-17,39.98471450805664,72.51525115966797,22.581911087036133,34.66183853149414,96.50982666015625,64.88468933105469,61.65048599243164,35.278377532958984,27.90251350402832,113.18812561035156,81.65624237060547
2021-05-18,39.542842864990234,71.77569580078125,22.057897567749023,34.17775344848633,95.10482788085938,64.36554718017578,61.458927154541016,35.34562683105469,27.898239135742188,113.22486114501953,81.0190200805664
2021-05-19,38.93866729736328,71.88945770263672,21.509132385253906,33.967689514160156,94.5687255859375,64.59147644042969,61.25868225097656,35.21113586425781,27.851285934448242,113.0319595336914,80.33866119384766
2021-05-20,38.961212158203125,73.12207794189453,21.476123809814453,33.9859504699707,94.78131103515625,65.8268814086914,61.824623107910156,35.64822006225586,28.094589233398438,114.21694946289062,81.16275024414062
2021-05-21,39.046871185302734,72.87556457519531,21.521509170532227,34.323890686035156,95.24348449707031,65.46636962890625,61.833309173583984,35.589385986328125,28.239709854125977,114.23531341552734,80.7555160522461
2021-05-24,39.3940544128418,74.20298767089844,21.736061096191406,34.48830032348633,95.8350601196289,66.629638671875,62.01615905761719,35.97603988647461,28.188491821289062,114.34554290771484,81.5556640625
2021-05-25,39.060401916503906,74.18402862548828,21.294580459594727,34.14122772216797,95.54851531982422,66.64885711669922,62.0335578918457,36.0769157409668,27.84701919555664,114.00566101074219,81.81436920166016
2021-05-26,39.07392120361328,74.6675796508789,21.4843807220459,34.2416877746582,95.8535385131836,66.64407348632812,61.9029655456543,36.16096115112305,27.851285934448242,113.34430694580078,82.59532165527344
2021-05-27,39.38503646850586,74.95204162597656,21.500883102416992,34.63443374633789,97.16606903076172,66.29314422607422,61.5198860168457,36.11894226074219,27.663475036621094,113.09627532958984,82.92591094970703
2021-05-28,39.34445571899414,74.70550537109375,21.542139053344727,34.698368072509766,97.16606903076172,66.5286865234375,61.65048599243164,36.362701416015625,27.8128719329834,113.53719329833984,82.8109130859375
2021-06-01,39.89453887939453,74.75289916992188,22.371479034423828,34.90843963623047,97.54507446289062,66.2018051147461,61.44152069091797,36.984718322753906,27.642141342163086,111.67247009277344,82.65281677246094
2021-06-02,39.560890197753906,74.52535247802734,22.788211822509766,34.963233947753906,97.26778411865234,66.65847778320312,61.66790771484375,37.49745559692383,27.787260055541992,111.4520034790039,82.26953125
2021-06-03,39.55187225341797,74.02281951904297,22.8501033782959,35.04542922973633,97.05518341064453,66.03837585449219,62.050968170166016,37.42181396484375,27.953725814819336,111.7918701171875,81.29212188720703
2021-06-04,39.637535095214844,75.08476257324219,23.002763748168945,35.13677978515625,97.36944580078125,67.30743408203125,62.268638610839844,37.4554328918457,27.91104507446289,112.1501235961914,81.9437255859375
2021-06-07,39.15509033203125,75.47351837158203,22.903743743896484,34.90843963623047,96.6947021484375,67.29299926757812,62.16415786743164,37.80846405029297,27.962265014648438,112.5542984008789,81.9437255859375
2021-06-08,39.227230072021484,75.25543212890625,23.101787567138672,34.81710433959961,96.94425964355469,67.29781341552734,61.64177703857422,38.010196685791016,27.723234176635742,112.20524597167969,82.60490417480469
2021-06-09,38.92061996459961,75.1795883178711,22.957378387451172,34.48830032348633,95.9552001953125,67.34587097167969,61.34574890136719,38.05223846435547,27.970802307128906,113.28916931152344,82.14976501464844
2021-06-10,38.68617248535156,75.58729553222656,22.928503036499023,34.08641815185547,95.48381042480469,67.84098815917969,61.72882843017578,38.43888854980469,28.15433692932129,115.2273941040039,82.53782653808594
2021-06-11,38.830448150634766,75.6726303100586,22.8501033782959,34.305625915527344,95.67791748046875,68.24479675292969,61.76365661621094,38.19512939453125,28.218368530273438,114.40985107421875,82.98820495605469
2021-06-14,38.352508544921875,76.17515563964844,22.751073837280273,33.94941711425781,95.24348449707031,68.93699645996094,61.72882843017578,38.41366958618164,28.278127670288086,114.51091766357422,83.01213836669922
2021-06-15,38.27134323120117,75.73899841308594,23.18431282043457,34.01335525512695,95.6501693725586,68.51397705078125,61.58081817626953,38.06064224243164,28.363494873046875,114.5476303100586,82.57137298583984
2021-06-16,37.84751510620117,75.07527923583984,23.060531616210938,33.97681427001953,94.74434661865234,68.14383697509766,60.76243209838867,37.716007232666016,27.936655044555664,114.10670471191406,82.60968780517578
2021-06-17,37.00434875488281,75.38817596435547,22.276575088500977,32.97212600708008,93.28388977050781,68.93218994140625,60.9800910949707,37.85890579223633,28.09031867980957,114.97938537597656,82.92112731933594
2021-06-18,36.404666900634766,74.50637817382812,21.616411209106445,32.177513122558594,92.07301330566406,68.30245971679688,59.900482177734375,37.2620964050293,27.36042022705078,113.66578674316406,82.48511505126953
2021-06-21,37.16047286987305,75.22923278808594,22.5375919342041,32.928504943847656,94.09815216064453,69.03448486328125,60.58750915527344,38.002357482910156,27.714868545532227,115.03152465820312,83.12089538574219
2021-06-22,37.309913635253906,75.8751449584961,22.68764305114746,32.98352813720703,94.20014190673828,69.66050720214844,60.67513656616211,37.83315658569336,27.547109603881836,115.28050994873047,83.90302276611328
2021-06-23,37.06990432739258,75.79914855957031,22.750167846679688,33.04771423339844,93.98687744140625,69.5834732055664,60.29832077026367,37.7147216796875,27.25460433959961,114.80098724365234,84.55078125
2021-06-24,37.187652587890625,76.51155853271484,22.946075439453125,33.460350036621094,94.71941375732422,70.0217056274414,60.596275329589844,37.537052154541016,27.22879409790039,115.39116668701172,84.83869171142578
2021-06-25,37.192161560058594,76.6065444946289,23.066953659057617,33.86381912231445,94.90483856201172,69.9398422241211,61.06072235107422,37.80777359008789,27.52130126953125,115.91680145263672,85.37610626220703
2021-06-28,37.192161560058594,77.47091674804688,22.287498474121094,33.61624526977539,94.40413665771484,70.67183685302734,61.11329650878906,37.82469940185547,27.69765853881836,116.09202575683594,85.39529418945312
2021-06-29,37.17405319213867,77.05296325683594,22.179122924804688,33.49702835083008,94.21867370605469,71.18714141845703,60.84162902832031,37.799320220947266,27.250303268432617,116.22112274169922,85.6064224243164
2021-06-30,37.273677825927734,76.91050720214844,22.454227447509766,33.643741607666016,94.95121765136719,71.1100845336914,61.314823150634766,37.50321578979492,27.19868278503418,116.1473617553711,85.67357635498047
2021-07-01,37.47746276855469,77.48040771484375,22.846036911010742,33.90967559814453,95.62811279296875,71.23047637939453,61.13079833984375,37.655487060546875,27.495487213134766,117.1801986694336,86.1582260131836
2021-07-02,37.53179931640625,78.02184295654297,22.7960205078125,33.872989654541016,95.77647399902344,72.1695556640625,61.27979278564453,37.83315658569336,27.53849983215332,118.30521392822266,86.91635131835938
2021-07-06,36.97481155395508,77.83186340332031,22.054073333740234,33.341148376464844,94.85848236083984,72.44402313232422,61.025657653808594,38.17155838012695,27.65464973449707,118.19457244873047,87.0171127319336
2021-07-07,37.359718322753906,77.7178726196289,21.695608139038086,33.38699722290039,95.8042984008789,72.83895874023438,61.349884033203125,38.36613845825195,27.835309982299805,118.94152069091797,86.96914672851562
2021-07-08,36.8525390625,76.8630142211914,21.570560455322266,32.71760177612305,94.46903991699219,72.1502914428711,61.122047424316406,38.33229446411133,27.753582000732422,118.28680419921875,86.7531967163086
2021-07-09,37.57709503173828,77.54691314697266,22.02906608581543,33.662078857421875,95.96189880371094,72.81486511230469,61.47256088256836,38.83988952636719,27.787994384765625,118.69255828857422,87.5641098022461
2021-07-12,37.69935607910156,78.09781646728516,21.9957218170166,33.9921989440918,96.09173583984375,72.87266540527344,61.37617492675781,39.17829895019531,27.87832260131836,118.92311096191406,88.16392517089844
2021-07-13,37.35519790649414,77.89835357666016,21.828989028930664,33.625396728515625,95.16448211669922,73.17125701904297,61.35865020751953,38.67069625854492,27.667552947998047,118.81240844726562,87.10826110839844
2021-07-14,37.2782096862793,77.84135437011719,21.178747177124023,33.46952438354492,95.15522003173828,73.71060943603516,61.901954650878906,39.009098052978516,27.90843391418457,118.7017593383789,86.94993591308594
2021-07-15,37.282737731933594,77.29044342041016,20.882802963256836,33.57957077026367,95.34066009521484,73.10382080078125,62.15608596801758,39.06831741333008,28.222454071044922,118.28680419921875,86.47970581054688
2021-07-16,36.72121810913086,76.8060073852539,20.29092025756836,33.121063232421875,94.49687957763672,72.38146209716797,62.252479553222656,39.11061477661133,28.5063533782959,118.60954284667969,85.41449737548828
2021-07-19,35.93326187133789,75.6376953125,19.57398223876953,32.1949348449707,92.52180480957031,71.38459777832031,62.068458557128906,38.50149917602539,28.054691314697266,117.3646011352539,84.43563079833984
2021-07-20,36.340816497802734,76.49256134033203,19.836578369140625,32.992706298828125,95.10884857177734,72.44402313232422,62.085975646972656,39.195213317871094,28.175134658813477,118.79400634765625,85.99507904052734
2021-07-21,36.739322662353516,77.12894439697266,20.528505325317383,33.56121826171875,96.01756286621094,73.1423568725586,61.92823791503906,39.0767707824707,27.86542320251465,118.98764038085938,86.78677368164062
2021-07-22,36.752899169921875,77.39494323730469,20.299253463745117,33.19443130493164,95.66519927978516,73.68171691894531,61.82309341430664,38.79759979248047,27.90843391418457,119.86369323730469,87.16106414794922
2021-07-23,37.011043548583984,79.31365203857422,20.224224090576172,33.249454498291016,96.07319641113281,74.41371154785156,62.567928314208984,39.152915954589844,28.265460968017578,121.2469482421875,87.93839263916016
2021-07-26,37.3234977722168,79.72209167480469,20.724411010742188,33.442012786865234,96.0268325805664,74.37520599365234,62.67308807373047,39.152915954589844,28.274070739746094,120.4631118774414,88.59095001220703
2021-07-27,37.373313903808594,78.772216796875,20.532669067382812,33.43284225463867,95.49829864501953,73.67207336425781,62.80454635620117,39.4659309387207,28.76014518737793,121.02564239501953,87.69366455078125
2021-07-28,37.48198699951172,79.38963317871094,20.720243453979492,33.38699722290039,95.27574920654297,73.58056640625,62.252479553222656,39.22905349731445,28.54076385498047,121.45906829833984,87.41056823730469
2021-07-29,37.894081115722656,78.53473663330078,20.920316696166992,33.753787994384766,96.0268325805664,73.92250061035156,62.55918502807617,39.11061477661133,28.618192672729492,121.75414276123047,88.39421844482422
2021-07-30,38.04804229736328,78.26878356933594,20.586862564086914,33.48786163330078,95.84140014648438,73.87432861328125,62.664337158203125,39.237510681152344,28.377307891845703,121.86479949951172,86.57568359375
2021-08-02,37.586143493652344,78.08833312988281,20.432636260986328,33.49702835083008,95.18302917480469,73.60948181152344,62.40143966674805,39.25442886352539,28.596683502197266,122.03079986572266,86.8251724243164
2021-08-03,37.97559356689453,77.73687744140625,20.782766342163086,33.872989654541016,96.4255599975586,74.08141326904297,62.68185806274414,39.41517639160156,28.76014518737793,123.72761535644531,87.46815490722656
2021-08-04,37.613311767578125,77.9553451538086,20.220054626464844,33.58872985839844,95.11813354492188,74.23070526123047,61.866905212402344,39.288272857666016,28.717130661010742,123.2019271850586,86.6188735961914
2021-08-05,37.5589714050293,78.66775512695312,20.449308395385742,34.02887725830078,95.56319427490234,74.64008331298828,62.16483688354492,39.60129165649414,29.031145095825195,122.69477081298828,87.44895935058594
2021-08-06,38.102394104003906,78.66775512695312,20.63688087463379,34.71661376953125,96.0082778930664,74.57745361328125,62.16483688354492,39.53361892700195,29.01393699645996,122.59334564208984,86.85398864746094
2021-08-09,38.05710983276367,78.52526092529297,20.345102310180664,34.80830383300781,95.62811279296875,74.336669921875,62.39268493652344,39.35595703125,29.005334854125977,123.06364440917969,86.73402404785156
2021-08-10,38.63221740722656,78.67726135253906,20.703567504882812,35.17509460449219,96.60174560546875,73.8021011352539,62.8396110534668,38.932952880859375,29.035444259643555,122.77776336669922,87.0746841430664
2021-08-11,39.17563247680664,78.82920837402344,20.866132736206055,35.57855987548828,97.85353088378906,73.81175994873047,63.0499153137207,39.14445877075195,29.306432723999023,121.56050872802734,87.3290023803711
2021-08-12,39.112239837646484,78.97168731689453,20.845291137695312,35.64275360107422,97.66809844970703,74.23551940917969,63.01486587524414,39.279815673828125,29.3365535736084,122.5195541381836,87.36738586425781
2021-08-13,39.14846420288086,79.0191879272461,20.599363327026367,35.376827239990234,97.3620834350586,74.64008331298828,63.540645599365234,39.54207229614258,29.543025970458984,123.28495788574219,87.11788940429688
2021-08-16,38.953731536865234,79.1521987915039,20.220054626464844,35.28512191772461,97.69590759277344,74.9771499633789,63.908687591552734,39.58437728881836,29.72369384765625,124.68661499023438,86.7148208618164
2021-08-17,38.50542449951172,78.49674987792969,20.011646270751953,35.03755187988281,96.63883209228516,74.35591888427734,63.94373321533203,39.660518646240234,29.74090003967285,126.16212463378906,84.6563491821289
2021-08-18,38.05710983276367,77.89835357666016,19.594820022583008,34.6065673828125,95.58174133300781,73.33013916015625,63.146305084228516,39.2459831237793,29.590349197387695,124.24400329589844,84.95864868164062
2021-08-19,37.71746826171875,77.90785217285156,19.086299896240234,34.34981918334961,94.91411590576172,74.04769897460938,63.65455627441406,39.575923919677734,29.710783004760742,124.80651092529297,84.41641235351562
2021-08-20,37.939361572265625,78.58226013183594,19.127981185913086,34.56071472167969,95.16448211669922,75.00125885009766,63.75971221923828,39.76203918457031,30.080720901489258,125.51663208007812,85.22734832763672
2021-08-23,38.26541519165039,79.5321273803711,19.844919204711914,34.8449821472168,95.94337463378906,75.9692153930664,63.558162689208984,39.6097526550293,29.69358253479004,125.56272888183594,86.32615661621094
2021-08-24,38.50542449951172,79.78860473632812,20.17420768737793,35.055885314941406,96.4255599975586,75.88253784179688,63.07620620727539,39.313663482666016,29.50000762939453,125.12003326416016,86.93553161621094
2021-08-25,38.682037353515625,79.91206359863281,20.32842445373535,35.46852493286133,97.04682159423828,75.83918762207031,62.97104263305664,39.2713508605957,29.555927276611328,124.77886199951172,87.27142333984375
2021-08-26,38.41485595703125,79.2186508178711,20.019983291625977,35.29429244995117,96.62028503417969,75.36244201660156,62.68185806274414,39.29673767089844,29.482810974121094,124.29010009765625,86.46530151367188
2021-08-27,38.92203903198242,80.47248840332031,20.553516387939453,35.76195526123047,97.28790283203125,76.0896224975586,62.900936126708984,39.618221282958984,29.474201202392578,124.15179443359375,87.2522201538086
2021-08-30,38.881290435791016,81.02339935302734,20.311758041381836,35.25761795043945,97.17664337158203,76.90829467773438,63.18135452270508,40.10043716430664,29.517221450805664,124.85264587402344,87.90959930419922
2021-08-31,38.76807403564453,81.32736206054688,20.17420768737793,35.21177291870117,96.90773010253906,76.50377655029297,63.321571350097656,40.33732223510742,29.482810974121094,124.68661499023438,88.12069702148438
2021-09-01,38.6684455871582,81.73580932617188,19.878257751464844,35.010040283203125,96.53685760498047,76.52303314208984,63.65455627441406,41.03104782104492,29.86993980407715,124.72352600097656,88.1159439086914
2021-09-02,38.917518615722656,81.18490600585938,20.38261604309082,35.12924575805664,97.57535552978516,76.44116973876953,63.899925231933594,41.225616455078125,30.14094352722168,126.06069946289062,88.11112976074219
2021-09-03,38.659385681152344,81.18490600585938,20.265913009643555,34.9091796875,96.98189544677734,76.74456024169922,63.82106018066406,41.225616455078125,29.891454696655273,126.19901275634766,88.058349609375
2021-09-07,38.405792236328125,81.37483978271484,20.145030975341797,34.698265075683594,95.3035659790039,76.76382446289062,63.0849494934082,40.76877212524414,29.495704650878906,125.46126556396484,88.31745147705078
2021-09-08,38.038997650146484,80.95692443847656,19.8865966796875,34.61574172973633,95.43339538574219,76.47006225585938,63.62826156616211,41.014122009277344,30.024805068969727,125.40592956542969,88.41820526123047
2021-09-09,38.05257034301758,80.5579833984375,19.928279876708984,34.71661376953125,94.9697494506836,76.18112182617188,63.26022720336914,40.14274215698242,29.86133575439453,123.9581298828125,88.30305480957031
2021-09-10,38.043514251708984,80.03555297851562,19.91994857788086,34.45985794067383,94.54322052001953,75.42985534667969,62.98857879638672,39.6351318359375,29.444087982177734,122.82388305664062,87.76083374023438
2021-09-13,38.03445816040039,80.23501586914062,20.490991592407227,34.85415267944336,94.79358673095703,75.45390319824219,63.146305084228516,39.85511016845703,29.392471313476562,122.06769561767578,87.9767837524414
2021-09-14,37.61785125732422,79.5416030883789,20.195045471191406,34.386505126953125,93.65304565429688,75.35760498046875,62.85713577270508,39.7704963684082,29.293540954589844,122.04924774169922,87.68408203125
2021-09-15,38.0163459777832,79.9310531616211,20.949493408203125,34.71661376953125,94.68231964111328,76.01739501953125,63.0849494934082,39.922767639160156,29.25482177734375,122.84232330322266,88.25027465820312
2021-09-16,37.60426330566406,79.85505676269531,20.711904525756836,34.61574172973633,94.03324127197266,76.06072235107422,62.8746452331543,39.9989128112793,29.0096378326416,122.52874755859375,88.65333557128906
2021-09-17,36.82988739013672,78.97168731689453,20.55767822265625,34.45985794067383,93.03179168701172,74.87605285644531,62.53288269042969,39.6351318359375,28.562274932861328,122.64867401123047,88.3414535522461
2021-09-20,36.12217712402344,77.3846206665039,19.929912567138672,33.66047286987305,91.96479797363281,73.51219940185547,61.90859603881836,39.36374282836914,28.509828567504883,121.36881256103516,86.3255386352539
2021-09-21,36.03578186035156,77.06111145019531,19.976322174072266,33.61442947387695,91.48106384277344,73.54115295410156,61.83805465698242,39.37225341796875,28.431819915771484,121.55387878417969,86.45529174804688
2021-09-22,36.408729553222656,77.02304077148438,20.5922794342041,34.17620086669922,92.2066650390625,74.54942321777344,62.01441192626953,39.70404052734375,28.41447639465332,121.7574691772461,87.63263702392578
2021-09-23,36.92722702026367,77.81278228759766,21.313703536987305,35.0142707824707,93.6206283569336,75.54804992675781,62.2436637878418,39.50838088989258,28.26279067993164,122.63661193847656,88.52166748046875
2021-09-24,36.87264633178711,78.4502944946289,21.474021911621094,35.19845199584961,93.81600189208984,75.60112762451172,62.270137786865234,39.0574836730957,28.232444763183594,122.13689422607422,88.85321807861328
2021-09-27,37.15918731689453,78.4407730102539,22.237632751464844,35.677345275878906,93.9090347290039,74.8678207397461,61.98796463012695,38.410926818847656,27.898719787597656,120.3970947265625,89.32896423339844
2021-09-28,36.69981384277344,76.52827453613281,22.313568115234375,35.08793640136719,92.82063293457031,72.6486587524414,61.256103515625,38.18122100830078,27.547658920288086,118.33341979980469,87.6086196899414
2021-09-29,36.54972457885742,76.46166229248047,22.313568115234375,35.11556625366211,92.92296600341797,72.55699920654297,61.81159973144531,38.42793273925781,27.907384872436523,119.26810455322266,87.69509887695312
2021-09-30,35.9811897277832,76.22380065917969,21.976064682006836,34.5629997253418,91.01593017578125,72.03600311279297,60.70059585571289,37.81541061401367,27.68634605407715,117.8059310913086,86.2342529296875
2021-10-01,36.55427169799805,77.50831604003906,22.714366912841797,35.13398742675781,92.26248931884766,73.12144470214844,60.859310150146484,38.22376251220703,27.68634605407715,117.83368682861328,86.88297271728516
2021-10-04,36.39508056640625,75.83367919921875,23.08562469482422,34.83007049560547,91.76013946533203,71.4281234741211,60.66531753540039,38.26629638671875,28.0677547454834,116.03838348388672,86.19579315185547
2021-10-05,36.71800994873047,76.96595001220703,23.220630645751953,35.51156997680664,92.78340911865234,72.44603729248047,60.97394561767578,37.96853256225586,27.998403549194336,116.732421875,86.54178619384766
2021-10-06,36.6497802734375,77.09916687011719,22.975934982299805,35.54841232299805,93.19271087646484,72.9188232421875,61.5647087097168,38.334354400634766,28.431819915771484,116.51959991455078,86.8156967163086
2021-10-07,37.127349853515625,77.43218994140625,23.15313148498535,35.76023483276367,93.91831970214844,73.58457946777344,61.83805465698242,38.37689208984375,28.280122756958008,118.06505584716797,88.16604614257812
2021-10-08,36.92267990112305,77.05160522460938,23.866117477416992,35.935203552246094,93.9090347290039,73.30958557128906,61.76751708984375,37.960025787353516,28.072086334228516,117.47279357910156,87.76240539550781
2021-10-11,36.92722702026367,75.89079284667969,23.77752113342285,35.5760383605957,93.155517578125,72.90434265136719,61.74989318847656,38.01106643676758,27.69068145751953,116.5566177368164,87.40679168701172
2021-10-12,36.977256774902344,75.1866683959961,23.798616409301758,35.46552658081055,92.8485336303711,72.52806091308594,61.77633285522461,38.52151870727539,27.877050399780273,115.99211883544922,88.09876251220703
2021-10-13,37.254695892333984,75.53873443603516,23.77752113342285,35.262916564941406,93.04388427734375,72.97188568115234,61.89096450805664,38.74271011352539,28.202112197875977,116.17719268798828,88.53125762939453
2021-10-14,38.15980529785156,76.60438537597656,24.06861686706543,35.85232162475586,94.80208587646484,74.61697387695312,62.58757400512695,39.28718948364258,28.548839569091797,117.84293365478516,89.4587173461914
2021-10-15,38.27351379394531,76.42359161376953,24.186752319335938,36.3864631652832,95.71371459960938,75.21517944335938,62.43767166137695,39.30419921875,28.46649169921875,118.42596435546875,90.82828521728516
2021-10-18,38.2462158203125,77.01354217529297,24.203624725341797,36.39567565917969,95.77881622314453,75.85198211669922,62.067325592041016,39.37225341796875,28.19344139099121,117.62084197998047,91.9383544921875
2021-10-19,38.446346282958984,77.75569152832031,24.47784996032715,36.754844665527344,96.3462905883789,76.60456848144531,62.09376525878906,39.5509147644043,28.548839569091797,119.16631317138672,91.6788558959961
2021-10-20,38.755619049072266,77.9079360961914,24.67613983154297,37.04954528808594,96.95094299316406,76.39229583740234,62.45529556274414,40.154937744140625,28.99958610534668,120.86905670166016,91.611572265625
2021-10-21,38.65555953979492,78.13628387451172,24.220497131347656,36.892982482910156,97.14630889892578,76.68657684326172,62.37593460083008,40.28255081176758,28.99958610534668,121.35955047607422,92.95709991455078
2021-10-22,38.582794189453125,76.48069763183594,24.448318481445312,37.408714294433594,97.49048614501953,76.4212417602539,62.86090850830078,40.57179260253906,29.146944046020508,121.8499984741211,92.62551879882812
2021-10-25,38.96939468383789,76.81371307373047,24.80691909790039,37.36266326904297,97.71376037597656,76.67211151123047,62.816810607910156,40.69091033935547,29.021257400512695,121.99809265136719,94.92255401611328
2021-10-26,39.078548431396484,76.12864685058594,24.950359344482422,37.390296936035156,97.10908508300781,76.88919067382812,63.03724670410156,40.87806701660156,29.177284240722656,122.5995864868164,94.93695831298828
2021-10-27,38.51911544799805,75.91934204101562,24.233156204223633,36.77326965332031,95.97417449951172,76.8216552734375,62.66694259643555,40.58030700683594,28.98225212097168,121.62788391113281,95.14840698242188
2021-10-28,38.90116500854492,76.16670227050781,24.406129837036133,37.224525451660156,97.17420959472656,77.59353637695312,62.88735580444336,41.17583084106445,29.172948837280273,122.64585876464844,96.41222381591797
2021-10-29,38.714698791503906,76.40457916259766,24.245813369750977,37.07717514038086,97.20211029052734,77.92640686035156,62.82563781738281,40.682403564453125,28.99958610534668,123.83966827392578,96.66209411621094
2021-11-01,38.8056526184082,76.52827453613281,24.663480758666992,37.0955924987793,97.47190856933594,77.81062316894531,62.92262649536133,40.775978088378906,29.103609085083008,123.69158172607422,98.43534088134766
2021-11-02,39.2468376159668,76.53780364990234,24.43144416809082,37.187686920166016,97.79745483398438,78.49567413330078,63.34587097167969,41.1588134765625,29.12961196899414,124.46895599365234,97.77218627929688
2021-11-03,39.65618133544922,76.81371307373047,24.228939056396484,37.32582473754883,97.58351135253906,78.9539794921875,63.93667221069336,41.39702224731445,29.021257400512695,125.19999694824219,99.53099060058594
2021-11-04,39.633445739746094,77.11819458007812,24.26268768310547,36.837730407714844,97.9742431640625,80.1889877319336,63.99838638305664,40.929107666015625,28.860891342163086,124.3393783569336,100.87171173095703
2021-11-05,39.94272232055664,77.73664855957031,24.579103469848633,36.85615158081055,98.96959686279297,80.60389709472656,64.36870574951172,41.022701263427734,29.133943557739258,122.95126342773438,101.52047729492188
2021-11-08,40.443031311035156,77.39414978027344,24.802701950073242,37.058753967285156,99.37890625,81.03805541992188,63.857295989990234,41.014183044433594,28.700532913208008,123.68233489990234,100.08362579345703
2021-11-09,40.62949752807617,77.20381927490234,24.903955459594727,36.85615158081055,99.63006591796875,80.7051773071289,64.07775115966797,41.16732406616211,28.8478946685791,123.22888946533203,98.23351287841797
2021-11-10,40.3520622253418,76.3284683227539,24.245813369750977,36.79168701171875,99.0719223022461,79.37369537353516,64.27173614501953,40.96315002441406,29.08193016052246,123.58053588867188,97.86829376220703
2021-11-11,40.67498016357422,76.17620849609375,24.3386287689209,36.892982482910156,98.66260528564453,79.74517059326172,64.22765350341797,40.98015594482422,28.904233932495117,123.2196273803711,97.60401153564453
2021-11-12,40.979713439941406,77.28947448730469,24.279563903808594,36.975868225097656,99.44401550292969,80.71484375,64.22765350341797,40.997161865234375,28.886905670166016,123.83041381835938,97.9307632446289
2021-11-15,40.793235778808594,77.50831604003906,24.482074737548828,36.975868225097656,99.63006591796875,80.63284301757812,64.53627014160156,41.22686767578125,29.26830291748047,123.06231689453125,97.84907531738281
2021-11-16,40.67953109741211,76.92790985107422,24.520044326782227,36.939029693603516,99.64869689941406,81.48190307617188,64.13064575195312,40.971656799316406,29.12961196899414,123.58053588867188,99.39164733886719
2021-11-17,40.41118621826172,76.6329345703125,24.144556045532227,36.515403747558594,99.0533218383789,81.23587036132812,63.989566802978516,41.24388122558594,29.15561866760254,123.75637817382812,100.02594757080078
2021-11-18,40.23835754394531,76.0810546875,24.001117706298828,36.331207275390625,98.84867095947266,82.04635620117188,63.760311126708984,41.23537826538086,29.003923416137695,123.80265808105469,101.16004180908203
2021-11-19,40.16557693481445,75.82416534423828,23.064529418945312,35.935203552246094,98.35562896728516,82.64454650878906,63.53105163574219,41.014183044433594,29.168617248535156,123.05309295654297,101.59733581542969
2021-11-22,40.22925567626953,74.90123748779297,23.473756790161133,36.44172286987305,98.62539672851562,81.72311401367188,64.03366088867188,40.81001281738281,29.346311569213867,122.49778747558594,101.3426513671875
2021-11-23,40.270179748535156,74.70143127441406,24.1951904296875,37.0127067565918,98.7928466796875,81.53496551513672,64.45690155029297,41.24388122558594,29.37665367126465,122.62733459472656,100.60741424560547
2021-11-24,39.9836540222168,74.80608367919922,24.43144416809082,36.92981719970703,98.68122100830078,82.12837219238281,64.26290893554688,41.7968635559082,29.39398956298828,122.58111572265625,100.81404876708984
2021-11-26,39.29686737060547,73.43594360351562,23.448450088500977,35.70497131347656,96.01138305664062,80.0780258178711,63.451683044433594,40.665382385253906,28.9345760345459,122.12763214111328,98.06532287597656
2021-11-29,39.478790283203125,74.06391143798828,23.583452224731445,35.81548309326172,96.17884826660156,82.08011627197266,63.61042022705078,41.17583084106445,29.363651275634766,122.4607925415039,99.58867645263672
2021-11-30,38.50092315673828,71.71373748779297,23.03078269958496,34.95900344848633,93.7415542602539,81.39505767822266,61.97914505004883,40.31657409667969,28.505495071411133,120.05470275878906,98.24312591552734
2021-12-01,38.10976791381836,70.05813598632812,22.786087036132812,34.57221984863281,92.43922424316406,80.28067016601562,61.67933654785156,39.789119720458984,28.557506561279297,119.84187316894531,96.46989440917969
2021-12-02,38.88752365112305,71.23799133300781,23.448450088500977,35.60366439819336,95.1834716796875,81.0187759399414,62.33184814453125,40.87806701660156,28.921579360961914,120.42487335205078,97.84427642822266
2021-12-03,38.80110168457031,71.07623291015625,23.2628231048584,35.023468017578125,95.07184600830078,79.66314697265625,63.1077995300293,40.67388916015625,29.211957931518555,120.64696502685547,95.9413070678711
2021-12-06,39.369632720947266,72.24658203125,23.6087646484375,35.557621002197266,96.68116760253906,80.42056274414062,64.21882629394531,41.260902404785156,29.658370971679688,121.331787109375,97.03694152832031
2021-12-07,39.970008850097656,72.98872375488281,24.161436080932617,36.19305419921875,97.667236328125,83.22827911376953,64.35990905761719,41.99253845214844,29.879417419433594,122.895751953125,99.30033111572266
2021-12-08,40.13828659057617,73.52156829833984,24.157217025756836,35.99967575073242,97.90910339355469,83.6093978881836,64.15709686279297,42.171199798583984,29.84908103942871,123.82115173339844,99.55020141601562
2021-12-09,39.91542434692383,72.94117736816406,23.971586227416992,35.925987243652344,97.60211944580078,82.707275390625,64.33346557617188,41.63522720336914,29.810060501098633,124.10802459716797,97.82505798339844
2021-12-10,40.161033630371094,72.9792251586914,24.14878273010254,35.96282958984375,98.00212097167969,84.36681365966797,65.41800689697266,41.847904205322266,29.97042465209961,124.5429916381836,98.5074234008789
2021-12-13,39.919979095458984,72.5986328125,23.477981567382812,35.5760383605957,96.98814392089844,83.11251068115234,66.2733383178711,42.40940475463867,30.33883285522461,125.71825408935547,95.97015380859375
2021-12-14,39.87904739379883,72.4083251953125,23.38094711303711,35.78785705566406,96.06721496582031,81.74724578857422,66.31744384765625,41.94149398803711,30.156795501708984,125.20927429199219,95.41270446777344
2021-12-15,39.965450286865234,73.16950988769531,23.267038345336914,35.88916015625,96.90443420410156,83.91333770751953,66.987548828125,42.56253433227539,30.65089225769043,127.772705078125,96.6236801147461
2021-12-16,40.374794006347656,73.06485748291016,23.41469383239746,36.34041213989258,96.95094299316406,81.53496551513672,67.46369934082031,42.72416687011719,30.806913375854492,128.5315399169922,94.49003601074219
2021-12-17,39.86995315551758,72.76988220214844,22.937963485717773,35.53921127319336,95.29511260986328,80.98983764648438,66.30860137939453,42.57954406738281,30.343170166015625,127.63387298583984,93.84609985351562
2021-12-20,39.157737731933594,72.26171112060547,22.653778076171875,34.8488883972168,93.76840209960938,80.02653503417969,66.3281478881836,42.30069351196289,30.371984481811523,126.8609619140625,92.33109283447266
2021-12-21,39.651432037353516,73.63468933105469,23.299074172973633,35.57066345214844,95.63591766357422,82.05172729492188,66.23934173583984,42.54093933105469,30.32831382751465,127.3905258178711,94.72300720214844
2021-12-22,39.966854095458984,73.81583404541016,23.44864845275879,35.73722457885742,95.90670776367188,83.1247329711914,66.65662384033203,42.961368560791016,30.459352493286133,128.87684631347656,96.45072937011719
2021-12-23,40.36912536621094,74.47371673583984,23.461471557617188,35.922298431396484,97.03656768798828,83.58873748779297,66.80754852294922,42.83266067504883,30.454988479614258,129.40638732910156,97.78865814208984
2021-12-27,40.97711944580078,75.19832611083984,23.974287033081055,36.292442321777344,98.06369018554688,85.38191986083984,67.51780700683594,43.707847595214844,30.603511810302734,130.77197265625,98.74156188964844
2021-12-28,41.214820861816406,75.1601791381836,23.957191467285156,36.31094741821289,98.55859375,84.93726348876953,67.89955139160156,43.89661407470703,30.878700256347656,130.42823791503906,98.78487396240234
2021-12-29,41.383949279785156,74.78834533691406,23.803348541259766,36.264686584472656,98.73602294921875,85.00975799560547,68.21028137207031,44.1626091003418,31.044689178466797,131.1714324951172,98.98219299316406
2021-12-30,41.237674713134766,75.10297393798828,23.65804672241211,36.19990158081055,98.38119506835938,84.44908142089844,67.99720764160156,44.35995101928711,31.158266067504883,131.44082641601562,98.62606048583984
2021-12-31,41.4205322265625,74.06373596191406,23.717880249023438,36.135128021240234,98.80137634277344,84.03825378417969,68.45886993408203,44.454341888427734,31.267467498779297,130.88343811035156,98.39024353027344
2022-01-03,40.88111114501953,74.57856750488281,24.452917098999023,36.57929992675781,97.98902130126953,84.83576202392578,68.45000457763672,44.04248046875,30.95732879638672,129.53640747070312,101.21527862548828
2022-01-04,41.383949279785156,74.41649627685547,25.299070358276367,37.541664123535156,99.95924377441406,83.9367446899414,68.91165161132812,43.87087631225586,30.861234664916992,127.82713317871094,100.59925079345703
2022-01-05,41.3793830871582,72.54773712158203,25.2947940826416,37.106746673583984,99.00679016113281,81.355712890625,68.84951782226562,42.44655990600586,30.843761444091797,126.91670227050781,97.88490295410156
2022-01-06,40.85824966430664,72.87189483642578,25.85890007019043,37.65270233154297,99.46434783935547,80.94488525390625,68.6630630493164,42.4980354309082,30.524885177612305,125.44892120361328,97.62983703613281
2022-01-07,40.821685791015625,72.88143920898438,26.21359634399414,38.096885681152344,99.43634033203125,80.20052337646484,68.73409271240234,42.27495574951172,30.75639533996582,124.80799102783203,96.0031509399414
2022-01-10,40.405696868896484,72.42379760742188,26.13239860534668,37.96733474731445,98.31583404541016,80.21504974365234,68.19253540039062,42.026119232177734,30.555456161499023,126.08992004394531,95.41600799560547
2022-01-11,40.84911346435547,73.32957458496094,27.021286010742188,38.30046081542969,98.90408325195312,81.1768798828125,68.11263275146484,41.957481384277344,30.280258178710938,127.09323120117188,96.33523559570312
2022-01-12,41.26053237915039,73.4249038696289,27.07257080078125,38.32822036743164,99.2215805053711,81.55873107910156,68.13926696777344,42.06901931762695,30.37636947631836,126.73092651367188,96.97052001953125
2022-01-13,40.9405403137207,72.66215515136719,26.93581771850586,38.18016052246094,99.43634033203125,79.44651794433594,68.26354217529297,41.923160552978516,30.524885177612305,124.76151275634766,95.02137756347656
2022-01-14,40.59312438964844,72.9958724975586,27.568294525146484,37.78226089477539,98.8387451171875,80.11833953857422,68.38783264160156,41.4340934753418,30.315208435058594,124.54783630371094,94.57861328125
2022-01-18,40.05827331542969,72.1091537475586,27.67940330505371,36.940189361572266,97.69953155517578,78.19467163085938,67.40238189697266,41.150936126708984,29.95264434814453,122.80133819580078,92.78829193115234
2022-01-19,39.95771408081055,71.9852066040039,27.47854995727539,36.3202018737793,96.60704040527344,77.10233306884766,67.82854461669922,40.61896514892578,30.088058471679688,122.2997055053711,91.11347961425781
2022-01-20,39.37714767456055,71.27011108398438,27.22641372680664,36.08885192871094,95.37447357177734,76.10663604736328,67.3846206665039,40.25857925415039,30.127376556396484,121.50077056884766,89.45311737060547
2022-01-21,38.41718673706055,68.85791015625,26.687955856323242,35.348575592041016,94.49671936035156,74.59380340576172,67.43788146972656,40.23284912109375,30.070587158203125,120.27452087402344,86.83020782470703
2022-01-24,38.44002914428711,69.36323547363281,26.867441177368164,35.45036697387695,95.038330078125,74.9804458618164,67.2159423828125,40.31864547729492,29.782289505004883,119.87506103515625,87.87456512451172
2022-01-25,38.092628479003906,67.9426040649414,27.910173416137695,35.59842300415039,94.10454559326172,73.24526977539062,66.47018432617188,40.207115173339844,29.314897537231445,119.1040267944336,86.38744354248047
2022-01-26,37.694915771484375,66.95101165771484,27.8631649017334,35.69095230102539,93.28284454345703,73.6754379272461,65.96412658691406,39.53784942626953,29.07464599609375,118.4815902709961,85.96874237060547
2022-01-27,37.82291030883789,67.02729797363281,28.16658592224121,35.367088317871094,92.45178985595703,73.1679458618164,66.40802764892578,38.825679779052734,29.332368850708008,118.78816986083984,83.88485717773438
2022-01-28,38.04233932495117,68.94369506835938,28.046926498413086,35.82976150512695,93.09608459472656,76.3676528930664,67.18929290771484,40.17278289794922,29.68619155883789,121.21280670166016,85.71366882324219
2022-01-31,38.604610443115234,70.5073471069336,28.170854568481445,36.144378662109375,94.06719207763672,78.28651428222656,67.44677734375,40.61896514892578,30.24968719482422,121.90951538085938,89.0103530883789
2022-02-01,39.198875427246094,71.1175765991211,29.17512321472168,36.64407730102539,95.36512756347656,78.48951721191406,67.3846206665039,40.34438705444336,29.847810745239258,122.23468780517578,89.54936981201172
2022-02-02,39.322296142578125,72.5382080078125,29.269140243530273,36.893924713134766,96.0280990600586,79.12751770019531,68.19253540039062,41.039390563964844,30.288997650146484,123.87896728515625,89.01517486572266
2022-02-03,38.63661193847656,67.6851577758789,28.991371154785156,36.48676300048828,94.49671936035156,76.83164978027344,68.21028137207031,40.61896514892578,30.15358543395996,123.3494644165039,86.29119110107422
2022-02-04,37.99663162231445,67.8567886352539,29.44435691833496,37.106746673583984,93.47892761230469,77.14100646972656,67.3757553100586,40.061248779296875,29.913331985473633,122.90357208251953,88.74564361572266
2022-02-07,37.8092041015625,66.67451477050781,29.820423126220703,37.21780014038086,93.55363464355469,76.62865447998047,67.50005340576172,40.06981658935547,29.86964988708496,122.68988037109375,88.56275177001953
2022-02-08,38.39433288574219,66.64591217041016,29.17940330505371,37.73599624633789,94.48739624023438,77.57598876953125,67.75750732421875,39.70944595336914,29.89149284362793,123.69316101074219,89.80924987792969
2022-02-09,39.23086929321289,68.5241928100586,29.422990798950195,37.976593017578125,95.78533935546875,79.29668426513672,67.77526092529297,40.670448303222656,30.02253532409668,124.65003204345703,90.99797058105469
2022-02-10,39.0023193359375,67.54214477539062,29.239229202270508,37.64345932006836,94.21661376953125,77.2231674194336,67.04724884033203,39.51210403442383,29.262470245361328,122.69917297363281,89.42904663085938
2022-02-11,38.398902893066406,66.08336639404297,30.089656829833984,37.116004943847656,92.77861785888672,74.86447143554688,66.80754852294922,38.97154998779297,29.279945373535156,120.9991455078125,86.85909271240234
2022-02-14,38.08347702026367,66.09291076660156,29.380252838134766,36.6995964050293,92.43310546875,74.84029388427734,66.62112426757812,38.55111312866211,29.030961990356445,119.76359558105469,87.35478973388672
2022-02-15,38.78288650512695,67.01775360107422,29.07256507873535,37.19929122924805,93.8244400024414,76.80750274658203,66.7365493774414,38.73988342285156,28.895545959472656,121.11062622070312,89.3087387084961
2022-02-16,39.06630325317383,66.5505599975586,29.307607650756836,37.22704315185547,94.31932067871094,76.73015594482422,66.8608169555664,38.84284591674805,28.961076736450195,121.29641723632812,89.5638198852539
2022-02-17,38.398902893066406,64.77715301513672,29.26059913635254,36.30168533325195,92.59186553955078,74.43428802490234,67.3757553100586,38.50821304321289,28.978538513183594,119.34555053710938,87.1670913696289
2022-02-18,38.33489990234375,64.27184295654297,29.081111907958984,36.292442321777344,91.8261489868164,73.68028259277344,67.50005340576172,38.336605072021484,28.926124572753906,118.4537353515625,86.62806701660156
2022-02-22,37.790916442871094,63.61395263671875,28.611026763916016,36.10736083984375,90.93910217285156,72.99877166748047,66.97623443603516,38.233638763427734,28.895545959472656,118.15647888183594,84.10140991210938
2022-02-23,37.30635452270508,62.54607391357422,28.905893325805664,35.478118896484375,89.26764678955078,71.17176818847656,66.43467712402344,37.73599624633789,28.406309127807617,117.56192779541016,81.29081726074219
2022-02-24,37.19664764404297,64.3004379272461,28.679407119750977,35.05246353149414,90.40684509277344,73.60294342041016,65.28941345214844,38.38809585571289,28.633455276489258,118.03568267822266,83.14854431152344
2022-02-25,38.55432891845703,65.33967590332031,29.435810089111328,36.1813850402832,92.5638427734375,74.60345458984375,67.39350128173828,39.34907913208008,29.520198822021484,121.64942169189453,84.79444885253906
2022-02-28,38.115482330322266,65.2634048461914,30.162303924560547,35.644683837890625,93.27350616455078,74.46812438964844,66.49681854248047,38.671241760253906,29.67308235168457,120.72974395751953,85.39122009277344
2022-03-01,37.237789154052734,64.44345092773438,30.46571922302246,34.33068084716797,91.88218688964844,72.97945404052734,66.10616302490234,38.594024658203125,29.41536521911621,120.06086730957031,84.09661865234375
2022-03-02,38.05604934692383,64.99645233154297,31.162294387817383,35.21902847290039,93.84310150146484,74.55995178222656,66.80754852294922,39.28044128417969,29.77355194091797,121.87239074707031,85.86286926269531
2022-03-03,38.101768493652344,64.31949615478516,31.24776840209961,35.10799026489258,93.94581604003906,73.67060089111328,67.34910583496094,39.70944595336914,30.297733306884766,122.49478912353516,83.91853332519531
2022-03-04,37.969200134277344,63.39464569091797,32.149478912353516,34.450984954833984,93.74039459228516,72.38011169433594,67.35798645019531,40.04407501220703,30.96607208251953,123.10792541503906,82.58544158935547
2022-03-07,36.652671813964844,61.28753662109375,32.623844146728516,33.19249725341797,91.22855377197266,69.73139953613281,66.13282012939453,39.314762115478516,31.36794662475586,120.96199035644531,78.53797912597656
2022-03-08,36.465240478515625,61.13499450683594,33.13665008544922,32.99817657470703,90.66828918457031,69.39305877685547,64.34832000732422,38.96296310424805,30.883068084716797,118.49089813232422,78.70160675048828
2022-03-09,37.59435272216797,62.965599060058594,32.123836517333984,34.21038818359375,92.3117446899414,72.13843536376953,64.78333282470703,39.61506652832031,30.66465950012207,120.72974395751953,81.23308563232422
2022-03-10,37.694915771484375,62.49843215942383,33.10673904418945,33.923526763916016,92.19035339355469,70.87690734863281,64.17076110839844,39.75234603881836,30.869970321655273,120.68328094482422,81.81060028076172
2022-03-11,37.41606903076172,61.37334442138672,32.84177780151367,33.68293380737305,91.4526596069336,69.6299057006836,63.425010681152344,39.35765838623047,30.76512336730957,119.78217315673828,80.23686218261719
2022-03-14,37.3612174987793,60.65826416015625,31.858882904052734,34.10860061645508,91.76081085205078,68.33937072753906,63.76237106323242,39.11740493774414,30.730182647705078,120.62754821777344,78.89892578125
2022-03-15,37.790916442871094,61.82145690917969,30.69221305847168,34.58979034423828,93.21749877929688,70.6352310180664,65.19175720214844,39.42630386352539,31.123321533203125,123.03360748291016,81.54106903076172
2022-03-16,38.38519287109375,63.528141021728516,30.551189422607422,35.56140899658203,94.45002746582031,72.93110656738281,65.26276397705078,39.8638916015625,31.0665340423584,124.51065826416016,84.32280731201172
2022-03-17,39.12116622924805,64.21460723876953,31.602466583251953,36.00557327270508,95.66393280029297,73.44828033447266,65.71556091308594,40.4301872253418,31.197574615478516,126.48004913330078,85.72811889648438
2022-03-18,39.35887908935547,65.05365753173828,31.572553634643555,36.08885192871094,96.0280990600586,74.95148468017578,65.86647033691406,40.52457809448242,30.931119918823242,127.26042175292969,87.53286743164062
2022-03-21,39.686031341552734,64.44477844238281,32.84529495239258,36.053558349609375,96.2445068359375,74.80911254882812,65.95118713378906,40.31660842895508,31.137802124023438,127.16349792480469,86.79972076416016
2022-03-22,39.901695251464844,65.64916229248047,32.60369110107422,36.63880920410156,96.7691650390625,75.88412475585938,66.44171142578125,40.342498779296875,31.181766510009766,127.19149017333984,88.95428466796875
2022-03-23,39.7181510925293,64.7506332397461,33.164554595947266,35.960662841796875,95.8416748046875,74.71710205078125,65.9066162109375,39.885135650634766,31.225749969482422,124.90838623046875,87.8504867553711
2022-03-24,40.51654815673828,65.81165313720703,33.24653625488281,36.24863815307617,96.57241821289062,76.65887451171875,66.370361328125,40.195796966552734,31.546756744384766,126.39940643310547,88.53494262695312
2022-03-25,40.97080993652344,66.1270980834961,33.97565841674805,36.71312713623047,97.1720199584961,76.61529541015625,66.9233169555664,40.670413970947266,32.00407028198242,126.9864730834961,88.3807144165039
2022-03-28,40.78728103637695,66.33737182617188,33.13435363769531,36.61094665527344,97.20012664794922,77.5256576538086,67.19976806640625,41.18817901611328,32.21075439453125,127.90900421142578,90.73771667480469
2022-03-29,41.13141632080078,67.49395751953125,33.04806900024414,36.69454574584961,98.09950256347656,79.17205810546875,67.79730224609375,42.39629364013672,32.50977325439453,128.66383361816406,92.31868743896484
2022-03-30,40.99375915527344,67.01605987548828,33.432044982910156,36.43444061279297,97.98709106445312,78.11642456054688,67.8418960571289,42.16330337524414,32.77802276611328,128.91543579101562,90.91606140136719
2022-03-31,40.44771957397461,65.74474334716797,32.979042053222656,35.59836196899414,96.47874450683594,76.9591064453125,67.68136596679688,41.69730758666992,32.742828369140625,127.65739440917969,89.17120361328125
2022-04-01,40.874454498291016,66.23224639892578,33.24653625488281,35.50547409057617,95.72923278808594,76.73149871826172,68.3591537475586,42.52573776245117,33.20016860961914,128.66383361816406,89.28205871582031
2022-04-04,40.883636474609375,68.05794525146484,33.289676666259766,35.34754180908203,95.6074447631836,78.1890640258789,68.14511108398438,42.39629364013672,32.94512176513672,127.5921859741211,91.28720092773438
2022-04-05,40.5578498840332,67.18810272216797,32.767635345458984,35.12458419799805,94.2490005493164,76.54267120361328,68.20753479003906,42.43081283569336,33.151798248291016,127.86241912841797,89.1471176147461
2022-04-06,40.08982849121094,65.93592071533203,32.9617805480957,34.88304901123047,93.51824188232422,74.73164367675781,69.07261657714844,43.060760498046875,33.811397552490234,129.81005859375,86.87203216552734
2022-04-07,40.35136795043945,65.3624038696289,33.39322280883789,34.845890045166016,93.8367691040039,74.84783935546875,69.91094970703125,42.70695877075195,33.727848052978516,132.30746459960938,87.31546783447266
2022-04-08,40.59914779663086,65.07563018798828,34.31217956542969,35.19890594482422,93.31211853027344,73.8019027709961,70.20524597167969,42.862281799316406,33.84218215942383,133.09951782226562,86.5105209350586
2022-04-11,40.39725875854492,64.2344741821289,33.281044006347656,35.04096221923828,93.01232147216797,71.94243621826172,69.91986083984375,42.275482177734375,33.38046646118164,130.45303344726562,84.90544891357422
2022-04-12,40.40642547607422,63.708744049072266,33.83328628540039,34.66009521484375,92.8624267578125,71.62286376953125,69.93770599365234,42.14604187011719,33.50797653198242,129.18569946289062,85.09342193603516
2022-04-13,41.002933502197266,64.64547729492188,34.33807373046875,34.66009521484375,93.73371887207031,72.77532196044922,70.33010864257812,42.31863784790039,33.44202423095703,129.81935119628906,87.20941925048828
2022-04-14,40.86528778076172,63.546234130859375,34.450233459472656,34.26992416381836,93.63065338134766,71.00787353515625,70.31224822998047,42.07699966430664,33.45960235595703,129.19500732421875,85.98995208740234
2022-04-18,40.9019889831543,63.335968017578125,34.955020904541016,34.47429275512695,93.30274963378906,71.24031066894531,69.73258209228516,41.97345733642578,33.27931594848633,127.76921844482422,86.25022888183594
2022-04-19,41.28742599487305,64.59770202636719,34.67026901245117,34.94807815551758,94.99848937988281,72.57679748535156,70.79387664794922,42.8536491394043,33.49478530883789,128.98995971679688,88.75183868408203
2022-04-20,41.54896926879883,61.7970085144043,34.804012298583984,35.18960952758789,95.51374816894531,72.5090103149414,71.85513305664062,43.66481399536133,33.76742935180664,130.7233123779297,87.60951232910156
2022-04-21,40.869869232177734,60.038204193115234,33.69954299926758,34.63221740722656,94.53941345214844,71.279052734375,71.79273223876953,43.38005828857422,33.208953857421875,129.27886962890625,86.76116943359375
2022-04-22,39.34189987182617,58.61396026611328,32.87549591064453,33.6010627746582,92.21598052978516,69.28400421142578,70.66899871826172,42.603397369384766,32.650489807128906,124.5635986328125,84.74636840820312
2022-04-25,39.231773376464844,59.41688919067383,31.78827476501465,33.656795501708984,92.21598052978516,70.32511901855469,70.98114776611328,42.40492248535156,32.42622756958008,125.40229034423828,85.3585205078125
2022-04-26,38.626094818115234,57.466915130615234,31.831422805786133,32.81142807006836,90.20171356201172,67.7054214477539,69.88418579101562,41.740455627441406,32.10082244873047,123.19375610351562,81.03974151611328
2022-04-27,39.195064544677734,56.18604278564453,32.29737854003906,32.783565521240234,90.53899383544922,68.70777130126953,70.142822265625,41.490203857421875,31.94691276550293,122.92350769042969,81.04940795898438
2022-04-28,39.81450653076172,58.432334899902344,33.2767333984375,33.20160675048828,91.5601806640625,71.45820617675781,71.17735290527344,42.24959182739258,32.303104400634766,124.61949157714844,82.71231842041016
2022-04-29,39.01611328125,56.45368194580078,32.4224853515625,32.05895233154297,89.13368225097656,68.48017883300781,69.2420654296875,40.21305465698242,31.335678100585938,121.41384887695312,78.50921630859375
2022-05-02,38.896812438964844,58.011749267578125,32.94020462036133,32.0682487487793,89.321044921875,69.52129364013672,68.33241271972656,39.16889572143555,31.014673233032227,120.65902709960938,79.65638732910156
2022-05-03,39.33271408081055,58.164703369140625,33.863487243652344,32.48630142211914,89.91129302978516,69.64234924316406,68.1362075805664,39.643516540527344,31.133394241333008,121.04109191894531,79.45877075195312
2022-05-04,40.60832595825195,60.1624641418457,35.26997375488281,33.48030090332031,92.5157699584961,72.08772277832031,69.67013549804688,40.109500885009766,31.82818031311035,123.72492980957031,81.79168701171875
2022-05-05,39.351070404052734,57.9448356628418,34.73929977416992,32.5048713684082,90.0986557006836,68.62061309814453,68.35023498535156,39.082603454589844,31.502788543701172,121.32066345214844,77.20777893066406
2022-05-06,38.786685943603516,56.75,35.774742126464844,32.27263259887695,89.48970031738281,68.06858825683594,68.42157745361328,38.685646057128906,31.753427505493164,120.9385986328125,76.22931671142578
2022-05-09,37.561546325683594,55.2779655456543,32.81509017944336,31.501577377319336,87.3255386352539,65.4343490600586,68.39481353759766,36.882102966308594,31.515968322753906,117.80750274658203,72.98059844970703
2022-05-10,37.32754135131836,55.526493072509766,33.11278533935547,31.222881317138672,86.7540512084961,66.4318618774414,67.92216491699219,36.062313079833984,31.133394241333008,118.2268295288086,72.76370239257812
2022-05-11,37.34588623046875,54.522830963134766,33.557167053222656,30.93489646911621,85.96707153320312,64.33514404296875,67.62784576416016,36.010528564453125,31.357669830322266,117.44407653808594,70.15604400634766
2022-05-12,37.27706527709961,55.115478515625,33.69954299926758,30.702653884887695,86.12633514404297,63.671749114990234,67.61000061035156,36.278038024902344,31.041051864624023,118.5809555053711,70.6380386352539
2022-05-13,37.85063171386719,56.4058952331543,34.851470947265625,31.148561477661133,87.22248077392578,65.78783416748047,68.62669372558594,37.18412780761719,31.410442352294922,119.8389892578125,73.41923522949219
2022-05-16,37.78179931640625,56.042667388916016,35.77043914794922,30.88844871520996,87.10067749023438,65.2067642211914,68.93885040283203,36.882102966308594,31.507183074951172,120.72428131103516,71.83341979980469
2022-05-17,38.85092544555664,57.26617431640625,36.18461608886719,31.715238571166992,89.07747650146484,67.09529113769531,68.4661636352539,37.279052734375,31.832582473754883,122.38302612304688,73.64579010009766
2022-05-18,37.644142150878906,55.392669677734375,35.25703048706055,30.842002868652344,85.76095581054688,64.02523040771484,64.06051635742188,36.191749572753906,31.524765014648438,119.22395324707031,68.83052825927734
2022-05-19,37.9102783203125,55.31619644165039,35.127593994140625,30.63762855529785,84.99274444580078,63.3231086730957,62.918968200683594,36.12271499633789,31.458810806274414,119.48486328125,68.87872314453125
2022-05-20,37.81850814819336,55.45957946777344,35.278594970703125,30.581893920898438,84.07457733154297,63.46354293823242,63.05272674560547,36.54555892944336,31.546756744384766,120.9385986328125,67.67853546142578
2022-05-23,38.51137924194336,56.291194915771484,36.210506439208984,31.575891494750977,85.45178985595703,64.92107391357422,64.35482025146484,37.020172119140625,31.9249267578125,122.00093841552734,68.18464660644531
2022-05-24,38.2911262512207,54.29342269897461,36.34856414794922,31.510860443115234,85.40494537353516,63.957462310791016,65.40716552734375,37.45164489746094,32.56254959106445,122.36436462402344,66.43014526367188
2022-05-25,38.460899353027344,55.01988220214844,37.099266052246094,31.761682510375977,85.9014892578125,64.70315551757812,65.4250259399414,37.658756256103516,32.540565490722656,122.32711029052734,68.30514526367188
2022-05-26,39.16752624511719,56.35811233520508,37.50912857055664,32.49557876586914,87.64405059814453,66.25756072998047,66.12064361572266,37.615604400634766,32.63290786743164,122.84894561767578,71.65506744384766
2022-05-27,40.085227966308594,57.5625,38.19511413574219,33.043678283691406,89.44285583496094,68.49954986572266,66.88761901855469,38.67702102661133,33.14300537109375,124.88972473144531,74.11331176757812
2022-05-31,39.47496032714844,57.52426528930664,37.621299743652344,32.95077133178711,88.7214584350586,68.0104751586914,66.41496276855469,38.15925216674805,32.68567657470703,123.2216796875,74.4892807006836
2022-06-01,39.080352783203125,56.86470413208008,38.233943939208984,32.421260833740234,88.1780776977539,67.80711364746094,65.54986572265625,37.74504089355469,32.63290786743164,121.45111846923828,73.7132568359375
2022-06-02,40.15864944458008,58.2507209777832,38.11314392089844,32.86716842651367,89.86442565917969,69.44864654541016,66.50413513183594,38.31458282470703,32.85277557373047,122.41095733642578,75.96904754638672
2022-06-03,39.76862716674805,56.98897933959961,38.617919921875,32.39338684082031,89.51780700683594,67.7877197265625,65.83524322509766,37.831329345703125,32.694461822509766,120.97588348388672,73.74697875976562
2022-06-06,40.1448860168457,57.27573013305664,38.57477569580078,32.48630142211914,89.89254760742188,67.79256439208984,65.86199951171875,37.71915054321289,32.83957290649414,120.9945068359375,74.48445892333984
2022-06-07,40.4339599609375,57.68675994873047,39.72671127319336,32.737125396728516,91.1010971069336,68.60124969482422,66.20982360839844,38.15925216674805,33.037471771240234,122.56938171386719,74.3012924194336
2022-06-08,39.594268798828125,57.53382110595703,39.81300735473633,32.16114807128906,89.45221710205078,67.82646942138672,65.39826202392578,37.24453353881836,32.39105224609375,121.60025024414062,73.8626708984375
2022-06-09,38.658206939697266,55.76545715332031,38.932861328125,31.35293960571289,87.69091033935547,66.01543426513672,64.41724395751953,36.39022445678711,31.612716674804688,118.8511962890625,72.52751159667969
2022-06-10,37.474369049072266,54.2073974609375,38.272769927978516,30.21959114074707,85.10515594482422,63.47805404663086,64.14076232910156,35.527286529541016,31.3708553314209,116.94084930419922,69.63549041748047
2022-06-13,36.01062774658203,51.645660400390625,36.27522277832031,29.3184814453125,82.54751586914062,60.66466522216797,62.7584342956543,33.81865692138672,29.92851448059082,113.39974212646484,66.42048645019531
2022-06-14,35.735321044921875,51.50227737426758,36.34424591064453,29.06766128540039,82.34139251708984,61.04721450805664,62.018211364746094,33.57703399658203,29.172164916992188,112.31877136230469,66.3674545288086
2022-06-15,35.72615051269531,52.65888977050781,35.54177474975586,29.39280128479004,83.13773345947266,62.33526611328125,62.08063507080078,34.34505081176758,29.361255645751953,113.45565032958984,68.23284149169922
2022-06-16,34.4367790222168,50.737586975097656,33.53990936279297,28.649621963500977,80.36459350585938,59.797889709472656,61.60797119140625,33.52526092529297,28.794002532958984,111.78759002685547,64.89253234863281
2022-06-17,34.37712860107422,51.464046478271484,31.706300735473633,28.73322868347168,80.15846252441406,60.34507369995117,61.38500213623047,33.72373962402344,28.525760650634766,111.72237396240234,65.60108184814453
2022-06-21,34.896907806396484,51.828155517578125,33.348873138427734,29.306659698486328,81.62077331542969,61.88068771362305,63.02301025390625,34.3517951965332,29.068750381469727,114.73004150390625,67.47752380371094
2022-06-22,34.44873809814453,51.914390563964844,32.01387023925781,29.241283416748047,81.16909790039062,61.6185188293457,62.978092193603516,34.90851974487305,29.374589920043945,116.32093811035156,67.3470687866211
2022-06-23,33.97746658325195,52.55638122558594,30.827205657958984,29.129209518432617,80.75507354736328,62.54095458984375,64.2000961303711,35.595726013183594,30.066083908081055,118.93182373046875,68.40512084960938
2022-06-24,35.32658386230469,54.55897521972656,31.232942581176758,30.20322608947754,83.57799530029297,64.78878021240234,65.45804595947266,36.36992645263672,30.589120864868164,120.9063720703125,71.01396179199219
2022-06-27,35.0355224609375,54.04155349731445,32.14911651611328,30.100500106811523,83.38040924072266,64.35186004638672,65.2783432006836,36.23944854736328,30.837343215942383,121.35556030273438,70.26996612548828
2022-06-28,34.66128158569336,52.47012710571289,33.017303466796875,29.80164337158203,82.41119384765625,62.424442291259766,64.40677642822266,35.74361038208008,30.722089767456055,119.24065399169922,67.46304321289062
2022-06-29,34.41178512573242,52.63302230834961,31.869905471801758,29.63353157043457,81.9312973022461,62.550662994384766,64.81109619140625,35.5174446105957,30.74424934387207,120.27940368652344,67.40987396240234
2022-06-30,34.00519561767578,52.00062942504883,31.198036193847656,29.372032165527344,82.18534088134766,61.71562576293945,64.85603332519531,35.54353332519531,31.085559844970703,120.00802612304688,66.41948699951172
2022-07-01,34.24544906616211,52.52763366699219,31.664846420288086,29.773624420166016,82.90050506591797,61.85640335083008,65.7905044555664,36.17855453491211,31.84796142578125,121.35556030273438,67.64178466796875
2022-07-05,33.55702590942383,53.74452590942383,30.40837860107422,29.6708927154541,81.65839385986328,62.6331901550293,65.36819458007812,36.030670166015625,30.76198959350586,120.6537094116211,69.15396118164062
2022-07-06,33.769561767578125,53.75410842895508,29.889217376708984,29.59617805480957,82.12891387939453,63.172096252441406,65.556884765625,36.00457763671875,31.08112907409668,121.46788024902344,68.92688751220703
2022-07-07,34.06987762451172,54.59730911254883,30.966814041137695,30.025785446166992,83.09811401367188,64.47805786132812,65.61978149414062,36.030670166015625,31.05010223388672,121.98255920410156,70.70476531982422
2022-07-08,33.73721694946289,54.338600158691406,30.953725814819336,29.960412979125977,82.72172546386719,64.50718688964844,65.50296783447266,35.86539077758789,30.948152542114258,122.34751892089844,70.71443176269531
2022-07-11,33.64481735229492,52.690528869628906,30.657054901123047,29.717586517333984,82.16654968261719,63.618743896484375,65.41312408447266,35.86539077758789,31.143190383911133,122.03872680664062,68.77711486816406
2022-07-12,33.580135345458984,52.661773681640625,30.05936050415039,29.530797958374023,81.9124755859375,62.749698638916016,65.22441864013672,35.63922882080078,30.99247932434082,120.48529052734375,68.36164093017578
2022-07-13,33.38608169555664,52.4222297668457,30.011375427246094,29.269304275512695,80.9150390625,62.58464431762695,65.26934814453125,35.447853088378906,30.863935470581055,119.31551361083984,68.92205047607422
2022-07-14,32.771583557128906,51.76107406616211,29.4442138671875,28.708948135375977,80.45394134521484,63.157527923583984,65.3232650756836,35.099891662597656,30.863935470581055,118.9692611694336,68.86407470703125
2022-07-15,33.28443908691406,53.09295654296875,29.92411231994629,29.680234909057617,81.7148666381836,64.26930236816406,65.5389175415039,35.66532897949219,30.921567916870117,121.84220123291016,69.97525024414062
2022-07-18,33.36296844482422,52.824668884277344,30.609071731567383,29.568161010742188,81.22557067871094,63.647857666015625,64.90096282958984,35.31736373901367,30.49160385131836,119.26873016357422,70.17817687988281
2022-07-19,34.37944030761719,54.702701568603516,31.551422119140625,30.45538902282715,84.123779296875,65.58982849121094,65.5838394165039,36.29164123535156,30.686635971069336,121.29942321777344,72.32806396484375
2022-07-20,34.439510345458984,55.60340118408203,31.856807708740234,30.567459106445312,84.77304077148438,66.61421203613281,65.14356231689453,36.10896682739258,30.278839111328125,120.10157775878906,73.51653289794922
2022-07-21,34.92924880981445,55.57465362548828,31.298383712768555,30.763578414916992,85.38470458984375,67.55122375488281,65.34124755859375,36.483009338378906,30.358623504638672,122.00128173828125,75.19779205322266
2022-07-22,34.67975616455078,53.64871597290039,31.040987014770508,30.58614158630371,85.11181640625,66.61907958984375,65.77252960205078,36.76137161254883,30.77528190612793,121.49594116210938,74.76298522949219
2022-07-25,34.82297897338867,53.466651916503906,32.17966079711914,30.782264709472656,85.51644134521484,66.19670867919922,66.09599304199219,36.787471771240234,31.160907745361328,122.13229370117188,74.12045288085938
2022-07-26,34.587345123291016,52.39348602294922,31.887351989746094,30.352657318115234,85.05535125732422,65.1237564086914,65.94326782226562,36.85706329345703,31.347082138061523,122.75929260253906,71.73381805419922
2022-07-27,35.003177642822266,54.60688400268555,32.60720443725586,30.819623947143555,86.37273406982422,67.925048828125,66.39251708984375,37.05714416503906,31.373674392700195,123.52664947509766,74.4489517211914
2022-07-28,35.622291564941406,53.98406982421875,32.79045104980469,31.043773651123047,88.179443359375,68.95915222167969,67.4527816772461,38.4228630065918,32.49955368041992,124.31271362304688,75.7292251586914
2022-07-29,36.098175048828125,54.012821197509766,34.21269989013672,31.482715606689453,89.99549865722656,70.01749420166016,66.93163299560547,38.57073211669922,32.77879333496094,123.90096282958984,78.66661071777344
2022-08-01,35.80710983276367,53.93616485595703,33.50593185424805,31.221210479736328,90.089599609375,69.86700439453125,67.76727294921875,38.2227897644043,32.81426239013672,122.98387145996094,79.05792999267578
2022-08-02,35.442100524902344,53.84992980957031,33.427406311035156,30.875654220581055,89.13920593261719,69.37181854248047,67.2281494140625,37.718257904052734,32.747772216796875,122.54405212402344,78.51685333251953
2022-08-03,35.47905731201172,55.143470764160156,32.46759796142578,31.342626571655273,89.9767074584961,71.2166748046875,67.6684341430664,37.87483596801758,32.95167541503906,123.66702270507812,80.43000793457031
2022-08-04,35.502159118652344,55.38301467895508,31.26348114013672,31.23988914489746,90.30604553222656,71.54194641113281,67.21916198730469,37.90963363647461,33.0225944519043,123.05876922607422,80.7585220336914
2022-08-05,35.62690734863281,54.702701568603516,31.88298988342285,31.46402931213379,90.44718170166016,71.37688446044922,67.06641387939453,38.03139877319336,32.90291976928711,123.01195526123047,79.38164520263672
2022-08-08,35.82558059692383,55.01891326904297,32.04877853393555,31.445341110229492,90.41895294189453,70.77001953125,67.03047943115234,38.30976867675781,32.95167541503906,123.30204772949219,79.7391357421875
2022-08-09,35.65000915527344,54.48233413696289,32.611572265625,31.604127883911133,90.089599609375,70.06121063232422,66.93163299560547,38.61423110961914,33.31957244873047,122.927734375,78.4685287475586
2022-08-10,36.66184997558594,56.015411376953125,32.8471565246582,32.31390380859375,92.06565856933594,71.97406005859375,67.42584228515625,39.13616943359375,33.465850830078125,124.26594543457031,80.68122100830078
2022-08-11,36.786598205566406,56.07291030883789,33.97712326049805,32.69682312011719,92.55497741699219,71.69244384765625,67.26411437988281,38.9534912109375,33.4614143371582,123.46113586425781,80.27057647705078
2022-08-12,37.47962951660156,57.069419860839844,34.23452377319336,33.210479736328125,93.94761657714844,73.11979675292969,67.84814453125,39.61460494995117,34.006614685058594,125.04264831542969,82.08711242675781
2022-08-15,37.456539154052734,57.2706413269043,33.5670166015625,33.20113754272461,94.17346954345703,73.58100891113281,68.52204132080078,39.78858184814453,34.290313720703125,125.66964721679688,82.65235900878906
2022-08-16,37.66444396972656,57.38562774658203,33.48849105834961,33.44396209716797,94.59691619873047,73.38196563720703,69.2947769165039,39.63199996948242,34.387821197509766,125.33273315429688,83.56546020507812
2022-08-17,37.146976470947266,56.27412796020508,33.7677001953125,33.27585220336914,93.8441162109375,72.8576431274414,69.09709167480469,39.518917083740234,34.330196380615234,124.60282135009766,82.6668472290039
2022-08-18,37.26248550415039,56.187896728515625,34.675148010253906,33.31320571899414,94.22050476074219,73.23629760742188,69.33071899414062,39.24924850463867,34.458736419677734,124.05071258544922,82.64270782470703
2022-08-19,36.57868576049805,55.277618408203125,34.66642379760742,32.65012741088867,93.00665283203125,71.90608978271484,69.1061019897461,38.86650466918945,34.441017150878906,124.38758850097656,80.93727111816406
2022-08-22,35.99653625488281,53.69660949707031,34.60098648071289,31.93099021911621,91.23760223388672,69.90100860595703,68.40522766113281,38.05750274658203,33.97115707397461,122.75929260253906,78.69076538085938
2022-08-23,36.352298736572266,53.236690521240234,35.848731994628906,31.800249099731445,91.40697479248047,69.71649932861328,68.10871887207031,37.48337936401367,33.767269134521484,121.0467758178711,78.91300201416016
2022-08-24,36.430843353271484,53.55288314819336,36.289371490478516,31.968351364135742,91.70809173583984,69.76020050048828,68.27943420410156,37.77914047241211,33.87364196777344,121.19646453857422,79.25118255615234
2022-08-25,37.25787353515625,54.59730911254883,36.56858825683594,32.46332931518555,93.11013793945312,70.93994903564453,68.59392547607422,38.361968994140625,34.081974029541016,122.53470611572266,80.19811248779297
2022-08-26,36.11665725708008,52.85341262817383,36.141029357910156,31.492061614990234,89.88259887695312,67.91048431396484,66.89570617675781,37.387691497802734,33.55894088745117,119.11896514892578,77.14478302001953
2022-08-29,35.862548828125,52.4413948059082,36.68637466430664,31.267902374267578,89.47795104980469,67.01233673095703,66.78787231445312,37.06583786010742,33.660884857177734,118.28612518310547,76.73413848876953
2022-08-30,35.27577590942383,51.98146438598633,35.4430046081543,31.09979820251465,88.18882751464844,66.31320190429688,66.09599304199219,36.53520584106445,33.16886520385742,117.50003051757812,75.8790054321289
2022-08-31,34.84146499633789,52.10602951049805,35.120155334472656,30.866317749023438,87.44544219970703,65.66751861572266,65.69165802001953,36.404727935791016,32.95167541503906,116.75141143798828,75.13016510009766
2022-09-01,34.384056091308594,52.58511734008789,34.25632095336914,30.9597110748291,87.56775665283203,65.34709930419922,66.06007385253906,36.53520584106445,33.425960540771484,118.66980743408203,75.8161849975586
2022-09-02,34.35171127319336,51.58861541748047,34.88456726074219,30.716890335083008,86.72090148925781,64.49748229980469,65.19747161865234,35.908897399902344,33.06692123413086,116.96663665771484,75.12049102783203
2022-09-06,34.24544906616211,50.946624755859375,34.56172180175781,30.642179489135742,86.8620376586914,64.07025909423828,64.82907104492188,36.28293991088867,33.1511344909668,117.07891845703125,74.96590423583984
2022-09-07,35.19260025024414,51.971885681152344,34.16035079956055,31.249225616455078,88.25469207763672,65.09463500976562,65.99717712402344,36.978851318359375,34.18836212158203,118.98796081542969,77.26554107666016
2022-09-08,35.53450012207031,51.847320556640625,34.30868911743164,31.800249099731445,88.51818084716797,65.3179702758789,65.8264389038086,37.08323669433594,34.161766052246094,121.05612182617188,77.98539733886719
2022-09-09,36.070457458496094,53.294185638427734,35.16378402709961,32.08977127075195,89.6661605834961,66.60936737060547,66.47340393066406,37.43989181518555,34.29916763305664,122.12293243408203,79.46376037597656
2022-09-12,36.40773391723633,53.572044372558594,35.80946731567383,32.35126495361328,90.2025375366211,67.67744445800781,66.73396301269531,37.75304412841797,34.62718200683594,122.93708038330078,80.48796081542969
2022-09-13,35.109439849853516,50.63043212890625,34.906368255615234,31.146499633789062,86.80558776855469,64.08480834960938,64.505615234375,36.31772994995117,33.70520782470703,118.87567901611328,76.33797454833984
2022-09-14,34.67975616455078,50.7166633605957,35.892356872558594,31.0531005859375,86.63621520996094,64.3178482055664,64.4786605834961,35.87410354614258,33.98002624511719,118.94120025634766,77.31868743896484
2022-09-15,34.22233581542969,50.496280670166016,34.96746063232422,31.155834197998047,85.73286437988281,62.83710861206055,63.939537048339844,35.0911979675293,33.13340759277344,119.60560607910156,76.92255401611328
2022-09-16,33.68178176879883,49.95970153808594,34.221431732177734,30.875654220581055,83.94498443603516,62.487552642822266,64.0922622680664,35.099891662597656,33.009300231933594,119.26873016357422,76.30413818359375
2022-09-19,34.23934555053711,50.24776077270508,34.2417106628418,31.225849151611328,85.08431243896484,62.99711990356445,64.51824188232422,35.033180236816406,33.451541900634766,118.6260986328125,77.38375091552734
2022-09-20,33.58884811401367,49.469993591308594,34.00355529785156,30.76581573486328,84.0253677368164,62.62721252441406,64.16552734375,34.111488342285156,32.965126037597656,117.23556518554688,76.07176208496094
2022-09-21,32.85472106933594,48.26012420654297,33.50519561767578,30.127405166625977,82.90966796875,61.648983001708984,63.921348571777344,33.611141204833984,32.51438903808594,115.29072570800781,74.27079010009766
2022-09-22,32.45977020263672,48.08729553222656,33.386104583740234,29.62042999267578,81.6616439819336,61.021148681640625,63.830909729003906,33.295127868652344,32.39836883544922,115.90142822265625,72.55696105957031
2022-09-23,31.795324325561523,47.155879974365234,31.083927154541016,29.15100860595703,80.12996673583984,60.222984313964844,62.74565505981445,32.88256072998047,32.02351379394531,115.30948638916016,70.8866958618164
2022-09-26,31.279586791992188,46.387718200683594,30.32093620300293,28.690977096557617,79.2884750366211,59.80442810058594,62.790889739990234,31.995983123779297,31.25147819519043,114.21025085449219,70.7269287109375
2022-09-27,31.349287033081055,46.1380615234375,30.66053581237793,28.568923950195312,79.02373504638672,59.88229751586914,61.705623626708984,31.574630737304688,30.724897384643555,113.86262512207031,70.94962310791016
2022-09-28,32.15775680541992,47.71281051635742,32.018917083740234,29.132230758666992,80.763427734375,60.514991760253906,62.44722366333008,32.171546936035156,31.05512809753418,116.35238647460938,72.8667984008789
2022-09-29,31.683826446533203,46.55095672607422,32.018917083740234,28.766082763671875,79.36412811279297,58.93811798095703,61.41623306274414,31.276182174682617,29.8100643157959,115.37527465820312,70.34931945800781
2022-09-30,31.600194931030273,45.98442840576172,31.76311492919922,28.503204345703125,78.32406616210938,57.80900192260742,60.34906768798828,31.6097412109375,29.234394073486328,113.7874526977539,68.9646987915039
2022-10-03,32.627044677734375,47.2711181640625,33.5581169128418,29.27306365966797,80.68778991699219,59.60002517700195,61.38909149169922,32.197872161865234,30.09121322631836,116.12689208984375,69.03247833251953
2022-10-04,33.82581329345703,48.72102737426758,35.00028991699219,30.36211395263672,83.49588775634766,61.60031509399414,62.32061004638672,32.70700454711914,30.729358673095703,118.8233642578125,71.4434585571289
2022-10-05,33.44480895996094,48.34654998779297,35.72358322143555,30.127405166625977,83.04206085205078,61.804725646972656,61.95885467529297,32.101318359375,30.046588897705078,119.21798706054688,71.02225494384766
2022-10-06,33.0916748046875,48.08729553222656,36.35866928100586,29.704925537109375,82.08712768554688,61.29856872558594,61.05447769165039,31.047950744628906,29.055891036987305,117.69593811035156,70.51876831054688
2022-10-07,32.27391052246094,46.791011810302734,36.076412200927734,29.000795364379883,80.5176010131836,58.77751159667969,60.141056060791016,30.310596466064453,28.453439712524414,115.20616149902344,68.09325408935547
2022-10-10,32.34362030029297,46.666175842285156,35.335479736328125,28.86935806274414,80.80125427246094,57.78953170776367,60.35811233520508,29.96824836730957,28.50252914428711,114.48271942138672,67.67207336425781
2022-10-11,32.092708587646484,45.792388916015625,35.0532112121582,28.503204345703125,80.78234100341797,56.90375900268555,60.85551834106445,30.2491512298584,28.399890899658203,115.09341430664062,67.12015533447266
2022-10-12,31.851091384887695,45.73477554321289,35.335479736328125,28.43748664855957,80.14885711669922,56.72854995727539,61.18109130859375,29.845359802246094,27.453824996948242,114.52969360351562,67.29446411132812
2022-10-13,32.785011291503906,46.83902359008789,36.777645111083984,29.611040115356445,81.91692352294922,58.49037551879883,62.193973541259766,30.407150268554688,28.141063690185547,117.1979751586914,68.03032684326172
2022-10-14,31.67917823791504,46.07085418701172,35.40604019165039,29.11345863342285,80.12049865722656,56.845359802246094,61.07256317138672,29.643463134765625,27.734966278076172,116.40878295898438,65.4886245727539
2022-10-17,32.46906661987305,47.338321685791016,35.84707260131836,29.845754623413086,81.8696517944336,58.57796859741211,61.732757568359375,30.74949836730957,28.315105438232422,118.27845001220703,68.1465072631836
2022-10-18,33.105621337890625,47.693599700927734,36.16020584106445,30.324562072753906,83.84573364257812,59.07439422607422,62.537662506103516,31.153282165527344,28.832761764526367,118.9361343383789,69.08573913574219
2022-10-19,32.71533203125,47.73201370239258,37.227500915527344,29.82697296142578,83.25005340576172,58.904052734375,62.24824905395508,30.372037887573242,28.457902908325195,117.27313995361328,68.31111907958984
2022-10-20,32.47835922241211,47.84723663330078,37.262786865234375,29.34816551208496,81.6143798828125,58.93811798095703,61.38005828857422,30.222814559936523,27.73942756652832,116.27723693847656,66.98942565917969
2022-10-21,33.602783203125,48.15451431274414,38.338905334472656,30.22128677368164,83.85516357421875,60.514991760253906,62.32061004638672,30.43348503112793,28.252626419067383,118.88916015625,68.94049072265625
2022-10-24,33.40763854980469,48.49058151245117,38.51972579956055,30.624980926513672,84.9708480834961,61.35210037231445,63.44202423095703,30.415931701660156,28.489139556884766,121.18162536621094,69.22612762451172
2022-10-25,34.23469161987305,49.777259826660156,38.559417724609375,30.991132736206055,86.11487579345703,62.525028228759766,64.2740707397461,31.61852264404297,29.060354232788086,122.10238647460938,70.95933532714844
2022-10-26,34.47630310058594,48.20250701904297,39.084251403808594,31.06624412536621,86.41743469238281,61.13309097290039,64.69912719726562,31.55706787109375,29.046966552734375,123.45529174804688,70.3880386352539
2022-10-27,34.388031005859375,45.91720962524414,39.225372314453125,31.31972885131836,87.42910766601562,60.437129974365234,64.75337219238281,31.574630737304688,29.279020309448242,122.80704498291016,70.11692810058594
2022-10-28,34.73185348510742,47.07907485961914,39.362098693847656,32.09897232055664,89.4619140625,63.06525421142578,66.17325592041016,32.320762634277344,30.08228874206543,124.8270263671875,70.17986297607422
2022-10-31,34.4205436706543,46.29169464111328,39.69287109375,31.90181541442871,89.20662689208984,62.23301696777344,65.78436279296875,32.24176025390625,29.801145553588867,124.72367858886719,69.7296142578125
2022-11-01,34.50883865356445,45.99403381347656,40.076568603515625,31.986309051513672,89.12153625488281,61.712249755859375,65.57635498046875,32.189090728759766,29.91716766357422,124.7988510131836,69.02278900146484
2022-11-02,33.61207962036133,44.69775390625,39.1107063293457,31.58260726928711,87.55201721191406,59.58055114746094,64.43685913085938,31.34640121459961,29.62710189819336,122.67549896240234,66.4133071899414
2022-11-03,33.86763000488281,43.60310745239258,39.834007263183594,31.263404846191406,88.46914672851562,57.828460693359375,64.21978759765625,31.32884407043457,29.756521224975586,122.15876770019531,66.0163345336914
2022-11-04,35.043174743652344,43.900779724121094,40.31913757324219,31.83609390258789,89.88738250732422,58.884578704833984,64.97946166992188,31.76775360107422,29.939477920532227,122.9009780883789,66.5682373046875
2022-11-07,35.31730270385742,44.688148498535156,41.01154708862305,32.155296325683594,90.85176849365234,59.86770248413086,65.55826568603516,31.758970260620117,29.368270874023438,124.2163314819336,66.10346984863281
2022-11-08,35.92599105834961,44.73616409301758,41.05125045776367,32.34307098388672,91.64596557617188,60.44198989868164,65.7481918334961,31.95208740234375,29.57354736328125,124.83642578125,65.93885803222656
2022-11-09,35.34518814086914,44.131221771240234,39.044551849365234,31.798532485961914,90.36957550048828,58.8699836730957,65.03374481201172,31.6009578704834,29.341495513916016,123.49287414550781,63.92486572265625
2022-11-10,37.301326751708984,46.80061340332031,39.913387298583984,33.403961181640625,94.16096496582031,63.70769500732422,66.56212615966797,34.023704528808594,30.724897384643555,126.63092803955078,68.59674835205078
2022-11-11,37.75202560424805,48.0296745300293,41.07330322265625,33.67621994018555,94.104248046875,64.79788208007812,66.48979949951172,34.00615310668945,30.38127899169922,125.08071899414062,70.24280548095703
2022-11-14,37.70091247558594,47.83763885498047,41.0600700378418,33.19740676879883,93.5274658203125,64.24303436279297,65.96524047851562,33.102012634277344,30.01981544494629,125.19344329833984,69.12931060791016
2022-11-15,37.64515686035156,48.548187255859375,41.492279052734375,33.272518157958984,94.1704330444336,65.02174377441406,66.51691436767578,33.514583587646484,30.35004234313965,125.03373718261719,70.07335662841797
2022-11-16,37.27809524536133,48.068092346191406,40.6454963684082,33.112918853759766,93.48967742919922,64.131103515625,66.84249877929688,33.2775764465332,30.622257232666016,124.97737884521484,69.00342559814453
2022-11-17,36.92031478881836,47.70320510864258,40.733707427978516,32.934539794921875,93.3289566040039,64.2138442993164,66.82439422607422,32.9791145324707,30.08674430847168,124.92095947265625,68.16588592529297
2022-11-18,37.16657638549805,47.559173583984375,40.41175079345703,33.2067985534668,94.01915740966797,64.286865234375,67.53886413574219,33.40047073364258,30.724897384643555,126.43365478515625,68.25786590576172
2022-11-21,37.292030334472656,47.16547775268555,39.864871978759766,33.31007766723633,94.32170867919922,63.595741271972656,68.18096923828125,33.63747787475586,30.863239288330078,126.4900131225586,67.27023315429688
2022-11-22,38.13767623901367,47.86643600463867,41.11299133300781,33.6480598449707,95.04973602294922,64.82705688476562,68.67838287353516,33.80425262451172,31.126523971557617,127.58927917480469,68.03032684326172
2022-11-23,38.28636932373047,48.47137451171875,40.667545318603516,33.788875579833984,95.40901184082031,65.4013671875,68.91350555419922,33.85692596435547,31.474609375,128.09658813476562,69.01309967041016
2022-11-25,38.272422790527344,48.20250701904297,40.51759719848633,33.901546478271484,95.77776336669922,65.02174377441406,68.95872497558594,34.058815002441406,31.657573699951172,128.85763549804688,69.05183410644531
2022-11-28,37.41748809814453,47.43435287475586,39.40619659423828,33.3194580078125,94.03805541992188,63.629817962646484,68.69644165039062,33.102012634277344,31.331817626953125,127.88990783691406,68.62581634521484
2022-11-29,37.542938232421875,47.45355224609375,40.001590728759766,33.516624450683594,94.61481475830078,63.006858825683594,68.4342041015625,33.655029296875,31.099754333496094,127.5704574584961,68.40794372558594
2022-11-30,38.44898223876953,49.46038818359375,40.20005798339844,34.089317321777344,96.17485809326172,66.17034149169922,69.80885314941406,34.44506072998047,31.876243591308594,130.61456298828125,70.76566314697266
2022-12-01,38.49544906616211,49.74844741821289,40.0677375793457,33.89215087890625,96.2032241821289,66.26280212402344,69.49231719970703,34.37483215332031,31.849462509155273,130.9904022216797,70.7559814453125
2022-12-02,38.91827392578125,49.87328338623047,39.82958984375,33.73255157470703,96.7516098022461,65.8783187866211,69.80885314941406,34.208045959472656,31.697742462158203,131.3286590576172,70.66400909423828
2022-12-05,38.1469612121582,49.085906982421875,38.647621154785156,32.89698791503906,95.13483428955078,64.78326416015625,68.93159484863281,33.628692626953125,31.51923179626465,130.0696258544922,68.62581634521484
2022-12-06,37.807777404785156,47.674400329589844,37.62883377075195,32.60593795776367,94.00968170166016,63.39620590209961,68.50654602050781,33.37413024902344,31.715599060058594,129.0831298828125,67.55587768554688
2022-12-07,37.72414779663086,47.43435287475586,37.54063034057617,32.47450637817383,93.88678741455078,63.07499313354492,68.79595184326172,33.444358825683594,31.568323135375977,130.14479064941406,67.14920043945312
2022-12-08,38.002933502197266,47.338321685791016,37.373043060302734,32.502662658691406,94.44461822509766,64.10675811767578,69.166748046875,33.69013977050781,31.773605346679688,131.31924438476562,67.79793548583984
2022-12-09,37.62656784057617,47.47275161743164,36.46451187133789,32.41816711425781,93.66931915283203,63.71255111694336,68.6331558227539,33.619911193847656,31.608495712280273,129.63743591308594,67.50260162353516
2022-12-12,37.95181655883789,47.84723663330078,37.421546936035156,32.850040435791016,95.27664184570312,65.10448455810547,69.35665893554688,33.90081024169922,32.331424713134766,131.01856994628906,67.67207336425781
2022-12-13,38.47685623168945,48.65381622314453,38.13161849975586,32.934539794921875,95.63593292236328,65.87344360351562,69.25716400146484,34.64695358276367,32.42960739135742,131.42259216308594,67.67207336425781
2022-12-14,38.06332778930664,48.02006912231445,37.89787292480469,32.52145004272461,95.45630645751953,65.31863403320312,69.21194458007812,34.313385009765625,32.38943862915039,131.62928771972656,67.16854858398438
2022-12-15,36.90172576904297,46.14766311645508,37.66853713989258,31.88303565979004,93.14929962158203,62.875450134277344,68.0362777709961,33.918373107910156,31.996740341186523,129.2146759033203,66.06474304199219
2022-12-16,36.74374771118164,46.1380615234375,37.2054557800293,31.638940811157227,92.75218963623047,62.0432014465332,67.70166778564453,32.917667388916016,31.452302932739258,127.3355712890625,64.83019256591797
2022-12-19,36.26628494262695,45.05805969238281,37.20098876953125,31.55391502380371,92.2638931274414,61.21589660644531,67.6588363647461,32.52794647216797,31.32722282409668,126.86012268066406,63.78936004638672
2022-12-20,36.504783630371094,45.366085052490234,37.762413024902344,31.686168670654297,92.37789154052734,61.308631896972656,67.60418701171875,32.45692443847656,31.336223602294922,126.83182525634766,63.04662322998047
2022-12-21,36.822784423828125,45.962886810302734,38.47978973388672,32.177433013916016,94.11639404296875,62.323848724365234,68.27822875976562,32.78539276123047,31.772640228271484,128.50164794921875,64.05152130126953
2022-12-22,36.46737289428711,45.5682258605957,37.59310531616211,31.89400291442871,92.91938781738281,60.7522087097168,68.12336730957031,32.62559509277344,31.57917594909668,128.3223876953125,62.405826568603516
2022-12-23,36.71990203857422,46.01100158691406,38.79169464111328,32.073516845703125,93.47040557861328,60.81565856933594,68.47860717773438,32.9185676574707,31.903112411499023,128.39788818359375,62.83301544189453
2022-12-27,36.75263977050781,45.59709548950195,39.206077575683594,32.06406021118164,93.75540161132812,60.239715576171875,68.8065185546875,32.89192199707031,32.1010627746582,128.06768798828125,61.81355285644531
2022-12-28,36.19145584106445,44.93291473388672,38.32830047607422,31.950693130493164,92.52989196777344,59.2684211730957,67.9503173828125,32.368141174316406,31.79512596130371,127.23747253417969,61.294105529785156
2022-12-29,36.58428955078125,46.17464065551758,38.72930908203125,32.394718170166016,93.6698989868164,60.8205451965332,68.24179077148438,33.08723831176758,32.02458572387695,128.62429809570312,62.87185287475586
2022-12-30,36.32707977294922,46.19388961791992,38.97438430786133,32.309688568115234,93.29939270019531,60.73756408691406,67.90475463867188,32.78539276123047,31.718647003173828,128.1620330810547,62.70194625854492
2023-01-03,36.289676666259766,46.79069137573242,37.60646438598633,32.423057556152344,93.49890899658203,60.161624908447266,67.64971923828125,32.9096794128418,31.718647003173828,127.79407501220703,62.32814025878906
2023-01-04,36.920989990234375,47.666629791259766,37.602012634277344,32.942657470703125,94.32540130615234,60.317813873291016,67.91387939453125,33.66428756713867,32.006595611572266,128.1337127685547,63.23109817504883
2023-01-05,36.336421966552734,47.734012603759766,38.28819274902344,32.6970329284668,93.30889892578125,59.14640426635742,67.23072814941406,32.67885971069336,31.31372833251953,126.8223876953125,62.6436882019043
2023-01-06,37.58506393432617,48.513694763183594,39.01447296142578,33.424476623535156,95.86439514160156,60.87910842895508,69.0251235961914,33.62877655029297,31.943601608276367,127.99221801757812,64.11463928222656
2023-01-09,37.82356262207031,48.590702056884766,38.87635803222656,33.301658630371094,95.4368896484375,61.58684158325195,68.35110473632812,33.61101531982422,32.15956115722656,125.85064697265625,64.50299835205078
2023-01-10,38.202354431152344,49.32225799560547,39.152610778808594,33.49060821533203,95.95939636230469,61.967552185058594,68.260009765625,33.70868682861328,32.16856384277344,126.90729522705078,65.31371307373047
2023-01-11,38.80094909667969,49.678409576416016,39.27291488647461,33.80236053466797,96.88090515136719,63.04133987426758,68.29645538330078,34.93379211425781,32.42949676513672,127.624267578125,67.07594299316406
2023-01-12,38.9459228515625,50.227073669433594,40.0214729309082,33.868492126464844,97.45088195800781,63.509910583496094,67.75901794433594,35.32441711425781,32.20904541015625,127.21861267089844,67.18758392333984
2023-01-13,39.18442153930664,50.390708923339844,40.079402923583984,34.12356948852539,97.33688354492188,63.69050216674805,68.07784271240234,35.120235443115234,32.09207534790039,127.78465270996094,67.81868743896484
2023-01-17,38.79159164428711,49.91905212402344,40.16405487060547,33.8968391418457,96.51038360595703,63.978458404541016,68.12336730957031,35.129112243652344,32.04708480834961,127.19029235839844,67.86724090576172
2023-01-18,38.24444580078125,49.31263732910156,39.428863525390625,33.26386642456055,94.6958999633789,63.15360641479492,66.26521301269531,34.58757019042969,31.27773094177246,125.39783477783203,66.98369598388672
2023-01-19,37.9498176574707,49.562904357910156,39.91899490356445,32.87652587890625,92.74838256835938,62.416587829589844,65.63671875,34.41889190673828,30.96279525756836,125.69972229003906,65.87199401855469
2023-01-20,38.712093353271484,51.112640380859375,40.31555938720703,33.39613342285156,94.04039001464844,64.10537719726562,66.14681243896484,34.818389892578125,31.147266387939453,126.33184051513672,67.46913146972656
2023-01-23,38.83836364746094,52.007835388183594,40.3690299987793,33.78346633911133,95.06639862060547,65.56475830078125,66.35630798339844,34.916046142578125,31.15625762939453,126.76577758789062,68.5226058959961
2023-01-24,38.86174392700195,51.86345291137695,40.213077545166016,33.80236053466797,95.69339752197266,65.53546142578125,66.62955474853516,35.06696319580078,31.31372833251953,125.92613983154297,68.44493103027344
2023-01-25,38.941246032714844,52.04634475708008,40.2175407409668,34.06688690185547,95.16139221191406,65.39879608154297,66.79351806640625,35.10248565673828,30.89081573486328,125.96388244628906,68.7944564819336
2023-01-26,39.128299713134766,52.85490798950195,41.4874153137207,34.24637985229492,95.68389892578125,66.44330596923828,66.55667877197266,35.501976013183594,30.99428367614746,126.19973754882812,70.20230102539062
2023-01-27,39.002044677734375,53.220680236816406,40.649742126464844,34.24637985229492,96.08289337158203,66.72151184082031,66.36540985107422,35.82157516479492,30.99428367614746,125.34123992919922,71.79459381103516
2023-01-30,38.7354850769043,52.38323974609375,39.71849060058594,34.076332092285156,95.14240264892578,65.4476089477539,66.4473876953125,35.386566162109375,30.854816436767578,124.2091293334961,70.57125091552734
2023-01-31,39.586605072021484,53.01853942871094,40.07048797607422,34.53925704956055,96.75737762451172,66.3603286743164,67.16695404052734,36.034637451171875,31.084266662597656,125.81290435791016,72.18782043457031
2023-02-01,39.84849166870117,53.64421844482422,39.281829833984375,34.53925704956055,97.46037292480469,67.92221069335938,67.70438385009766,36.300968170166016,31.138263702392578,126.40727233886719,73.55682373046875
2023-02-02,39.72222137451172,57.16722106933594,38.38621520996094,34.633724212646484,98.22040557861328,69.77694702148438,67.12144470214844,37.13547897338867,31.205753326416016,125.54879760742188,75.80935668945312
2023-02-03,39.0067138671875,56.02177047729492,38.30156707763672,34.56759262084961,97.70741271972656,69.19611358642578,66.8572769165039,36.36311340332031,30.55337905883789,125.18085479736328,73.47429656982422
2023-02-06,38.57647705078125,55.34796905517578,38.12779235839844,34.55813980102539,97.46988677978516,68.35172271728516,66.93925476074219,36.132293701171875,30.814327239990234,124.48271179199219,73.36750030517578
2023-02-07,39.09556579589844,56.3779182434082,39.36648941040039,34.95492172241211,97.77389526367188,70.0600357055664,66.6568832397461,35.99024963378906,30.800825119018555,125.28465270996094,73.53740692138672
2023-02-08,38.78223419189453,54.60678482055664,39.01447296142578,34.7470817565918,97.22288513183594,69.21563720703125,66.14681243896484,35.89259338378906,30.283430099487305,124.91667175292969,72.91116333007812
2023-02-09,38.221065521240234,53.41320037841797,38.680301666259766,34.35976028442383,96.34888458251953,68.83493041992188,65.85533142089844,35.54636764526367,29.869516372680664,123.82234954833984,72.77523040771484
2023-02-10,38.361358642578125,52.90302276611328,40.195255279541016,34.473121643066406,97.03289794921875,68.51766967773438,66.46560668945312,35.61738586425781,30.463394165039062,124.9921646118164,71.92082977294922
2023-02-13,38.56244659423828,53.653839111328125,40.0927734375,34.869903564453125,97.91639709472656,69.70372772216797,67.22161865234375,35.94586181640625,30.647863388061523,126.0298843383789,72.9742660522461
2023-02-14,38.651302337646484,53.67308807373047,40.106143951416016,34.68096160888672,97.65039825439453,70.00146484375,66.6113510131836,35.572998046875,30.517385482788086,125.28465270996094,73.84809112548828
2023-02-15,38.81965637207031,54.164005279541016,39.424407958984375,34.718746185302734,98.25840759277344,70.32847595214844,66.73886108398438,35.670658111572266,30.715347290039062,124.6619873046875,74.71221160888672
2023-02-16,38.380062103271484,53.336185455322266,39.03676223754883,34.369197845458984,97.24190521240234,69.10826110839844,66.256103515625,35.3421745300293,30.481393814086914,123.41667938232422,73.08106994628906
2023-02-17,38.01997756958008,53.2784309387207,37.646568298339844,34.37864685058594,97.8783950805664,68.24434661865234,67.11231231689453,35.16462326049805,30.809831619262695,124.5204849243164,73.09562683105469
2023-02-21,37.3933219909668,52.104095458984375,37.45942687988281,33.67009735107422,95.63639068603516,66.6239013671875,66.8572769165039,34.472164154052734,30.233943939208984,122.90723419189453,70.65377807617188
2023-02-22,37.673912048339844,52.20997619628906,37.209903717041016,33.63230895996094,95.39891052246094,66.52628326416016,66.75707244873047,34.161441802978516,30.116968154907227,122.49211883544922,71.01300811767578
2023-02-23,37.71600341796875,51.969337463378906,37.771324157714844,33.660648345947266,95.84539031982422,67.62934875488281,66.67509460449219,34.48991394042969,29.959495544433594,122.82234954833984,70.95475769042969
2023-02-24,37.96853256225586,51.247406005859375,37.72231674194336,33.68899917602539,95.29438018798828,66.42377471923828,66.22879028320312,33.850711822509766,29.968494415283203,121.23741149902344,69.83818817138672
2023-02-27,38.094791412353516,51.411033630371094,37.83371353149414,33.67955017089844,96.139892578125,66.78008270263672,66.15591430664062,33.90399169921875,29.76603889465332,120.8694839477539,70.70230865478516
2023-02-28,38.267822265625,51.497676849365234,37.29010009765625,33.74567413330078,95.92140197753906,66.6336669921875,65.6093978881836,33.9217414855957,29.244140625,119.97323608398438,70.65377807617188
2023-03-01,38.56711959838867,51.10301971435547,38.02531051635742,33.63230895996094,96.30140686035156,66.14556884765625,65.12663269042969,33.39795684814453,28.762737274169922,119.7751235961914,69.76537322998047
2023-03-02,39.0067138671875,51.58430862426758,38.35948181152344,33.471710205078125,97.43190002441406,66.96067810058594,66.01929473876953,33.83297348022461,29.307126998901367,120.51097869873047,69.53235626220703
2023-03-03,39.563209533691406,52.710506439208984,38.88080596923828,34.00075149536133,98.48638916015625,68.40054321289062,66.07393646240234,34.40113830566406,29.80652618408203,121.86006164550781,71.02757263183594
2023-03-06,38.922542572021484,52.710506439208984,38.89863204956055,34.02909469604492,98.30590057373047,68.72754669189453,66.24699401855469,34.267967224121094,29.95050048828125,121.8034439086914,70.50814819335938
2023-03-07,38.15558624267578,52.171478271484375,38.22136688232422,33.1505012512207,97.04239654541016,67.8733901977539,65.59117889404297,33.40684127807617,29.460100173950195,119.8411636352539,69.54691314697266
2023-03-08,38.3426513671875,52.200355529785156,37.829254150390625,33.02768325805664,97.2703857421875,68.4347152709961,65.70046997070312,33.87735366821289,29.685056686401367,119.19964599609375,69.42070770263672
2023-03-09,37.35590362548828,51.026004791259766,37.2945671081543,31.686168670654297,95.83589172363281,67.4536361694336,65.09020233154297,33.1049919128418,29.446598052978516,117.9920883178711,67.7652816772461
2023-03-10,36.56089782714844,50.304073333740234,36.81779861450195,31.10988426208496,94.0499038696289,66.2676010131836,64.77140045166016,32.04854202270508,28.98318862915039,117.12415313720703,67.09049987792969
2023-03-13,36.18678283691406,50.304073333740234,36.06923294067383,29.881738662719727,93.51790618896484,66.62877655029297,65.09932708740234,32.56344985961914,29.428606033325195,118.218505859375,67.23128509521484
2023-03-14,36.64975357055664,51.728694915771484,36.425697326660156,30.48636817932129,94.50590515136719,68.16624450683594,65.6913833618164,32.90080642700195,29.81552505493164,119.27511596679688,68.37211608886719
2023-03-15,35.46192932128906,52.286983489990234,34.46962356567383,29.673900604248047,92.17840576171875,68.20531463623047,66.11946868896484,32.9185676574707,30.220443725585938,119.17135620117188,68.2701644897461
2023-03-16,35.868778228759766,53.46133041381836,34.84389877319336,30.24073600769043,93.36590576171875,70.11860656738281,66.16502380371094,32.9185676574707,30.42291259765625,120.28456115722656,69.50324249267578
2023-03-17,35.312278747558594,52.9511604309082,34.29584884643555,29.26767349243164,91.83641815185547,70.02098083496094,65.68226623535156,32.1639518737793,30.130462646484375,118.73738861083984,68.61483764648438
2023-03-20,36.038883209228516,53.34689712524414,34.982444763183594,29.59331703186035,93.0526123046875,70.20980072021484,66.59294128417969,32.50907516479492,30.366140365600586,120.24230194091797,68.911865234375
2023-03-21,36.475685119628906,54.48583221435547,36.19354248046875,30.34335708618164,94.13052368164062,70.77723693847656,66.53800964355469,32.321311950683594,29.754289627075195,120.97156524658203,70.81581115722656
2023-03-22,35.827518463134766,53.5302848815918,35.423667907714844,29.640789031982422,92.32766723632812,70.0728530883789,65.9248046875,31.141117095947266,29.16962432861328,119.1436767578125,69.23812866210938
2023-03-23,35.785247802734375,54.39897155761719,34.93291473388672,29.4414119720459,92.06057739257812,71.21260070800781,65.66853332519531,30.953357696533203,28.87049674987793,118.91637420654297,69.16508483886719
2023-03-24,36.07645034790039,54.67888259887695,35.06797790527344,29.422420501708984,92.44213104248047,71.39849090576172,66.78514099121094,31.74909019470215,29.772417068481445,120.56430053710938,68.94110107421875
2023-03-27,36.34417724609375,54.37001037597656,35.815372467041016,29.830669403076172,93.21477508544922,70.84573364257812,67.14207458496094,31.641809463500977,29.808671951293945,121.05677795410156,69.0822982788086
2023-03-28,36.51795196533203,53.92601776123047,36.369136810302734,29.82118034362793,93.69171905517578,70.5130844116211,67.26105499267578,31.53451156616211,29.89025115966797,120.3275375366211,68.99951171875
2023-03-29,37.02522277832031,54.64027404785156,36.873382568359375,30.257911682128906,95.05580139160156,71.9903564453125,67.63629913330078,32.285552978515625,30.32535171508789,120.65901947021484,70.30939483642578
2023-03-30,37.278839111328125,54.90087890625,37.03546905517578,30.191452026367188,95.2561264038086,72.82685089111328,67.82849884033203,32.705780029296875,30.456785202026367,121.31249237060547,70.92294311523438
2023-03-31,37.884742736816406,55.95295333862305,37.292091369628906,30.523746490478516,96.5152587890625,73.86872863769531,68.37763977050781,33.421043395996094,30.678869247436523,122.61001586914062,72.817138671875
2023-04-03,38.1242790222168,56.184593200683594,38.98043441772461,30.58070945739746,96.68696594238281,73.7513656616211,68.7345962524414,33.10811233520508,30.470378875732422,123.98328399658203,72.1500244140625
2023-04-04,37.57474899291992,56.35832977294922,38.27358627319336,30.295886993408203,94.5216293334961,73.34536743164062,68.5973129272461,33.11705780029297,30.624481201171875,124.0022201538086,72.03316497802734
2023-04-05,37.49020767211914,56.17494583129883,38.84986877441406,30.257911682128906,93.29109191894531,72.50887298583984,68.9176254272461,32.947174072265625,31.417627334594727,126.14263916015625,70.55772399902344
2023-04-06,37.40095520019531,56.879547119140625,38.26008224487305,30.371837615966797,93.26248168945312,72.91976928710938,68.97254180908203,33.17069625854492,31.639699935913086,126.45518493652344,70.57234954833984
2023-04-10,37.579444885253906,56.75407028198242,38.56623077392578,30.43830108642578,94.11144256591797,72.88066101074219,68.97254180908203,33.340576171875,31.576255798339844,126.3699722290039,70.88400268554688
2023-04-11,37.87064743041992,56.609283447265625,38.930912017822266,30.704133987426758,94.67425537109375,72.19581604003906,69.17391967773438,33.50151062011719,31.60344696044922,126.79615020751953,70.99596405029297
2023-04-12,37.898826599121094,56.020511627197266,38.957916259765625,30.637678146362305,94.9890365600586,71.78492736816406,68.86273193359375,33.403160095214844,31.57172966003418,126.83403778076172,69.8954849243164
2023-04-13,38.288665771484375,57.188419342041016,39.20104217529297,30.913005828857422,95.34196472167969,73.12032318115234,69.24713134765625,33.295875549316406,31.576255798339844,128.48199462890625,71.43910217285156
2023-04-14,38.01155471801758,57.169105529785156,39.2730827331543,31.216819763183594,95.22750854492188,72.71430969238281,68.80780792236328,32.72364807128906,31.222732543945312,127.44965362548828,71.53160858154297
2023-04-17,38.232303619384766,56.840938568115234,38.80935287475586,31.57760238647461,95.9810791015625,72.97846984863281,69.24713134765625,33.46575164794922,31.394962310791016,127.34542083740234,72.03802490234375
2023-04-18,38.391998291015625,56.55137634277344,38.962425231933594,31.672544479370117,96.43895721435547,73.2034912109375,69.4576416015625,33.412105560302734,31.23179817199707,126.47412872314453,72.15489959716797
2023-04-19,38.28396987915039,56.12669372558594,38.82735824584961,31.748493194580078,96.36263275146484,72.99314880371094,69.41185760498047,33.60879898071289,31.472013473510742,126.86243438720703,72.08672332763672
2023-04-20,38.241695404052734,55.54756546020508,38.485191345214844,31.653560638427734,96.19093322753906,72.5137710571289,69.57662200927734,33.20644760131836,31.46294593811035,126.3415298461914,70.97651672363281
2023-04-21,37.90352249145508,55.68269348144531,38.26008224487305,31.539623260498047,95.97154235839844,72.27896118164062,70.07998657226562,33.24222946166992,31.55360221862793,127.19391632080078,71.76046752929688
2023-04-24,38.16185760498047,55.624778747558594,38.84537124633789,31.463672637939453,96.20046997070312,71.96102142333984,70.36372375488281,33.15282440185547,31.712221145629883,127.90422821044922,71.75074768066406
2023-04-25,37.33521270751953,54.7560920715332,38.116004943847656,30.922504425048828,94.42623901367188,70.42504119873047,70.27220153808594,32.84883117675781,31.680496215820312,126.54042053222656,70.32887268066406
2023-04-26,36.893707275390625,54.176971435546875,37.60725021362305,30.628185272216797,92.64244842529297,71.47184753417969,69.72306060791016,32.58060073852539,30.93720245361328,124.74097442626953,69.96853637695312
2023-04-27,37.396270751953125,57.32352828979492,37.7423210144043,31.121875762939453,94.47392272949219,72.9882583618164,70.50100708007812,33.36739730834961,31.30885124206543,125.39443969726562,71.81403350830078
2023-04-28,37.83307647705078,57.8157958984375,38.32761001586914,31.492156982421875,95.38966369628906,73.78070068359375,70.87626647949219,33.75185775756836,31.263526916503906,126.46466064453125,71.99908447265625
2023-05-01,37.81428909301758,57.80614471435547,37.8953971862793,31.406709671020508,95.9047622680664,73.82473754882812,70.93116760253906,33.43891906738281,31.317913055419922,127.11814880371094,71.28813171386719
2023-05-02,37.44793701171875,56.73477554321289,36.24757385253906,30.69464683532715,94.90316009521484,73.13500213623047,70.73896026611328,32.86670684814453,30.93720245361328,126.56884765625,71.36117553710938
2023-05-03,37.034610748291016,56.51276397705078,35.563236236572266,30.34335708618164,94.54070281982422,72.51864624023438,70.16238403320312,32.661067962646484,30.85109519958496,126.39836883544922,70.79634094238281
2023-05-04,36.795066833496094,55.6054801940918,35.167030334472656,29.954097747802734,93.51048278808594,72.17134094238281,69.98847961425781,32.96505355834961,31.086767196655273,125.39443969726562,70.25096130371094
2023-05-05,37.41505813598633,56.30043029785156,36.12151336669922,30.69464683532715,94.92224884033203,73.98126983642578,70.63829803466797,33.474693298339844,31.286190032958984,126.52147674560547,71.67282104492188
2023-05-08,37.292945861816406,56.86988830566406,36.12151336669922,30.742111206054688,94.578857421875,73.94213104248047,70.42778778076172,33.24222946166992,31.191011428833008,126.24683380126953,71.91629791259766
2023-05-09,36.954769134521484,56.51276397705078,36.13502502441406,30.628185272216797,94.78873443603516,73.37468719482422,70.2081298828125,33.13493728637695,31.150222778320312,125.40394592285156,71.89682006835938
2023-05-10,36.97825241088867,57.01467514038086,35.72531509399414,30.457290649414062,94.4453125,74.2698745727539,70.0982894897461,33.4478645324707,31.43575668334961,125.75438690185547,72.26203918457031
2023-05-11,36.6165885925293,57.584144592285156,35.2975959777832,30.409814834594727,93.87297821044922,73.93722534179688,70.30879974365234,33.09917068481445,31.11396598815918,125.36605072021484,72.5980224609375
2023-05-12,36.68234634399414,57.63240432739258,35.35162353515625,30.286394119262695,93.93974304199219,73.83940887451172,70.58336639404297,33.1617546081543,31.286190032958984,125.19557189941406,71.98448181152344
2023-05-15,36.99233627319336,57.902671813964844,35.531715393066406,30.53323745727539,94.39762115478516,74.45087432861328,70.40948486328125,33.09917068481445,30.891881942749023,124.97774505615234,72.07698822021484
2023-05-16,36.38174819946289,57.8350944519043,34.65828323364258,30.248414993286133,93.11937713623047,74.52912902832031,69.8145751953125,32.214019775390625,30.20751190185547,123.93595886230469,71.78482818603516
2023-05-17,36.62128829956055,58.539703369140625,35.324607849121094,30.856042861938477,94.7219467163086,75.52214050292969,69.77796173095703,32.634246826171875,30.098739624023438,124.08747863769531,73.27973937988281
2023-05-18,36.837337493896484,59.59177780151367,35.58123779296875,31.083904266357422,95.40875244140625,77.06787872314453,69.43932342529297,32.428611755371094,30.008092880249023,123.7844009399414,74.4191665649414
2023-05-19,36.93128204345703,59.27325439453125,35.855873107910156,30.950977325439453,95.1798095703125,77.03364562988281,69.4850845336914,32.37495803833008,29.962770462036133,124.36214447021484,73.79589080810547
2023-05-22,36.738704681396484,59.81377029418945,35.70730209350586,31.007949829101562,95.16073608398438,77.18041229248047,68.43257141113281,32.58954620361328,29.971834182739258,124.48526000976562,73.5670394897461
2023-05-23,36.17039108276367,59.07056427001953,36.090003967285156,30.647172927856445,94.01604461669922,76.04065704345703,67.92918395996094,32.18719482421875,29.86759376525879,123.12145233154297,72.8950424194336
2023-05-24,35.7570686340332,58.8003044128418,36.24757385253906,30.248414993286133,92.80461120605469,75.48300170898438,67.48986053466797,31.48086929321289,29.672706604003906,122.27851867675781,72.62724304199219
2023-05-25,35.630252838134766,58.8003044128418,35.60375213623047,30.238924026489258,93.1098403930664,78.37885284423828,66.97733306884766,31.552398681640625,29.273860931396484,121.02838897705078,72.30098724365234
2023-05-26,35.80873107910156,59.99715805053711,35.46418380737305,30.485769271850586,93.80621337890625,80.60455322265625,67.2061538696289,31.91897201538086,29.273860931396484,120.7821273803711,74.00040435791016
2023-05-30,35.61616897583008,60.09368133544922,35.0994987487793,30.476276397705078,93.66311645507812,81.03501892089844,66.43732452392578,32.01732635498047,29.16055679321289,120.03392028808594,74.4970932006836
2023-05-31,35.2357177734375,60.074378967285156,34.482688903808594,30.153474807739258,92.3848876953125,80.35997772216797,66.51055908203125,32.22296905517578,29.427967071533203,121.0662612915039,73.82511901855469
2023-06-01,35.70539474487305,60.88515090942383,34.91040802001953,30.476276397705078,93.56771850585938,81.17686462402344,66.45563507080078,32.23190689086914,29.21041488647461,121.86181640625,74.69672393798828
2023-06-02,36.90310287475586,60.962364196777344,35.97294235229492,31.140867233276367,96.28633117675781,81.6415786743164,67.37088012695312,32.911415100097656,29.51407814025879,123.42452239990234,76.44973754882812
2023-06-05,36.874916076660156,61.11679458618164,35.73431396484375,30.979469299316406,95.61859130859375,81.17198944091797,67.12376403808594,32.759422302246094,29.654571533203125,123.86962890625,76.6785888671875
2023-06-06,37.109764099121094,61.36775207519531,36.022457122802734,31.368738174438477,96.21955108642578,81.15240478515625,66.78514099121094,32.956111907958984,29.631914138793945,122.83731842041016,77.47716522216797
2023-06-07,37.55126190185547,60.68244934082031,36.976932525634766,31.492156982421875,97.76486206054688,79.93927764892578,66.5654525756836,33.56409454345703,30.134994506835938,122.35430145263672,76.95126342773438
2023-06-08,37.41505813598633,60.99132537841797,36.819358825683594,31.463672637939453,97.93656921386719,80.80511474609375,67.0230941772461,33.35845947265625,30.26643180847168,123.140380859375,78.09071350097656
2023-06-09,37.10505676269531,61.010623931884766,36.61676025390625,31.473163604736328,97.67902374267578,81.20623016357422,66.91325378417969,33.188575744628906,30.089675903320312,123.51923370361328,78.49486541748047
2023-06-12,37.27415466308594,61.734519958496094,36.26558303833008,31.463672637939453,98.37535858154297,82.97212219238281,66.89495086669922,33.17069625854492,30.0352840423584,123.96435546875,79.84370422363281
2023-06-13,38.13836669921875,61.937217712402344,36.43666458129883,31.653560638427734,99.5200424194336,83.4759521484375,67.16954040527344,33.412105560302734,30.030757904052734,124.58944702148438,80.67150115966797
2023-06-14,37.978668212890625,62.043392181396484,36.06298828125,31.530128479003906,99.2529525756836,84.33686828613281,67.58138275146484,33.59092330932617,30.012630462646484,123.31084442138672,80.6130599975586
2023-06-15,38.302757263183594,63.02790832519531,36.45917892456055,31.947872161865234,100.75057220458984,85.42283630371094,68.25867462158203,33.73397445678711,30.338951110839844,125.22396850585938,81.13895416259766
2023-06-16,38.39669418334961,62.5067024230957,36.4051513671875,31.881418228149414,100.58840942382812,84.71842956542969,68.34102630615234,33.698211669921875,30.502113342285156,125.21451568603516,81.01722717285156
2023-06-20,37.87704086303711,62.20215606689453,35.590335845947266,31.642995834350586,99.84140014648438,84.1458969116211,67.82117462158203,33.33623123168945,30.14438247680664,125.07377624511719,81.62419891357422
2023-06-21,37.999752044677734,61.58342361450195,35.87192916870117,31.60485076904297,100.39685821533203,82.90080261230469,68.06082153320312,33.191802978515625,30.38652801513672,125.09278106689453,80.64348602294922
2023-06-22,37.91007614135742,62.06680679321289,35.3904914855957,31.356884002685547,99.66900634765625,83.57726287841797,68.4571762084961,32.72240447998047,30.153518676757812,125.94867706298828,81.67298126220703
2023-06-23,37.6032829284668,61.93145751953125,35.136146545410156,31.223377227783203,98.91240692138672,82.67041015625,68.00553894042969,32.370357513427734,29.710350036621094,125.53023529052734,80.7264175415039
2023-06-26,37.99503707885742,61.31272888183594,35.76747131347656,31.1566162109375,99.73603057861328,82.07727813720703,68.09770202636719,33.09251022338867,30.00275230407715,124.81700897216797,79.6920394897461
2023-06-27,38.53309631347656,62.34717559814453,35.849220275878906,31.404577255249023,100.93316650390625,83.69491577148438,68.30049133300781,33.453582763671875,30.011884689331055,124.53170013427734,81.4046401977539
2023-06-28,38.26879119873047,62.62754821777344,36.21257781982422,31.328279495239258,100.93316650390625,83.7439193725586,67.83960723876953,33.54385757446289,29.568721771240234,124.13229370117188,81.7266616821289
2023-06-29,38.75021743774414,62.289161682128906,36.630428314208984,31.871875762939453,101.91004943847656,83.89098358154297,67.77509307861328,33.850765228271484,29.568721771240234,124.94064331054688,81.8144760131836
2023-06-30,39.113643646240234,62.91757583618164,36.86660385131836,32.148441314697266,102.78154754638672,85.22430419921875,68.36499786376953,34.02227020263672,29.897668838500977,126.22443389892578,82.85374450683594
2023-07-03,39.25996398925781,63.13026428222656,36.95290756225586,32.329647064208984,102.80071258544922,85.04292297363281,68.89960479736328,34.2930793762207,30.12153434753418,125.1878662109375,83.85397338867188
2023-07-05,38.29238510131836,63.61365509033203,36.7485237121582,32.26288604736328,102.24523162841797,84.51842498779297,68.77978515625,34.46459197998047,30.464191436767578,125.1213150024414,83.88813781738281
2023-07-06,38.013916015625,63.11092758178711,35.92189025878906,31.986324310302734,101.47907257080078,84.29296112060547,68.60466003417969,34.275028228759766,30.0941219329834,124.12279510498047,82.5365982055664
2023-07-07,38.34429931640625,62.888580322265625,36.69401550292969,32.034000396728516,101.70892333984375,83.92530822753906,67.7105712890625,34.1125373840332,29.874832153320312,122.67727661132812,82.63906860351562
2023-07-10,38.33487319946289,62.724212646484375,36.980159759521484,32.17705154418945,103.15506744384766,84.1458969116211,67.69213104248047,34.229896545410156,29.74689483642578,123.64729309082031,82.89279174804688
2023-07-11,38.71245193481445,63.81666946411133,37.793155670166016,32.55851745605469,104.3713607788086,84.32726287841797,67.79353332519531,34.618045806884766,30.116968154907227,123.67582702636719,83.58563995361328
2023-07-12,39.222198486328125,64.59009552001953,38.14287567138672,32.768333435058594,104.18940734863281,85.28312683105469,67.95022583007812,34.78052520751953,30.555561065673828,123.34294891357422,84.3370361328125
2023-07-13,39.52899169921875,65.53753662109375,37.997535705566406,32.882774353027344,104.32347869873047,86.3958511352539,68.23596954345703,35.015228271484375,30.660646438598633,123.39051818847656,85.12745666503906
2023-07-14,39.29772186279297,64.91880798339844,36.99378204345703,32.663429260253906,104.01701354980469,86.2684097290039,68.46640014648438,35.015228271484375,30.541854858398438,125.24496459960938,85.34703826904297
2023-07-17,39.33548355102539,64.68677520751953,36.92111587524414,32.97814178466797,104.40966033935547,87.371337890625,68.26360321044922,34.71734619140625,30.19007110595703,124.67436218261719,85.69347381591797
2023-07-18,39.64226531982422,65.13147735595703,37.293548583984375,33.35007858276367,104.99385833740234,88.36151885986328,68.18986511230469,34.42848587036133,29.957061767578125,125.59680938720703,86.04476165771484
2023-07-19,39.42987060546875,65.31513977050781,37.511558532714844,33.49312210083008,104.94599151611328,88.14093780517578,68.88116455078125,34.807613372802734,30.263168334960938,126.17691040039062,86.34727478027344
2023-07-20,39.524269104003906,64.01969146728516,37.95212173461914,33.741092681884766,105.41525268554688,86.38115692138672,69.47108459472656,34.69026565551758,30.81597900390625,128.26907348632812,83.40511322021484
2023-07-21,39.52899169921875,63.3816032409668,38.2882194519043,33.62663650512695,104.9172592163086,86.3370361328125,69.71072387695312,34.84371566772461,31.277420043945312,129.5624237060547,83.42462158203125
2023-07-24,39.651710510253906,63.497642517089844,38.90592575073242,33.95089340209961,105.15668487548828,86.48899841308594,69.97803497314453,35.17771530151367,31.195186614990234,129.27713012695312,83.9710922241211
2023-07-25,40.36440658569336,63.700660705566406,39.11030578613281,33.73154830932617,105.02259063720703,87.47917175292969,69.95960235595703,34.91593551635742,31.250011444091797,129.22007751464844,83.77593231201172
2023-07-26,40.2275390625,64.69642639160156,39.12393569946289,33.93182373046875,105.76004028320312,86.3027114868164,70.04254913330078,35.04230880737305,31.250011444091797,129.1344757080078,83.75641632080078
2023-07-27,39.96794509887695,65.23783874511719,38.8741340637207,33.502662658691406,104.8502197265625,86.0527114868164,69.42498779296875,34.30210876464844,30.69719886779785,128.18348693847656,82.88790893554688
2023-07-28,40.24641418457031,66.52361297607422,38.99221420288086,33.56941604614258,105.50144958496094,87.22427368164062,70.14395141601562,34.202816009521484,30.628664016723633,128.56387329101562,84.2931137084961
2023-07-31,40.45881271362305,66.5042953491211,39.7325553894043,33.69340515136719,105.75045776367188,87.42526245117188,69.82134246826172,34.47361755371094,30.64236831665039,127.57483673095703,84.77129364013672
2023-08-01,40.279457092285156,66.41729736328125,39.54632568359375,33.69340515136719,106.06651306152344,87.57230377197266,69.44342041015625,34.41043472290039,30.267730712890625,126.90916442871094,83.8100814819336
2023-08-02,39.77914810180664,65.170166015625,39.0285530090332,33.407291412353516,104.95555114746094,85.40567779541016,69.69229888916016,34.26600646972656,30.267730712890625,126.99473571777344,82.30728149414062
2023-08-03,39.533721923828125,65.00578308105469,39.4237060546875,33.42637252807617,104.29473114013672,85.05764770507812,69.49873352050781,33.79660415649414,29.577857971191406,126.35761260986328,82.50245666503906
2023-08-04,39.44403839111328,64.86076354980469,39.47820281982422,33.29285430908203,103.66265869140625,83.9007797241211,68.80743408203125,33.462608337402344,29.235204696655273,125.9106216430664,83.7027359008789
2023-08-07,39.70363235473633,65.86624145507812,39.52362060546875,33.76015853881836,104.93640899658203,84.1360855102539,69.36969757080078,33.88686752319336,29.230636596679688,127.36565399169922,84.56147003173828
2023-08-08,39.28356170654297,65.68254852294922,39.71892166137695,33.45498275756836,104.45755004882812,83.48904418945312,68.87195587158203,33.71536636352539,29.367698669433594,128.3451385498047,83.88813781738281
2023-08-09,39.123085021972656,64.976806640625,40.218528747558594,33.207027435302734,104.40010833740234,82.4106216430664,68.97335815429688,33.79660415649414,29.431657791137695,128.3070831298828,82.89279174804688
2023-08-10,39.151397705078125,65.19915771484375,40.213993072509766,33.235626220703125,104.11277770996094,82.42042541503906,68.83509063720703,33.68828201293945,29.34028434753418,128.22154235839844,83.09283447265625
2023-08-11,39.0428466796875,64.88978576660156,40.831687927246094,33.302391052246094,104.28514862060547,81.81258392333984,68.94569396972656,33.751468658447266,29.50018882751465,129.02035522460938,82.8098373413086
2023-08-14,39.12779998779297,65.36351013183594,40.659095764160156,33.235626220703125,104.32347869873047,83.11649322509766,68.60466003417969,33.5709342956543,29.26718521118164,129.41026306152344,83.06356048583984
2023-08-15,38.49061965942383,64.783447265625,39.81430435180664,32.62527847290039,102.99224853515625,82.2978744506836,67.86724853515625,33.227909088134766,28.792041778564453,128.9347686767578,81.93157958984375
2023-08-16,38.231021881103516,64.01000213623047,39.469120025634766,32.577598571777344,102.41763305664062,81.51356506347656,67.7105712890625,32.82170486450195,28.919963836669922,127.95526885986328,80.91671752929688
2023-08-17,38.1555061340332,63.27527618408203,39.94148254394531,32.41547393798828,101.55569458007812,80.73907470703125,67.05613708496094,32.577972412109375,28.85599708557129,126.93767547607422,79.54566192626953
2023-08-18,38.15079879760742,62.89823532104492,40.33661651611328,32.40593338012695,101.7472152709961,80.86161804199219,67.30500793457031,32.668243408203125,29.00676727294922,126.98526000976562,79.36511993408203
2023-08-21,38.1555061340332,63.35261917114258,40.082271575927734,32.36777877807617,101.62274169921875,82.40572357177734,66.8533706665039,32.38841247558594,28.82402229309082,127.1183853149414,80.27753448486328
2023-08-22,38.12247085571289,63.35261917114258,39.7734260559082,32.06261444091797,101.38330078125,82.31257629394531,66.47544860839844,32.48771286010742,28.9062557220459,126.6714096069336,80.39464569091797
2023-08-23,38.1838264465332,64.37739562988281,39.67350387573242,32.3773307800293,102.42721557617188,83.7978515625,66.91788482666016,32.96612548828125,29.020475387573242,127.05180358886719,81.03868865966797
2023-08-24,38.02334976196289,63.13991165161133,39.40098571777344,32.26288604736328,101.18218231201172,81.86650848388672,66.3832778930664,32.81267166137695,28.8514347076416,125.94867706298828,79.45295715332031
2023-08-25,38.136634826660156,63.207584381103516,39.78251266479492,32.41547393798828,102.0345458984375,82.6998291015625,66.75196838378906,32.90294647216797,29.07073211669922,126.8711166381836,80.3409652709961
2023-08-28,38.415103912353516,63.98102951049805,40.05048370361328,32.5966682434082,102.86775970458984,83.37628173828125,67.05613708496094,33.16472625732422,29.066164016723633,127.16595458984375,80.66300201416016
2023-08-29,39.05229187011719,65.40217590332031,40.159481048583984,32.892311096191406,103.653076171875,85.04783630371094,67.2957992553711,33.54385757446289,29.175813674926758,128.3070831298828,82.67810821533203
2023-08-30,39.141963958740234,65.4118423461914,40.35933303833008,32.911380767822266,104.12234497070312,85.68997955322266,67.40640258789062,33.66119384765625,29.043317794799805,128.21202087402344,83.0342788696289
2023-08-31,39.123085021972656,65.47953033447266,40.38658142089844,32.787410736083984,103.653076171875,86.10665893554688,67.06536865234375,33.4174690246582,28.764629364013672,126.68092346191406,83.29288482666016
2023-09-01,39.562042236328125,64.87045288085938,41.21321105957031,33.083045959472656,104.19896697998047,86.37135314941406,66.49388122558594,33.399417877197266,28.618427276611328,127.02330017089844,82.78543853759766
2023-09-05,38.830448150634766,64.86076354980469,41.43122100830078,32.749263763427734,102.44635772705078,86.6801528930664,65.92240142822266,33.065425872802734,28.179832458496094,125.7109375,82.84398651123047
2023-09-06,38.7454948425293,64.65776824951172,41.44938278198242,32.73018264770508,102.00581359863281,85.76350402832031,65.84867095947266,33.002235412597656,28.243793487548828,125.0262222290039,82.10723114013672
2023-09-07,38.570858001708984,64.54174041748047,41.408512115478516,32.64435577392578,101.67062377929688,84.52332305908203,66.00535583496094,33.273040771484375,28.613859176635742,125.58731079101562,82.33656311035156
2023-09-08,38.608619689941406,64.735107421875,41.80820083618164,32.71111297607422,101.16301727294922,84.69979858398438,66.08832550048828,33.056400299072266,28.86513900756836,125.58731079101562,82.33656311035156
2023-09-11,38.7738151550293,65.71153259277344,41.25862503051758,32.86370086669922,101.19176483154297,85.14095306396484,66.6597900390625,33.074459075927734,28.983922958374023,126.45270538330078,84.55171966552734
2023-09-12,38.684139251708984,65.02513885498047,42.23059844970703,33.083045959472656,100.82781982421875,83.59688568115234,66.08832550048828,33.074459075927734,29.020475387573242,126.29102325439453,83.78568267822266
2023-09-13,38.45758056640625,65.23783874511719,41.912662506103516,33.083045959472656,100.15742492675781,83.80765533447266,66.29109191894531,32.7404670715332,29.367698669433594,126.31005096435547,84.4492416381836
2023-09-14,39.000362396240234,66.14659881591797,42.40319061279297,33.388221740722656,101.14386749267578,84.41548919677734,66.9639663696289,33.33623123168945,29.79715919494629,126.70947265625,85.27873229980469
2023-09-15,38.566139221191406,65.26683044433594,41.79003143310547,33.21656036376953,100.5596694946289,82.79296112060547,66.41093444824219,33.2098503112793,29.669231414794922,125.7109375,83.81983947753906
2023-09-18,38.40584182739258,65.31334686279297,42.1441650390625,33.307559967041016,100.67121124267578,83.19087219238281,66.38773345947266,32.91960144042969,29.647127151489258,125.51993560791016,82.90824890136719
2023-09-19,38.37263488769531,65.36180114746094,41.75068283081055,33.26924514770508,100.24812316894531,83.14665222167969,66.22998046875,32.74673080444336,29.485923767089844,125.62496185302734,82.4927749633789
2023-09-20,37.969505310058594,64.47017669677734,41.361778259277344,33.03934097290039,99.85383605957031,81.8399658203125,66.29492950439453,32.810420989990234,29.51355743408203,125.63453674316406,81.67161560058594
2023-09-21,37.2059440612793,63.675411224365234,40.7944221496582,32.493316650390625,98.21910858154297,80.59223175048828,65.4411849975586,31.67306137084961,29.204975128173828,124.53641510009766,79.44273376464844
2023-09-22,37.168006896972656,63.597900390625,40.86304473876953,32.24424743652344,97.88253784179688,80.76416015625,65.08855438232422,31.454687118530273,29.149703979492188,124.27857971191406,78.6606674194336
2023-09-25,37.46205139160156,63.75296401977539,41.37550354003906,32.320884704589844,98.37296295166016,81.02450561523438,64.85655975341797,31.400102615356445,29.108253479003906,124.95655822753906,79.14459228515625
2023-09-26,36.921390533447266,63.045467376708984,41.1375732421875,31.88981819152832,96.87284851074219,79.56554412841797,64.37400817871094,30.845069885253906,28.23777198791504,123.8966293334961,77.70265197753906
2023-09-27,36.916648864746094,63.21022033691406,42.16246795654297,31.841917037963867,97.59404754638672,79.6883544921875,63.845062255859375,30.572099685668945,27.694293975830078,123.27598571777344,77.40450286865234
2023-09-28,37.315040588378906,63.90803527832031,42.20822525024414,32.07181930541992,98.00755310058594,80.2532730102539,64.03994750976562,30.890562057495117,27.09554672241211,123.86800384521484,78.26966094970703
2023-09-29,37.253379821777344,63.54942321777344,41.35719680786133,31.77486228942871,97.48827362060547,80.52835845947266,63.85433578491211,30.9997501373291,27.1416015625,122.93220520019531,78.68513488769531
2023-10-02,36.7601432800293,64.02433013916016,40.53361511230469,31.506633758544922,96.53628540039062,81.3929443359375,63.418190002441406,30.435617446899414,25.8796329498291,122.76031494140625,78.74866485595703
2023-10-03,36.660552978515625,63.161746978759766,40.506168365478516,31.00851058959961,95.86314392089844,80.0125732421875,62.96349334716797,29.880592346191406,26.179006576538086,121.67174530029297,76.83261108398438
2023-10-04,37.092132568359375,63.76264190673828,39.23420333862305,31.23841667175293,96.17086029052734,81.00978088378906,63.46459197998047,30.199050903320312,26.1513671875,122.18738555908203,78.34785461425781
2023-10-05,36.64158248901367,63.675411224365234,38.991703033447266,31.382102966308594,95.60350799560547,81.11785888671875,62.211822509765625,30.417421340942383,25.99938201904297,122.85581970214844,77.95683288574219
2023-10-06,36.987789154052734,64.84815216064453,39.22505187988281,31.65033721923828,96.91131591796875,82.63575744628906,61.86845779418945,30.535709381103516,26.367841720581055,124.1448974609375,78.5042724609375
2023-10-09,37.035213470458984,65.54593658447266,40.53361511230469,31.669490814208984,98.43067169189453,83.06314086914062,61.92414474487305,30.936059951782227,26.630369186401367,124.5746078491211,78.58736419677734
2023-10-10,37.42885208129883,65.92393493652344,40.583953857421875,31.899396896362305,99.02686309814453,83.19087219238281,62.5551643371582,31.045246124267578,26.994220733642578,125.16665649414062,79.44762420654297
2023-10-11,37.51896286010742,66.52484130859375,40.062347412109375,31.947290420532227,99.623046875,83.96210479736328,62.128299713134766,31.67306137084961,27.431764602661133,124.61280059814453,79.73113250732422
2023-10-12,36.95933532714844,65.73978424072266,40.10810470581055,31.746126174926758,98.7191390991211,84.04071044921875,61.45087814331055,31.25450897216797,27.008037567138672,123.54332733154297,78.86107635498047
2023-10-13,36.82179641723633,65.0031967163086,40.99116134643555,31.813173294067383,97.84407806396484,82.83717346191406,61.98910903930664,31.24541473388672,27.312015533447266,124.3167953491211,77.70265197753906
2023-10-16,37.1822395324707,66.04993438720703,41.265689849853516,32.148460388183594,98.88262939453125,83.63298797607422,62.62940979003906,31.563871383666992,27.592966079711914,125.25255584716797,78.9588394165039
2023-10-17,37.54742431640625,66.28253936767578,41.695777893066406,32.301727294921875,99.1903305053711,83.24490356445312,62.89851379394531,31.400102615356445,27.51927375793457,125.08073425292969,79.14459228515625
2023-10-18,36.57518005371094,65.13890075683594,42.075531005859375,31.746126174926758,96.7959213256836,82.39015197753906,63.13052749633789,30.708581924438477,27.279773712158203,123.99213409423828,77.28717803955078
2023-10-19,36.148345947265625,65.07105255126953,42.00233459472656,31.324630737304688,95.90162658691406,81.91857147216797,62.666526794433594,29.953378677368164,27.008037567138672,122.7698745727539,75.31249237060547
2023-10-20,35.7120246887207,64.47017669677734,41.29771423339844,30.845661163330078,94.91114807128906,80.53327178955078,62.42525100708008,29.79869842529297,26.727088928222656,122.28289031982422,74.14427947998047
2023-10-23,35.31364440917969,64.80937194824219,40.629703521728516,30.654069900512695,94.46882629394531,80.62661743164062,62.30460739135742,29.543935775756836,26.501407623291016,121.51896667480469,74.23226928710938
2023-10-24,35.730987548828125,65.57503509521484,40.057777404785156,30.864818572998047,95.1803970336914,81.18170928955078,62.83356475830078,29.9169864654541,27.183053970336914,121.89137268066406,75.02409362792969
2023-10-25,35.31364440917969,62.73530960083008,39.98456954956055,30.749866485595703,93.95915222167969,80.22380065917969,63.04701232910156,29.289167404174805,27.33504295349121,120.80278778076172,73.50885772705078
2023-10-26,35.56026077270508,61.368770599365234,39.67344284057617,30.68280792236328,93.56490325927734,78.69114685058594,62.63868713378906,29.907888412475586,27.569936752319336,119.60918426513672,72.36019897460938
2023-10-27,35.54602813720703,61.14584732055664,38.72175598144531,30.127206802368164,92.73792266845703,79.14798736572266,61.784942626953125,29.43474769592285,27.049488067626953,117.5848159790039,73.1178207397461
2023-10-30,35.91120910644531,62.405799865722656,38.8498649597168,30.663652420043945,93.89185333251953,79.99783325195312,62.75004577636719,29.525737762451172,27.256752014160156,118.24371337890625,73.78746032714844
2023-10-31,36.07246780395508,62.72562789916992,38.97797775268555,30.99892807006836,94.5842056274414,80.56765747070312,62.97275924682617,30.117162704467773,27.491641998291016,118.92169189453125,74.34468078613281
2023-11-01,36.09142303466797,63.64634323120117,38.88646697998047,31.200101852416992,94.89192962646484,82.1248779296875,62.90780258178711,30.271846771240234,27.804832458496094,119.16995239257812,75.26361083984375
2023-11-02,36.788604736328125,64.48953247070312,40.062347412109375,31.937715530395508,96.843994140625,83.51508331298828,63.72441864013672,31.209020614624023,28.325275421142578,121.06062316894531,77.22853088378906
2023-11-03,37.36720275878906,65.47809600830078,39.65970993041992,32.35920333862305,97.6998291015625,84.3747329711914,63.79866409301758,31.946025848388672,28.491085052490234,121.66221618652344,78.31362915039062
2023-11-06,37.1822395324707,65.30364227294922,39.21132278442383,32.26341247558594,97.44020080566406,84.92984771728516,63.90073776245117,31.5092830657959,28.417394638061523,122.4738540649414,78.41138458251953
2023-11-07,36.46135711669922,65.65257263183594,38.34199905395508,32.21551513671875,97.19979858398438,85.85828399658203,64.05850219726562,31.24541473388672,28.21013832092285,122.5597915649414,79.28632354736328
2023-11-08,36.57518005371094,65.3424301147461,37.861572265625,32.25383377075195,97.42096710205078,86.3446044921875,63.807945251464844,31.427391052246094,28.002878189086914,122.3879165649414,79.07615661621094
2023-11-09,36.26216125488281,65.32305145263672,37.747196197509766,32.11972427368164,97.20941162109375,85.94178009033203,63.54811096191406,30.945158004760742,27.634418487548828,119.85746002197266,77.60000610351562
2023-11-10,36.68901062011719,66.36006164550781,38.16355514526367,32.48373794555664,98.61336517333984,88.18672943115234,63.993534088134766,31.29090690612793,27.781801223754883,120.57361602783203,78.8904037475586
2023-11-13,36.636837005615234,66.21469116210938,38.43808364868164,32.43583679199219,98.69989776611328,87.67092895507812,64.19770050048828,31.02704429626465,27.4501895904541,121.27069091796875,79.22766876220703
2023-11-14,37.71815490722656,67.29048156738281,38.7812385559082,33.04891586303711,100.68081665039062,89.4246597290039,64.85655975341797,32.701229095458984,28.546354293823242,122.09190368652344,81.8964614868164
2023-11-15,37.88414764404297,67.62001037597656,38.708030700683594,33.230934143066406,100.89237213134766,89.53765106201172,65.37621307373047,32.77403259277344,28.458847045898438,122.18738555908203,81.99420928955078
2023-11-16,37.99797058105469,67.92045593261719,37.953086853027344,33.36504364013672,100.91161346435547,89.98466491699219,64.56889343261719,32.76491928100586,28.6108341217041,122.71257781982422,81.15350341796875
2023-11-17,38.06911087036133,67.91075134277344,38.74920654296875,33.537471771240234,101.55589294433594,89.7979965209961,64.48536682128906,32.72852325439453,28.68913459777832,122.46430206298828,81.69606018066406
2023-11-20,38.13551330566406,68.6764144897461,38.80411148071289,33.671592712402344,101.86360931396484,91.09976196289062,64.43897247314453,32.98329162597656,28.601621627807617,123.20911407470703,82.11641693115234
2023-11-21,38.28253173828125,68.4438247680664,38.71718215942383,33.65242385864258,101.78667449951172,90.36292266845703,64.63385772705078,32.81951904296875,28.661497116088867,123.95392608642578,81.90623474121094
2023-11-22,38.306243896484375,69.00595092773438,38.698883056640625,33.78654098510742,102.00787353515625,90.76573181152344,65.09783935546875,32.91960144042969,28.799667358398438,124.54596710205078,82.15550994873047
2023-11-24,38.472232818603516,68.77333068847656,38.8590202331543,33.89191436767578,102.25788116455078,90.5888900756836,65.33909606933594,33.04698181152344,28.87335968017578,125.2143783569336,82.23373413085938
2023-11-27,38.4248046875,68.34689331054688,38.72175598144531,33.77695083618164,101.68090057373047,90.58396911621094,65.15351104736328,33.16527557373047,28.919418334960938,124.43136596679688,82.36569213867188
2023-11-28,38.50068664550781,68.51165771484375,38.73090362548828,33.76737976074219,101.44050598144531,90.75591278076172,65.4504623413086,33.347251892089844,29.011533737182617,123.7916030883789,82.83979797363281
2023-11-29,38.69988250732422,68.01737213134766,38.44265365600586,34.006866455078125,101.82515716552734,90.82469177246094,64.92152404785156,33.60201644897461,28.78125,123.82978820800781,82.61498260498047
2023-11-30,39.08403396606445,67.62001037597656,38.698883056640625,34.39004135131836,102.94062805175781,90.95731353759766,65.57111358642578,33.8749885559082,28.905601501464844,125.38624572753906,82.4976577758789
2023-12-01,39.52983474731445,67.75569152832031,38.90019607543945,34.648685455322266,104.56574249267578,91.16361999511719,65.84021759033203,34.58469009399414,29.260242462158203,125.88278198242188,83.62676239013672
2023-12-04,39.069801330566406,67.07727813720703,38.72175598144531,34.61037063598633,104.73883819580078,90.05345153808594,65.92373657226562,34.7757682800293,29.145097732543945,126.12150573730469,83.3090591430664
2023-12-05,38.53388595581055,66.76712799072266,38.04459762573242,34.43793869018555,103.89261627197266,90.59378814697266,65.40408325195312,34.630191802978516,28.937841415405273,125.9592056274414,83.4557113647461
2023-12-06,38.45326614379883,66.5926742553711,37.47724533081055,34.265506744384766,104.35419464111328,89.82746124267578,65.23703002929688,34.511905670166016,29.324718475341797,126.05467987060547,83.57788848876953
2023-12-07,38.7140998840332,67.98828887939453,37.221012115478516,34.42835998535156,104.45034790039062,90.91801452636719,65.51543426513672,34.55739212036133,29.260242462158203,125.90188598632812,84.26707458496094
2023-12-08,38.856388092041016,68.30813598632812,37.6236572265625,34.61037063598633,104.77731323242188,91.69418334960938,65.06071472167969,34.4846076965332,29.204975128173828,126.11198425292969,84.6532211303711
2023-12-11,39.13146209716797,67.7847671508789,37.669410705566406,34.82110595703125,105.77738189697266,92.49488067626953,65.68246459960938,34.602882385253906,29.393808364868164,126.94273376464844,84.87805938720703
2023-12-12,39.35910415649414,68.06583404541016,37.15238571166992,35.0701789855957,106.25818634033203,93.10891723632812,65.8958969116211,34.59379577636719,29.27406120300293,127.48701477050781,85.14200592041016
2023-12-13,39.83811569213867,68.70550537109375,37.669410705566406,35.6353645324707,107.44097900390625,93.9292984008789,67.09298706054688,35.84943389892578,30.379436492919922,129.83602905273438,86.25645446777344
2023-12-14,40.497337341308594,69.00595092773438,38.77666091918945,35.98979568481445,108.82569122314453,93.69841003417969,66.10932159423828,36.841209411621094,29.983346939086914,129.205810546875,87.41487121582031
2023-12-15,40.39299774169922,68.83149719238281,38.57076644897461,35.779048919677734,108.68143463134766,94.16999816894531,66.10932159423828,36.39535903930664,29.46289825439453,128.10769653320312,87.59571838378906
2023-12-18,40.45556640625,69.68063354492188,38.885807037353516,35.8984260559082,108.67660522460938,94.45161437988281,66.79751586914062,36.29513168334961,29.39640998840332,128.31680297851562,88.13925170898438
2023-12-19,40.82807159423828,70.38987731933594,39.35236358642578,36.167972564697266,109.51778411865234,94.81100463867188,66.92840576171875,36.54341125488281,29.563777923583984,129.18002319335938,88.82968139648438
2023-12-20,40.202449798583984,69.8458023071289,38.987430572509766,35.522987365722656,107.74842071533203,93.37835693359375,65.62872314453125,36.08363342285156,28.96404266357422,127.30964660644531,87.2088851928711
2023-12-21,40.62749481201172,70.53561401367188,39.13987350463867,35.86954879760742,108.8603286743164,94.427001953125,66.08688354492188,36.387081146240234,29.015188217163086,128.863525390625,88.53588104248047
2023-12-22,40.88060760498047,70.54533386230469,39.2553596496582,35.946556091308594,109.38243865966797,94.55006408691406,66.59180450439453,36.53422164916992,29.11281394958496,129.50616455078125,87.88462829589844
2023-12-26,41.07163619995117,70.81734466552734,39.592567443847656,36.09095764160156,110.15592956542969,94.94393157958984,66.8722915649414,36.8008918762207,29.28948402404785,129.79388427734375,88.25676727294922
2023-12-27,41.17192840576172,70.82707977294922,39.417030334472656,36.20648193359375,110.32029724121094,94.93900299072266,67.18085479736328,37.01237869262695,29.270885467529297,130.34063720703125,88.56036376953125
2023-12-28,41.01432418823242,71.02139282226562,38.81651306152344,36.312381744384766,110.34929656982422,95.05224609375,67.20890045166016,37.242279052734375,29.48009490966797,130.6763458251953,88.10006713867188
2023-12-29,40.85194778442383,70.59391021728516,38.7287483215332,36.19685363769531,110.21393585205078,94.76175689697266,67.34916687011719,36.837669372558594,29.442903518676758,130.81060791015625,87.55654907226562
