Date,Close,High,Low,Open,Volume
2015-01-02,24.19260597229004,24.659508126434403,23.754469685489944,24.648443422251393,212818400
2015-01-05,23.511056900024414,24.042130522942855,23.32518206053304,23.962469395093265,257142000
2015-01-06,23.51327133178711,23.7721691658831,23.15258296070491,23.57522961465761,263188400
2015-01-07,23.842987060546875,23.942562665319258,23.61064173176176,23.721282042947593,160423600
2015-01-08,24.759082794189453,24.816616214984087,24.053197237023646,24.170477357014917,237458000
2015-01-09,24.785633087158203,25.06002047662429,24.387327450645735,24.931677361721775,214798000
2015-01-12,24.17490577697754,24.922833604234494,24.075330181337428,24.916195456290087,198603200
2015-01-13,24.389541625976562,24.960445829902344,24.099664655994744,24.65729087939062,268367600
2015-01-14,24.29660987854004,24.449292340286082,24.008944431257838,24.12843615451797,195826400
2015-01-15,23.637191772460938,24.35414038758057,23.601787757118135,24.34086409285663,240056000
2015-01-16,23.45353126525879,23.80536831130288,23.278719381634467,23.683663301109657,314053200
2015-01-20,24.05762481689453,24.112944961639695,23.566381661439586,23.86289682691998,199599600
2015-01-21,24.241291046142578,24.575423545445133,23.95805045253569,24.10852133204305,194303600
2015-01-22,24.87193489074707,24.88742446217416,24.278902931738003,24.39839463484841,215185600
2015-01-23,25.00027847290039,25.170663761693863,24.679420647171945,24.849807624202118,185859200
2015-01-26,25.026826858520508,25.30564079070656,24.960443714443343,25.168446258435488,222460000
2015-01-27,24.150556564331055,24.88963440186182,24.126215571319666,24.8763564222506,382274800
2015-01-28,25.515857696533203,26.13765714169229,25.515857696533203,26.029228465091716,585908400
2015-01-29,26.310256958007812,26.374428518206834,25.571179064885065,25.739352750639867,337745600
2015-01-30,25.925230026245117,26.55366597735562,25.856631907802715,26.19961743530487,334982000
2015-02-02,26.25051498413086,26.3700067016786,25.68625050976509,26.122173528901243,250956400
2015-02-03,26.25493812561035,26.35230042157659,26.0248061463723,26.221745704792397,207662800
2015-02-04,26.456300735473633,26.66651826072673,26.179700061379986,26.22174390407791,280598800
2015-02-05,26.645137786865234,26.709562617574388,26.491851062250362,26.662908809726655,168984800
2015-02-06,26.420757293701172,26.714000306189355,26.314122700569396,26.662904175232608,174826400
2015-02-09,26.596263885498047,26.62292126746555,26.309685165049736,26.336344241916905,155559200
2015-02-10,27.107213973999023,27.136095061304506,26.69400934269236,26.696229661023946,248034000
2015-02-11,27.742576599121094,27.75146295792522,27.213850962022807,27.27383176532612,294247200
2015-02-12,28.093576431274414,28.320174313577628,27.895859634991865,28.004714549879026,297898000
2015-02-13,28.231313705444336,28.27574380069617,27.913633609185215,28.27574380069617,217088800
2015-02-17,28.39793586730957,28.631198160176517,28.195774987504898,28.322402653515553,252609600
2015-02-18,28.59563636779785,28.608965052945706,28.313500102909426,28.35348785325192,179566800
2015-02-19,28.535654067993164,28.664503674867408,28.50899669753569,28.542318410607532,149449600
2015-02-20,28.768924713134766,28.768924713134766,28.446802295850947,28.573428232665083,195793600
2015-02-23,29.546464920043945,29.546464920043945,28.804471802520936,28.884447331881436,283896400
2015-02-24,29.362071990966797,29.679753737991085,29.13991815577165,29.533131393210645,276912400
2015-02-25,28.611196517944336,29.235451763904805,28.469018171309017,29.226563710478064,298846800
2015-02-26,28.97330665588379,29.073275217137283,28.126900972912463,28.611194771331103,365150000
2015-02-27,28.537885665893555,29.006630434896266,28.4890115466763,28.880001110615524,248059200
2015-03-02,28.677839279174805,28.94220289932046,28.502339231657224,28.713384708226034,192386800
2015-03-03,28.737823486328125,28.773368917506,28.45568713477693,28.648963298182327,151265200
2015-03-04,28.5556583404541,28.78225624796574,28.506787605303753,28.680067361107007,126665200
2015-03-05,28.08247184753418,28.60231109584079,27.938071491371385,28.56454534427654,226068400
2015-03-06,28.124677658081055,28.740043089670174,28.049146161056143,28.524553579488252,291368400
2015-03-09,28.244647979736328,28.784483743692554,27.782567440194263,28.426814118126977,354114000
2015-03-10,27.660377502441406,28.26241425789635,27.502648465689692,28.08247017418936,275426400
2015-03-11,27.15608787536621,27.718136880404018,27.12720848319452,27.713694548877402,275756000
2015-03-12,27.647048950195312,27.747019210467062,27.02057509311064,27.171639795275006,193450800
2015-03-13,27.456005096435547,27.8581048871833,27.231630833560374,27.635950943417722,207309200
2015-03-16,27.75812530517578,27.75812530517578,27.296046544920685,27.520420732700014,143497200
2015-03-17,28.222427368164062,28.284630179522154,27.91363362970817,27.969172096263538,204092400
2015-03-18,28.54010772705078,28.693394438520734,28.073584942676437,28.21354126951889,261083600
2015-03-19,28.32462501525879,28.71339437821332,28.30240996206994,28.602317417369168,183238000
2015-03-20,27.96917724609375,28.52456031900796,27.804783829392747,28.491238588858963,274780400
2015-03-23,28.26019287109375,28.402371208638087,28.106906162375846,28.240199836860707,150838800
2015-03-24,28.144668579101562,28.444574208412945,28.11578749716998,28.26463184776562,131369200
2015-03-25,27.409343719482422,28.17355357044147,27.409343719482422,28.11135075836797,206620800
2015-03-26,27.600391387939453,27.7425697036676,27.236059242023675,27.27160466840532,190291600
2015-03-27,27.380462646484375,27.70258505848325,27.304931149287167,27.67370566747833,158184800
2015-03-30,28.073593139648438,28.0802574864583,27.54708770796922,27.558196082585656,188398800
2015-03-31,27.64260482788086,28.100241236455535,27.62705412549918,28.011379353603317,168362400
2015-04-01,27.60262107849121,27.79589557467753,27.347143763734493,27.729248729123714,162485600
2015-04-02,27.840320587158203,27.893637036917603,27.589287345262466,27.77589576687005,128880400
2015-04-06,28.291292190551758,28.326837619766778,27.620388315662122,27.651489718775586,148776000
2015-04-07,27.993606567382812,28.462349622438023,27.98694222319662,28.3557167256603,140049200
2015-04-08,27.90252685546875,28.08025063657794,27.762570521902486,27.958065325202924,149316800
2015-04-09,28.115785598754883,28.12022962409006,27.693694716461955,27.958056597337166,129936000
2015-04-10,28.235755920410156,28.260192981167595,27.82699362210292,27.98027863651839,160752000
2015-04-13,28.18021583557129,28.56232242775019,28.126899385571637,28.517888945434937,145460400
2015-04-14,28.058029174804688,28.27796099011317,27.971389317413493,28.21353617655832,102098400
2015-04-15,28.16466522216797,28.242418731765728,27.993607501052892,28.08246938126436,115881600
2015-04-16,28.029157638549805,28.235760836901022,28.015828946688366,28.053594703562297,113476000
2015-04-17,27.713695526123047,28.022489272545602,27.649270699868765,27.891419301645175,207828000
2015-04-20,28.346830368041992,28.462349622032768,27.806996455276874,27.895858332523268,188217200
2015-04-21,28.19355010986328,28.48012712747022,28.140231957606513,28.457913773045995,129740400
2015-04-22,28.573436737060547,28.628975218287795,28.062483726709793,28.21132644962284,150618000
2015-04-23,28.806697845458984,28.97331328225374,28.466802625581657,28.502348065649812,183083600
2015-04-24,28.942203521728516,29.019958725725385,28.70894129953666,28.98885732208639,178103600
2015-04-27,29.46870994567871,29.575346245548285,29.135479135634252,29.393178442287084,387816800
2015-04-28,29.00441551208496,29.88858717244409,28.78448529879101,29.87081784170909,475696000
2015-04-29,28.5778751373291,29.23322840880269,28.502343631285193,28.91554998584197,253544400
2015-04-30,27.802560806274414,28.57787743942009,27.675933151606497,28.57787743942009,332781600
2015-05-01,28.646730422973633,28.908873656774357,27.835870448777158,28.013592463096032,234050400
2015-05-04,28.591203689575195,29.00663375040625,28.49345543996789,28.768927471606737,203953200
2015-05-05,27.94696044921875,28.535666910420105,27.942516422209852,28.46902006448425,197085600
2015-05-06,27.771453857421875,28.15800109012273,27.4048996580972,28.115791315351583,288564000
2015-05-07,27.94322395324707,28.12615094289495,27.666601323454554,27.833912656741475,175763600
2015-05-08,28.46970558166504,28.46970558166504,28.132851520225067,28.26000810339415,222201600
2015-05-11,28.17969512939453,28.456316106647098,28.025768130626794,28.41839260613247,168143200
2015-05-12,28.079315185546875,28.304626645579297,27.84507854462574,28.019082128405064,192640000
2015-05-13,28.110536575317383,28.3737731531699,28.079305261163608,28.14176788947116,138776800
2015-05-14,28.76639747619629,28.76639747619629,28.367082551285613,28.422853001376712,180814000
2015-05-15,28.72624397277832,28.88686313904668,28.601318711004723,28.793169192716487,152832000
2015-05-18,29.043025970458984,29.161259076095174,28.63478578527864,28.639248375290993,203531600
2015-05-19,29.016250610351562,29.19694631905053,28.92032366877132,29.154560233512147,178532800
2015-05-20,29.014013290405273,29.219248102045974,28.85339415017211,29.000628929378767,145819600
2015-05-21,29.31072235107422,29.36426321724016,28.962715230892304,29.016256097058246,158921600
2015-05-22,29.567262649536133,29.663189601300626,29.312949513264282,29.35756860001525,182384000
2015-05-26,28.915868759155273,29.649809963330227,28.804327832413943,29.580655133384035,282790400
2015-05-27,29.455717086791992,29.504795351297332,29.01178651779987,29.07647873703444,183332800
2015-05-28,29.39772605895996,29.435649565163274,29.246032034146715,29.415573015518973,122933200
2015-05-29,29.063093185424805,29.32409845200021,28.97832102221036,29.275020189503188,203538000
2015-06-01,29.12110137939453,29.310722301615094,29.011793458266705,29.06310132744831,128451200
2015-06-02,28.991722106933594,29.14787873936453,28.84894984243113,28.969412557746622,134670400
2015-06-03,29.027406692504883,29.210335427396807,28.978328417483077,29.147872787179708,123934000
2015-06-04,28.857864379882812,29.13002447267988,28.757478241644847,28.906942652613985,153800400
2015-06-05,28.699478149414062,28.931485175657727,28.63478591176388,28.889099080250205,142507200
2015-06-08,28.509862899780273,28.824409144968126,28.293473219385152,28.75525090780299,210699200
2015-06-09,28.42508316040039,28.57231796852488,28.02353693293006,28.26446398862062,224301600
2015-06-10,28.75078773498535,28.853403471979494,28.521012017263367,28.53662767749891,156349200
2015-06-11,28.68608856201172,29.040787815926894,28.66154942724008,28.81770601035133,141563600
2015-06-12,28.369314193725586,28.6280899177964,28.35592982936992,28.596858599647057,147544800
2015-06-15,28.31354522705078,28.384931343996573,28.043616419162653,28.130618196003486,175955600
2015-06-16,28.465242385864258,28.52101284575113,28.190852676329285,28.338085805401363,125976400
2015-06-17,28.398313522338867,28.52769967147499,28.273386558306026,28.492007468879212,131672400
2015-06-18,28.527700424194336,28.62362566779641,28.38046731888597,28.382698613475533,141628800
2015-06-19,28.242155075073242,28.514315138913368,28.197539396598714,28.489776005158664,218867600
2015-06-22,28.467464447021484,28.567850561464567,28.349231382728444,28.44069402224655,136157200
2015-06-23,28.338085174560547,28.467473047092806,28.30462255897747,28.438473021309782,121075600
2015-06-24,28.579010009765625,28.956018802673047,28.358159500644405,28.378236046028565,221123600
2015-06-25,28.44293212890625,28.822170543166646,28.44293212890625,28.746323541106253,127752400
2015-06-26,28.27562713623047,28.55224817958881,28.222087963769408,28.48086204898086,176267200
2015-06-29,27.780380249023438,28.213159547462322,27.769227178618095,27.98784642073102,196645600
2015-06-30,27.981155395507812,28.135082410490618,27.853998814167916,28.012386717101517,177482800
2015-07-01,28.242155075073242,28.318003770854787,28.106075043153183,28.309080294764073,120955200
2015-07-02,28.206472396850586,28.26224286476465,28.05700624933639,28.204241101579733,108844000
2015-07-06,28.108304977416992,28.159614536960795,27.85176058365589,27.8718388293831,112241600
2015-07-07,28.039161682128906,28.1417791413749,27.6108431845191,28.083777376764676,187787200
2015-07-08,27.343137741088867,27.804917025746732,27.33644555901804,27.769224820709265,243046400
2015-07-09,26.78543472290039,27.675530730197355,26.595815511598627,27.62868375107428,314380000
2015-07-10,27.501527786254883,27.628684361535427,27.039748465290874,27.202598950394385,245418000
2015-07-13,28.032461166381836,28.05476900706943,27.733530654834784,27.8919185362896,165762000
2015-07-14,28.02130889892578,28.19085156686366,27.8941523234672,28.11723415423519,127072400
2015-07-15,28.29123306274414,28.36485046328007,28.014612114584335,28.04584342960339,134596800
2015-07-16,28.668243408203125,28.681631176702723,28.40946938252491,28.496471156000958,144889600
2015-07-17,28.915868759155273,28.915868759155273,28.623632075726423,28.795406056016574,184658800
2015-07-20,29.462425231933594,29.663197560349335,29.156800744686514,29.217033804794962,235600800
2015-07-21,29.167951583862305,29.652038784847903,29.072028023261137,29.63642482556907,307025600
2015-07-22,27.93430519104004,27.9967678270227,27.213750178573314,27.213750178573314,461802400
2015-07-23,27.92092514038086,28.351471476632568,27.898615593815336,28.152928766451414,203998000
2015-07-24,27.773683547973633,28.050304497921413,27.639834811029807,27.95661055225864,168649200
2015-07-27,27.387758255004883,27.57514789594571,27.24275641260931,27.459144379653896,177822000
2015-07-28,27.523834228515625,27.64206902230404,27.338677612162314,27.523834228515625,134472400
2015-07-29,27.436832427978516,27.55060463216349,27.276213246065424,27.47252633594996,148046800
2015-07-30,27.29851531982422,27.3431309906011,27.151280542698775,27.287360551140626,134513200
2015-07-31,27.059825897216797,27.3587547240426,26.972824122126944,27.34983124685656,171540000
2015-08-03,26.42181396484375,27.343141361464745,26.216577376282057,27.10444385811852,279904000
2015-08-04,25.574106216430664,26.25673621470473,25.26402254388266,26.194273561526668,496554400
2015-08-05,25.743640899658203,26.19872799073188,25.007470254866853,25.19708945065277,397250400
2015-08-06,25.799663543701172,26.10666963037693,25.573332274014806,25.987901363976874,211612000
2015-08-07,25.887054443359375,26.0506420229467,25.658481820450728,25.676409554317274,154681600
2015-08-10,26.828250885009766,26.88875487435523,26.11339802041557,26.11339802041557,219806400
2015-08-11,25.43215560913086,26.48314577691837,25.396301841596806,26.400231268115792,388331200
2015-08-12,25.824316024780273,25.864652581979026,24.567161986716236,25.217027981725828,404870000
2015-08-13,25.804147720336914,26.084262216411602,25.66745170947781,26.003589104767435,194143200
2015-08-14,25.985666275024414,26.064098006803345,25.54868826248213,25.618156123531538,171718000
2015-08-17,26.25457000732422,26.364374401449012,25.88257716849709,26.003586825355924,163538800
2015-08-18,26.106666564941406,26.317313177027447,25.99686217998892,26.09098022423391,138242800
2015-08-19,25.77277183532715,26.1111488736232,25.698821207216227,26.017030824945476,193146000
2015-08-20,25.243913650512695,25.62486860467399,25.01533931026963,25.564364637952508,274006400
2015-08-21,23.699926376342773,25.075848563806566,23.675276165355385,24.746433662141552,513102000
2015-08-24,23.10832405090332,24.38116427748664,20.616425097540755,21.25956853943907,648825200
2015-08-25,23.247270584106445,24.898826893953228,23.193489059202385,24.898826893953228,414406400
2015-08-26,24.58060646057129,24.625424093615674,23.540821644856987,23.997966972895647,387098400
2015-08-27,25.304420471191406,25.376129707463,24.65455455578336,25.149798445605093,338464400
2015-08-28,25.38733673095703,25.39181781054846,24.995176443904853,25.136353531757695,212657600
2015-08-31,25.268571853637695,25.66521327354461,25.098261741679234,25.104984216810696,224917200
2015-09-01,24.139141082763672,25.07136100477887,24.058467991186625,24.68368359606735,307383600
2015-09-02,25.174455642700195,25.174455642700195,24.455121637008144,24.701623824673906,247555200
2015-09-03,24.732988357543945,25.273048177563375,24.659037725648208,25.208061414050434,212935600
2015-09-04,24.486495971679688,24.750924210051938,24.31618753384816,24.419269496646326,199985200
2015-09-08,25.167728424072266,25.22375132713337,24.7217865944172,25.042237668314055,219374400
2015-09-09,24.68368911743164,25.550922481347587,24.59853321856181,25.4926598985961,340043200
2015-09-10,25.225988388061523,25.385093200258346,24.627664296486913,24.71057708457534,251571200
2015-09-11,25.5935001373291,25.5935001373291,25.04447642895034,25.051198903061266,199662000
2015-09-14,25.83999252319336,26.194057533734522,25.7391520234602,26.124589709904242,233453600
2015-09-15,26.057363510131836,26.11338639408368,25.64055311675551,25.978931814535805,173364800
2015-09-16,26.086502075195312,26.115633365585964,25.869132965490092,26.050646601160878,148694000
2015-09-17,25.528520584106445,26.104436061327306,25.483702937582372,25.918441289537128,256450400
2015-09-18,25.42319107055664,25.61367029631348,25.069127645614433,25.1453179681706,297141200
2015-09-21,25.817588806152344,25.853444276933047,25.470247908799738,25.47248759346132,200888000
2015-09-22,25.411989212036133,25.586780396323462,25.214787498741032,25.407506422361248,201384800
2015-09-23,25.61814308166504,25.707780033643743,25.389570478317875,25.463519382243845,143026800
2015-09-24,25.77052879333496,25.882574570697287,25.181168619894965,25.37836857256682,200878000
2015-09-25,25.70554542541504,26.149247514512346,25.55092168517637,26.093224618447103,224607600
2015-09-28,25.196863174438477,25.67417772611923,25.196863174438477,25.512831480569837,208436000
2015-09-29,24.439428329467773,25.436636933681488,24.170519104557986,25.28425458365043,293461600
2015-09-30,24.71730613708496,24.995179264556597,24.365482365385784,24.688173132561975,265892000
2015-10-01,24.555957794189453,24.564921663298826,24.047268907752663,24.441670600148974,255716400
2015-10-02,24.735233306884766,24.876412126857616,24.101055298395757,24.20413724221264,232079200
2015-10-05,24.824867248535156,24.957082181965,24.441670816553575,24.62318446599663,208258800
2015-10-06,24.943635940551758,25.039995398838375,24.598534664587667,24.791253581160905,192787200
2015-10-07,24.824867248535156,25.046717454485915,24.517862849816233,25.03999498001517,187062400
2015-10-08,24.538034439086914,24.692658216897698,24.248956019984966,24.692658216897698,247918400
2015-10-09,25.125150680541992,25.161004447325563,24.535788681322458,24.65007587545633,211064400
2015-10-12,25.008617401123047,25.266323033422697,24.972763641064162,25.261841954546423,121868800
2015-10-13,25.05120086669922,25.199100437782125,24.802459046998475,24.833831735097373,132197200
2015-10-14,24.6971378326416,24.990697314846262,24.55147793418035,24.939157198421825,177849600
2015-10-15,25.066883087158203,25.12066458509717,24.7598770216274,24.858477859251334,150694000
2015-10-16,24.88313102722168,25.098258754238888,24.768843834540192,25.048958329565178,156930400
2015-10-19,25.037757873535156,25.0422389537494,24.67472882757867,24.829352595062925,119036800
2015-10-20,25.494909286499023,25.58454629904758,24.833839524610557,24.950366444145015,195871200
2015-10-21,25.492652893066406,25.90049940866404,25.479206238702453,25.546434381474146,167180800
2015-10-22,25.882577896118164,25.882577896118164,25.5688493372589,25.620391153728185,166616400
2015-10-23,26.684823989868164,26.718438066579125,26.068572185671435,26.151484970584445,237467600
2015-10-26,25.833280563354492,26.471941310810404,25.75260744686708,26.460737756104727,265335200
2015-10-27,25.669689178466797,26.11563090930809,25.54419674083244,25.860166664731032,279537600
2015-10-28,26.727399826049805,26.734124009038084,26.00806611776851,26.20302639203805,342205600
2015-10-29,27.00975799560547,27.04561346922825,26.503310543623737,26.599669991881104,204909200
2015-10-30,26.778945922851562,27.164383744411797,26.76774065909424,27.112841924684606,197461200
2015-11-02,27.155412673950195,27.195749219223142,26.80358902727946,27.070258504899645,128813200
2015-11-03,27.466899871826172,27.673063677419716,27.047848078334347,27.06801720588304,182076000
2015-11-04,27.339170455932617,27.747017028773147,27.254016278195074,27.59239330450581,179544400
2015-11-05,27.213146209716797,27.611487144117117,27.046609074697137,27.42244355228266,158210800
2015-11-06,27.24464988708496,27.413437990731037,27.145628700506865,27.255903114128582,132169200
2015-11-09,27.134380340576172,27.413442907899615,27.01735465653785,27.222150032855332,135485600
2015-11-10,26.27918243408203,26.57174917506117,26.119396564378523,26.3084401383808,236511600
2015-11-11,26.13064956665039,26.4254655769582,25.928103495178785,26.1891632577425,180872000
2015-11-12,26.042879104614258,26.290434643627425,26.02712561714073,26.1644067438392,130102400
2015-11-13,25.282215118408203,26.009130218686096,25.266461625436335,25.925860774690808,183249600
2015-11-16,25.696300506591797,25.709803005200715,24.980638891296227,25.066157577488287,152426800
2015-11-17,25.586027145385742,25.892096384430133,25.502757727542303,25.86283868024117,110467600
2015-11-18,26.396207809448242,26.441217281405347,25.99336668252736,26.05188036967263,186698800
2015-11-19,26.73153305053711,26.949832595551136,26.27693120190066,26.47497528260345,173183200
2015-11-20,26.848562240600586,26.988092643508082,26.74728834619848,26.826055786065844,137148400
2015-11-23,26.499732971191406,26.94533433204748,26.407461314604493,26.841809448120213,129930000
2015-11-24,26.754043579101562,26.85981774995822,26.3579553319384,26.40521580289531,171212800
2015-11-25,26.56275177001953,26.832813822449566,26.537996038955068,26.82831184389144,85553200
2015-11-27,26.51323890686035,26.648270784440793,26.465978436507857,26.621264065524375,52185600
2015-11-30,26.62350845336914,26.873314961150975,26.499729835278604,26.553741542717557,156721200
2015-12-01,26.407461166381836,26.738286131114823,26.299437739327033,26.72478363198333,139409600
2015-12-02,26.168903350830078,26.580746673425974,26.123893883475812,26.4074566184097,133546400
2015-12-03,25.925851821899414,26.28368349155291,25.70530299645381,26.229671779586834,166278000
2015-12-04,26.787799835205078,26.837311292183443,25.9056009997772,25.94611021757754,231108000
2015-12-07,26.6190128326416,26.97459356861134,26.513238664106158,26.776549449375835,128336800
2015-12-08,26.607765197753906,26.691032921029862,26.29944488678104,26.44797756859878,137238000
2015-12-09,26.020376205444336,26.486231330206245,25.89884855763669,26.474978102501257,185445600
2015-12-10,26.14415168762207,26.31744176954201,25.99561904869208,26.114895700999856,116850800
2015-12-11,25.471248626708984,25.96861066941635,25.396981453503482,25.923601197959165,187544800
2015-12-14,25.3137149810791,25.358724454708142,24.708327773860752,25.246199053634182,257274800
2015-12-15,24.86586570739746,25.38573429187087,24.83435872858108,25.192190440855068,213292400
2015-12-16,25.057153701782227,25.20343705615663,24.485526216013525,24.996390745011965,224954000
2015-12-17,24.526037216186523,25.261952585008626,24.526037216186523,25.210190144944047,179091200
2015-12-18,23.862136840820312,24.647563678113645,23.812625388457732,24.51028426520113,385813200
2015-12-21,24.15470314025879,24.163705378434678,23.7586132455266,24.14344991328859,190362400
2015-12-22,24.1322021484375,24.2424765784534,23.95666105226723,24.170460378871354,131157600
2015-12-23,24.442773818969727,24.496785544116474,24.125451285103782,24.14120477647999,130629600
2015-12-24,24.312238693237305,24.530538253331216,24.294234216383877,24.530538253331216,54281600
2015-12-28,24.039932250976562,24.235727112853997,23.895899841205267,24.2132206537633,106816800
2015-12-29,24.47201919555664,24.62730476961219,24.048924384290626,24.07142911692161,123724800
2015-12-30,24.15244483947754,24.463014236016733,24.120937873901138,24.436009246666014,100855200
2015-12-31,23.6888484954834,24.087187669568237,23.58982559067075,24.082687408895573,163649200
2016-01-04,23.709104537963867,23.71360651607352,22.955184602744627,23.09246574606234,270597600
2016-01-05,23.114965438842773,23.821624751632932,23.0474512349527,23.799120017002906,223164000
2016-01-06,22.662612915039062,23.03844902348601,22.475822072099724,22.631105943121526,273829600
2016-01-07,21.706153869628906,22.534341069129724,21.70165360809434,22.208018022318978,324377600
2016-01-08,21.820932388305664,22.304792107508888,21.775922900613136,22.178764168368286,283192000
2016-01-11,22.174257278442383,22.29353393971297,21.9064462500791,22.273280189837518,198957600
2016-01-12,22.496084213256836,22.66037209985096,22.244026626852737,22.628865116175675,196616800
2016-01-13,21.91769790649414,22.772891657948627,21.8974441580709,22.577096838183675,249758400
2016-01-14,22.397048950195312,22.613099172143322,21.546357425403254,22.045970344281354,252680400
2016-01-15,21.859188079833984,21.989717982749493,21.460848837421395,21.649890724125214,319335600
2016-01-19,21.7534122467041,22.201262880477753,21.492352481407988,22.147251166520476,212350800
2016-01-20,21.782672882080078,22.097744428563974,21.02425086796548,21.4023363803458,289337600
2016-01-21,21.672395706176758,22.027974714138363,21.36632643874029,21.84343310144887,208646000
2016-01-22,22.824655532836914,22.833657772379347,22.13825150849246,22.196763490015815,263202000
2016-01-25,22.379051208496094,22.849406537567848,22.32728877108087,22.847155548897288,207178000
2016-01-26,22.50283432006836,22.703129441961522,22.070737094209072,22.489331818323304,300308000
2016-01-27,21.024250030517578,21.746663054200553,21.006245550406682,21.61388387663656,533478800
2016-01-28,21.175025939941406,21.271797838875077,20.79244032108797,21.10751173973256,222715200
2016-01-29,21.90644645690918,21.90644645690918,21.233544971670028,21.33256788400009,257666000
2016-02-01,21.701648712158203,21.76466266143647,21.46984666288399,21.710650950198147,163774000
2016-02-02,21.262805938720703,21.613884729731595,21.217794736666875,21.474352578867418,149428800
2016-02-03,21.683643341064453,21.79391774774974,21.17277880164377,21.379825117012427,183857200
2016-02-04,21.857872009277344,22.023051307354372,21.53882942849587,21.690431234443935,185886800
2016-02-05,21.274093627929688,21.93028280241884,21.19942517660604,21.839773653124055,185672400
2016-02-08,21.49810791015625,21.654234450442047,21.052351696351625,21.072715352177223,216085600
2016-02-09,21.49357795715332,21.70853740455084,21.253730176624874,21.335188239128584,177324800
2016-02-10,21.330663681030273,21.801309921553056,21.292197849935643,21.70401287881343,169374400
2016-02-11,21.201684951782227,21.432483350272403,20.950522902652605,21.22205032873997,200298800
2016-02-12,21.267305374145508,21.38270458064832,21.045559774862276,21.312560811165437,161405600
2016-02-16,21.866933822631836,21.914450752598505,21.40760177330172,21.50037242905027,196231600
2016-02-17,22.201810836791992,22.222174489604072,21.75605468895267,21.87371537772114,179452800
2016-02-18,21.780946731567383,22.376041566489526,21.742479173334242,22.364727274129432,156084000
2016-02-19,21.73116683959961,21.894082983942184,21.676862033591636,21.722115750878505,141496800
2016-02-22,21.92122459411621,21.925750999585762,21.704003742160328,21.79224965931997,137123200
2016-02-23,21.425695419311523,21.83524717134706,21.394017478619176,21.812620317469428,127770400
2016-02-24,21.744739532470703,21.808095418234426,21.115703629076013,21.265043982363427,145022800
2016-02-25,21.894079208374023,21.894079208374023,21.55240800492678,21.7334262954955,110330800
2016-02-26,21.928016662597656,22.17917695216546,21.853346500833084,21.993634012407416,115964400
2016-02-29,21.878244400024414,22.226703553560853,21.869193311142062,21.916710233035392,140865200
2016-03-01,22.74712371826172,22.80142851449741,22.043417665277012,22.09546098447838,201628400
2016-03-02,22.796899795532227,22.828577731584346,22.54573778374896,22.742595008916886,132678400
2016-03-03,22.966611862182617,23.014128783015103,22.729025531701545,22.758442001492117,147822800
2016-03-04,23.308273315429688,23.475714069763075,22.937187467275734,23.163459410116825,184220400
2016-03-07,23.050331115722656,23.267552046038453,22.844422750525865,23.16799180560761,143315600
2016-03-08,22.860254287719727,23.02543356686479,22.717703584089996,22.80368630156727,126247600
2016-03-09,22.88062286376953,22.98470776570407,22.68829030286975,22.923613365367988,108806800
2016-03-10,22.89194107055664,23.13405207582251,22.661144357421886,22.94624760120367,134054400
2016-03-11,23.138574600219727,23.143099280521703,22.966607401333224,23.134048193599433,109632800
2016-03-14,23.197399139404297,23.28564678653803,23.02995838276895,23.059374840586177,100304400
2016-03-15,23.663528442382812,23.799291310131537,23.498349106970874,23.523239167461966,160270800
2016-03-16,23.978044509887695,24.054976162517963,23.66578803991725,23.670314446729847,153214000
2016-03-17,23.939579010009766,24.091180840249617,23.749509626611857,23.87622139799819,137682800
2016-03-18,23.96673583984375,24.097974047092787,23.801558205132718,24.06176968937493,176820800
2016-03-21,23.964468002319336,24.358180793260605,23.79023759809888,23.96899268267387,142010800
2016-03-22,24.14774513244629,24.27672008745704,23.806073971295017,23.815125057334843,129777600
2016-03-23,24.014245986938477,24.22694221270348,23.96220439530553,24.093442565514504,102814000
2016-03-24,23.910167694091797,24.04140590061874,23.733675766985318,23.864913973512262,104532000
2016-03-28,23.801549911499023,24.02782188943492,23.772133449523714,23.984829661205282,77645600
2016-03-29,24.364967346191406,24.389857402577746,23.731405099423505,23.733668302636328,124760400
2016-03-30,24.790355682373047,24.984949708411346,24.5731348053271,24.58444909398996,182404400
2016-03-31,24.6613826751709,24.867291006090742,24.63649261920656,24.826561980541666,103553600
2016-04-01,24.887662887573242,24.889926091496275,24.48263570128973,24.613873907725036,103496000
2016-04-04,25.143352508544922,25.38546354927587,24.951019872054186,24.984961027100717,149424800
2016-04-05,24.846927642822266,25.055099193778993,24.758681701370815,24.779047078954108,106314800
2016-04-06,25.107139587402344,25.111665993901667,24.70890040505678,24.94196200286057,105616400
2016-04-07,24.5595645904541,24.984955355017746,24.46453075895347,24.87860723229722,127207600
2016-04-08,24.586713790893555,24.83787409655263,24.475839279478535,24.643281785008824,94326800
2016-04-11,24.66817283630371,25.027946216262748,24.62518232992853,24.65686027202324,117630000
2016-04-12,24.989473342895508,25.003049106730835,24.586709570147267,24.74057283046198,108929200
2016-04-13,25.351512908935547,25.419393467312176,25.070936136412072,25.070936136412072,133029200
2016-04-14,25.36509132385254,25.43071041222434,25.190862640210334,25.256481728582134,101895600
2016-04-15,24.855976104736328,25.41034347919359,24.82882457258405,25.367351251528262,187756000
2016-04-18,24.31970977783203,24.65232809193066,24.197522718516673,24.638752327446053,243286000
2016-04-19,24.19074058532715,24.437376239107543,24.036875554768923,24.410222977367255,129539600
2016-04-20,24.240514755249023,24.457735632396414,23.998403824086175,24.12964197683712,122444000
2016-04-21,23.978044509887695,24.195265426295872,23.87622107242492,24.195265426295872,126210000
2016-04-22,23.91242027282715,24.09343852734962,23.672572552955188,23.760818477297438,134732400
2016-04-25,23.776660919189453,23.905635883328365,23.647685955050544,23.758558745828626,112126400
2016-04-26,23.611482620239258,23.82644205389541,23.511924115124508,23.511924115124508,224064800
2016-04-27,22.13391876220703,22.33530062941567,21.649696999894374,21.722103943988294,458408400
2016-04-28,21.457372665405273,22.1475011810835,21.32613450031771,22.086408504959696,328970800
2016-04-29,21.210739135742188,21.43248647977647,20.93242551178816,21.267307141980485,274126000
2016-05-02,21.188114166259766,21.287674418531395,20.907537313689094,21.262784355463488,192640400
2016-05-03,21.53656768798828,21.66327944767617,21.19715970912294,21.31482038221623,227325200
2016-05-04,21.312557220458984,21.699482078619248,21.228835970816146,21.541090665212643,164102000
2016-05-05,21.226051330566406,21.41500094311543,21.09856809165568,21.399065538251588,143562000
2016-05-06,21.107681274414062,21.27386458918669,20.909625402531503,21.255653932476015,174799600
2016-05-09,21.123613357543945,21.346709064369357,21.078082380864863,21.171419580435106,131745600
2016-05-10,21.267026901245117,21.30117469131813,20.96880645738688,21.24653926929856,134747200
2016-05-11,21.059873580932617,21.301181699672124,21.048490401553487,21.280694060984878,114876400
2016-05-12,20.565866470336914,21.121332116024682,20.36781240640932,21.10767369418935,305258800
2016-05-13,20.606843948364258,20.86864137283403,20.488466903791494,20.488466903791494,177571200
2016-05-16,21.371747970581055,21.487849775426163,20.864090236678617,21.032550487061453,245039200
2016-05-17,21.282960891723633,21.55841670285092,21.173690054940703,21.52427065187415,187667600
2016-05-18,21.526548385620117,21.674520991995124,21.3740235508649,21.435489923385195,168249600
2016-05-19,21.444591522216797,21.544757901520605,21.301172900164293,21.544757901520605,121768400
2016-05-20,21.676794052124023,21.724600257195345,21.5174382983911,21.544756874215505,128104000
2016-05-23,21.952253341674805,22.125267542462378,21.779239140887235,21.82477010784649,152074400
2016-05-24,22.286895751953125,22.330147994064664,22.045585999624066,22.1320939575043,140560800
2016-05-25,22.678466796875,22.705783652987186,22.334715217216587,22.46219851061908,152675200
2016-05-26,22.858301162719727,22.93114897797213,22.455360327707282,22.692116161484822,225324800
2016-05-27,22.844648361206055,22.871966952035454,22.594234024173055,22.63748802544557,145364800
2016-05-31,22.733095169067383,22.856026193792353,22.496339314429928,22.67390577120075,169228800
2016-06-01,22.41438102722168,22.660243029826294,22.38478720234156,22.54186425664834,116693200
2016-06-02,22.245920181274414,22.273237022921467,21.997781203065305,22.21860160279867,160766400
2016-06-03,22.291454315185547,22.371131348908463,22.184458696973742,22.261860484611056,114019600
2016-06-06,22.45308494567871,23.19522331053951,22.207224637192535,22.307389304787257,93170000
2016-06-07,22.544147491455078,22.735374125458055,22.528212083357264,22.594230698856553,89638000
2016-06-08,22.52366828918457,22.664810031815062,22.464478864013465,22.54187895038117,83392400
2016-06-09,22.68527603149414,22.762676038083633,22.414372534774753,22.423478724402003,106405600
2016-06-10,22.498620986938477,22.616998070517113,22.41894393675772,22.430325380023866,126851600
2016-06-13,22.1594181060791,22.564635978748562,22.104782671438503,22.466746550901703,152082000
2016-06-14,22.18672752380371,22.418931064526006,22.025096532860527,22.1548567220306,127727600
2016-06-15,22.1138858795166,22.403001894795192,22.0888442801829,22.268687704111798,117780800
2016-06-16,22.20722007751465,22.252749304634087,21.870297891613266,21.956804117871677,125307200
2016-06-17,21.701839447021484,22.00233688641061,21.695010236076318,21.995507675465443,244032800
2016-06-20,21.649478912353516,21.984124137793835,21.63354350813392,21.85436392148318,137647600
2016-06-21,21.83387565612793,21.934040306821196,21.55386586229536,21.613055249179165,142185600
2016-06-22,21.751922607421875,22.05697227466508,21.70639163981398,21.911276651977456,116876400
2016-06-23,21.877124786376953,21.92037876334221,21.683622986357832,21.840701755902394,128960800
2016-06-24,21.262475967407227,21.54931498992115,21.091738743477556,21.150928134085255,301245600
2016-06-27,20.952877044677734,21.182803710961903,20.829946007362317,21.171420532073174,181958400
2016-06-28,21.305736541748047,21.321673689564705,20.97564514123071,21.14865941539771,161779600
2016-06-29,21.490129470825195,21.524277269128728,21.314838250054,21.392240041997287,146124000
2016-06-30,21.7632999420166,21.80199995456265,21.46735652411164,21.499227327011734,143345600
2016-07-01,21.829320907592773,21.961358097890752,21.7018376821071,21.738260716462143,104106000
2016-07-05,21.62444305419922,21.717780258564805,21.503788999251906,21.715503275406576,110820800
2016-07-06,21.747373580932617,21.776969150805915,21.483300856152926,21.53565930975624,123796400
2016-07-07,21.840709686279297,21.968192944472257,21.767861862050584,21.786072515485913,100558400
2016-07-08,22.00916862487793,22.056974843812966,21.86574996807282,21.965914634819505,115648400
2016-07-11,22.077465057373047,22.229989914574308,22.02055264168639,22.02510487073652,95179600
2016-07-12,22.177623748779297,22.241365359270755,22.109329910465,22.120711348436405,96670000
2016-07-13,22.05242156982422,22.234540242351116,22.045590621589493,22.17535258561507,103568800
2016-07-14,22.4895076751709,22.535036907490163,22.154862433454767,22.170797838449396,155676000
2016-07-15,22.487228393554688,22.605607164408692,22.423486780092702,22.51909920028568,120548000
2016-07-18,22.72626304626465,22.794556893367258,22.446253236340294,22.469017852041166,145975600
2016-07-19,22.735368728637695,22.764962554700436,22.614712968161584,22.664796163674534,95119600
2016-07-20,22.755857467651367,22.869682285959044,22.705774269703365,22.764963661535447,105104000
2016-07-21,22.635204315185547,22.99261418904708,22.56690872682313,22.726264520725785,130808000
2016-07-22,22.459909439086914,22.60560503810396,22.380230692925387,22.596498846061827,113254800
2016-07-25,22.1594181060791,22.500892612033855,22.06380566125077,22.366580140036312,161531600
2016-07-26,22.00688362121582,22.302828758374726,21.949971228441292,22.04103140424622,224959200
2016-07-27,23.436532974243164,23.75524286154649,23.391003734698042,23.737030470996775,369379200
2016-07-28,23.752962112426758,23.77800371125491,23.406935430991453,23.409212413656437,159479200
2016-07-29,23.723369598388672,23.800771381822965,23.602715562898634,23.718817369635584,110934800
2016-08-01,24.142244338989258,24.165008954984405,23.76889907881645,23.76889907881645,152671600
2016-08-02,23.784832000732422,24.14679404670702,23.675559423802557,24.142241818714755,135266400
2016-08-03,24.083053588867188,24.09443502780804,23.85085000306549,23.859956196315437,120810400
2016-08-04,24.231826782226562,24.261580922637133,24.096784999236316,24.16545054939915,109634800
2016-08-05,24.600330352783203,24.63924001955661,24.30278193880834,24.323380557839805,162213600
2016-08-08,24.804035186767578,24.804035186767578,24.5270871466591,24.60948336646476,112148800
2016-08-09,24.904747009277344,24.93450290293659,24.72164174276166,24.771996258580785,105260800
2016-08-10,24.719350814819336,24.925345754190385,24.664419413066312,24.88185744859045,96034000
2016-08-11,24.70332908630371,24.932211964247323,24.685018036971154,24.83836914609631,109938000
2016-08-12,24.760549545288086,24.820059581873906,24.6689960458263,24.6689960458263,74641600
2016-08-15,25.058094024658203,25.07182643622555,24.73765770026603,24.751390111833377,103472800
2016-08-16,25.035207748413086,25.22975958534201,24.99629807952239,25.09242846604213,135177600
2016-08-17,24.998586654663086,25.032919433468297,24.797168616999258,24.97112008237138,101424000
2016-08-18,24.966543197631836,25.085561518440528,24.952809038364844,25.000875976442813,87938800
2016-08-19,25.030628204345703,25.10615996270143,24.801745358107162,24.895586417021445,101472400
2016-08-22,24.836082458496094,24.971122523094618,24.685018915482996,24.91619111937978,103280800
2016-08-23,24.91390037536621,25.021475605068048,24.840657925859944,24.854390339443075,85030800
2016-08-24,24.726215362548828,24.891011302987323,24.64610670990169,24.8498123178777,94700400
2016-08-25,24.62093162536621,24.691884760216265,24.417225999435953,24.579732636625383,100344800
2016-08-26,24.47673225402832,24.70790267255723,24.33253494260801,24.58430747167917,111065200
2016-08-29,24.449264526367188,24.59117251365014,24.327956902413796,24.403488657559762,99881200
2016-08-30,24.26158332824707,24.37602475904069,24.14714189745345,24.215807454424684,99455600
2016-08-31,24.28447151184082,24.3920467372776,24.179185603989712,24.183764239161054,118649600
2016-09-01,24.428672790527344,24.44469452374681,24.1746126307344,24.29363097090216,106806000
2016-09-02,24.657556533813477,24.719354150845867,24.449272248607475,24.650688579709424,107210000
2016-09-06,24.65068817138672,24.788019311384804,24.60720160687611,24.696465800132074,107521600
2016-09-07,24.801746368408203,24.893299859880564,24.506487275184583,24.680438734358308,169457200
2016-09-08,24.151723861694336,24.552268953644376,24.087636926380412,24.54769206379539,212008000
2016-09-09,23.60468864440918,24.197496157875143,23.60468864440918,23.95030225080275,186228000
2016-09-12,24.13340950012207,24.197496422009813,23.46735953427949,23.494826106333228,181171200
2016-09-13,24.707910537719727,24.900173098736403,24.545403873922186,24.607203240271087,248704800
2016-09-14,25.58224105834961,25.870634002352464,24.856682681789376,24.886438576490644,443554800
2016-09-15,26.45199203491211,26.488614130670957,25.97591526747291,26.06060255423702,359934400
2016-09-16,26.303213119506836,26.58016112072855,26.101796867592135,26.3489907310129,319547600
2016-09-19,25.996517181396484,26.5916123030239,25.920985414072987,26.365018747291153,188092000
2016-09-20,25.99422836303711,26.120114644327742,25.75161307135455,25.875210034920507,138057200
2016-09-21,25.98965072631836,26.090358002216576,25.735590599557394,26.058314539943815,144012800
2016-09-22,26.234548568725586,26.307790998796055,26.092640596485246,26.172749231525245,124296000
2016-09-23,25.79738426208496,26.273460980543124,25.531881080100096,26.188773702492046,209924800
2016-09-26,25.83629608154297,25.95302682671023,25.53188321108831,25.552481829874388,119477600
2016-09-27,25.884366989135742,25.90496735870978,25.71270480971672,25.863768365799693,98429600
2016-09-28,26.081199645996094,26.239129368791218,25.96218133422534,26.021691363229483,118564400
2016-09-29,25.67608642578125,26.046877390463784,25.58911154350476,25.900392459135947,143548000
2016-09-30,25.875207901000977,25.9484503460104,25.58910432733329,25.74016610618626,145516400
2016-10-03,25.7539005279541,25.875209919491997,25.698969126471315,25.797388833340097,86807200
2016-10-04,25.863759994506836,26.163595945381694,25.77907271809174,25.87749240561945,118947200
2016-10-05,25.875207901000977,26.01482658464982,25.79280993208567,25.955316552380403,85812400
2016-10-06,26.06746482849121,26.17046140136061,25.893513392351625,26.02397653289697,115117200
2016-10-07,26.106372833251953,26.22081423861776,25.980488335091923,26.163593535934858,97433600
2016-10-10,26.561859130859375,26.72207644962108,26.257444478974328,26.326108295770283,144944000
2016-10-11,26.61907958984375,27.166109532262723,26.59618990489879,26.93951422421971,256164000
2016-10-12,26.857112884521484,27.003599515625737,26.722072840694022,26.85940220197684,150347200
2016-10-13,26.77471351623535,26.879999405712596,26.486320669087977,26.73122522088529,140769600
2016-10-14,26.923494338989258,27.047091311969947,26.809052891366903,26.980715062800435,142608800
2016-10-17,26.905179977416992,26.97155446787286,26.72893920331153,26.85482547052972,94499600
2016-10-18,26.886871337890625,27.056244174757325,26.88229270254308,27.049377967973744,98214000
2016-10-19,26.80677032470703,26.95325526531432,26.04687904046739,26.83652447799849,80138400
2016-10-20,26.793031692504883,26.866274150593316,26.625948153539685,26.747255811038844,96503200
2016-10-21,26.687742233276367,26.758697110259885,26.6144997848891,26.735807426320722,92770800
2016-10-24,26.92806625366211,26.948664870898615,26.779292059638845,26.802179994203005,94154800
2016-10-25,27.065397262573242,27.090574516004875,26.85024682278932,26.996731708443775,192516000
2016-10-26,26.45656967163086,26.48174692661736,25.93471701597914,26.16359988222903,264536800
2016-10-27,26.202512741088867,26.51837048528033,26.115536129527058,26.410795252814587,138248000
2016-10-28,26.028560638427734,26.369595630794517,25.96676128472614,26.062893418679984,151446800
2016-10-31,25.987363815307617,26.145293569875925,25.90954272383994,26.012541073173228,105677600
2016-11-01,25.518144607543945,26.03999714741226,25.29841731424346,25.96904403341322,175303200
2016-11-02,25.54103660583496,25.714988062228944,25.458640385687897,25.49755005141465,113326800
2016-11-03,25.267269134521484,25.642263021474122,25.202853178991276,25.53183617062324,107730400
2016-11-04,25.039512634277344,25.36389526657879,24.871571272115432,24.968195213786938,123348000
2016-11-07,25.40070152282715,25.423706968979122,25.182145396375798,25.3247819708429,130240000
2016-11-08,25.55024528503418,25.702084433482014,25.2373662111449,25.377701755545395,97016800
2016-11-09,25.508827209472656,25.610053278444553,24.857764485066493,25.27876923832055,236705600
2016-11-10,24.79795265197754,25.557143017878346,24.347039171303557,25.557143017878346,228538000
2016-11-11,24.9451847076416,25.046410771847082,24.51267637411417,24.643809341288115,136575600
2016-11-14,24.319433212280273,24.802554705796396,23.94443926956893,24.779549254715324,204702000
2016-11-15,24.641515731811523,24.77264873869325,24.422961305409807,24.517284184996708,129058000
2016-11-16,25.3040771484375,25.359292328299528,24.524180723718356,24.547186171059305,235362000
2016-11-17,25.294879913330078,25.386903477159905,25.037216040850755,25.262671929270162,110528000
2016-11-18,25.3201847076416,25.43061332773471,25.22816290530128,25.24196582461165,113715600
2016-11-21,25.704381942749023,25.764195760935156,25.308681889132192,25.333988410366057,117058400
2016-11-22,25.720483779907227,25.863118609244935,25.628460233597092,25.754991073970764,103862000
2016-11-23,25.5893497467041,25.653765699916704,25.382297214804243,25.619256652066213,109705600
2016-11-25,25.718185424804688,25.736590487051203,25.524935781622954,25.566346294075945,45903600
2016-11-28,25.667570114135742,25.874622658112738,25.626159605340344,25.635362135650787,108776000
2016-11-29,25.642269134521484,25.77340214817063,25.322488596759477,25.485829595852017,114115200
2016-11-30,25.42601203918457,25.812509589697417,25.368497533186847,25.674475126343566,144649200
2016-12-01,25.189054489135742,25.522639702654807,25.083228000599767,25.39150668912071,148347600
2016-12-02,25.283374786376953,25.327084613245596,25.041813182047214,25.11543167252432,106112000
2016-12-05,25.101627349853516,25.313280278734737,24.903777338663584,25.306378819889094,137298000
2016-12-06,25.294879913330078,25.38920454893661,25.12003707277725,25.191354501023707,104782000
2016-12-07,25.5433406829834,25.580150807244582,25.113133325701664,25.136138775763236,119994800
2016-12-08,25.794105529785156,25.865422953478195,25.444416360599178,25.504231936550035,108273200
2016-12-09,26.215105056762695,26.38764853477176,25.837810125265783,25.837810125265783,137610400
2016-12-12,26.065568923950195,26.45666677418299,25.879220773133106,26.06326785277385,105497600
2016-12-13,26.50037956237793,26.668320906667244,26.16909550595621,26.18979988188101,174935200
2016-12-14,26.50037956237793,26.73273686092633,26.452067596683612,26.465870513966813,136127200
2016-12-15,26.645320892333984,26.85467454156549,26.50958749749872,26.544094797742623,186098000
2016-12-16,26.679824829101562,26.801755280446198,26.606206344032927,26.794853821721503,177404400
2016-12-19,26.833972930908203,27.004215409896794,26.62922139065339,26.640724996143387,111117600
2016-12-20,26.905284881591797,27.03181749535354,26.843169988147295,26.856972907756425,85700000
2016-12-21,26.930591583251953,27.008812223697966,26.86617561771019,26.870777761079413,95132800
2016-12-22,26.75343894958496,26.804051978913172,26.603900932534206,26.767241864782527,104343600
2016-12-23,26.80635643005371,26.80635643005371,26.592402427489088,26.592402427489088,56998000
2016-12-27,26.976598739624023,27.10083025720737,26.79945311530583,26.80635457374884,73187600
2016-12-28,26.861574172973633,27.151446006509776,26.732740491754218,27.036416999651617,83623600
2016-12-29,26.85466766357422,26.94208906047427,26.77874811207514,26.790249957476107,60158000
2016-12-30,26.645320892333984,26.96280034100216,26.555598401292904,26.83626947796643,122345200
2017-01-03,26.721242904663086,26.76265342394271,26.401462355027416,26.64072293806483,115127600
2017-01-04,26.691329956054688,26.804059646424857,26.629215064694332,26.65222051500545,84472400
2017-01-05,26.827068328857422,26.88458283916623,26.643021193787806,26.668327718739967,88774400
2017-01-06,27.12613868713379,27.183653185150572,26.79485461689209,26.86617203276788,127007600
2017-01-09,27.374601364135742,27.47582744741152,27.133041513413918,27.13534082970417,134247600
2017-01-10,27.402204513549805,27.464319392177675,27.2158581224632,27.323983892281866,97848400
2017-01-11,27.549448013305664,27.59085852729163,27.284880938128854,27.317088920650892,110354400
2017-01-12,27.434417724609375,27.445921327204168,27.195157183304946,27.3538977720558,108344800
2017-01-13,27.3861026763916,27.519536728605953,27.333188567684832,27.402206665093118,104447600
2017-01-17,27.606964111328125,27.6621775480938,27.197461091175988,27.22506693195707,137759200
2017-01-18,27.604663848876953,27.72199394124711,27.540247878227785,27.606964920744012,94852000
2017-01-19,27.556352615356445,27.62767004832995,27.462029728701513,27.46893118928558,102389200
2017-01-20,27.606964111328125,27.710489524664204,27.544849214367183,27.710489524664204,130391600
2017-01-23,27.6253662109375,27.79330757501292,27.554047034431193,27.606961148922757,88200800
2017-01-24,27.600061416625977,27.629968327868966,27.491933864527088,27.503437467807007,92844000
2017-01-25,28.039461135864258,28.090074163569877,27.671368782372657,27.703576753603,129510400
2017-01-26,28.053274154663086,28.168303159062784,27.97505351896557,27.991157509373394,105350400
2017-01-27,28.055572509765625,28.14759606117314,27.975052560485274,28.099284091604925,82251600
2017-01-30,27.98195457458496,27.98195457458496,27.75879978364072,27.820914672830703,121510000
2017-01-31,27.91753578186035,27.926738311770396,27.749594437810618,27.871524887513246,196804000
2017-02-01,29.61997413635254,30.020276409786565,29.219673618122155,29.224274006863443,447940000
2017-02-02,29.569355010986328,29.767205035094836,29.396811507766348,29.442824161746977,134841600
2017-02-03,29.695892333984375,29.721198858894002,29.48423935765253,29.51874665961697,98029200
2017-02-06,29.974260330200195,30.02257406292655,29.65447979668952,29.70739567310579,107383600
2017-02-07,30.259531021118164,30.388362950360797,30.011067938833033,30.03177231808843,152735200
2017-02-08,30.376853942871094,30.418266204420902,30.188208225873115,30.2181168864143,92016400
2017-02-09,30.596359252929688,30.603290633697004,30.295986492383804,30.418445586774457,113399600
2017-02-10,30.527048110961914,30.716515292031392,30.51087606110025,30.605609651634992,80262000
2017-02-13,30.797378540039062,30.91984116877839,30.67261015171443,30.748858871211922,92141600
2017-02-14,31.19709587097168,31.213267912938225,30.78812689428164,30.838959355819387,132904800
2017-02-15,31.310319900512695,31.48592428287456,31.104680709820027,31.31263271120233,142492400
2017-02-16,31.273353576660156,31.400431241504915,31.15551305202995,31.347289480262962,90338400
2017-02-17,31.358844757080078,31.384260996633373,31.215591511757644,31.215591511757644,88792800
2017-02-21,31.58527374267578,31.59682721826465,31.418913565948206,31.47667741826679,98028800
2017-02-22,31.68001365661621,31.68232294194656,31.44895820102879,31.522894113491006,83347600
2017-02-23,31.54599952697754,31.765501493928575,31.492857761966008,31.74239806487526,83152800
2017-02-24,31.576032638549805,31.576032638549805,31.257175049984358,31.402741084003488,87106400
2017-02-27,31.63842010498047,31.756260637263946,31.488235477341306,31.686943299266535,81029600
2017-02-28,31.652284622192383,31.75625886055819,31.58527657314757,31.673078764740332,93931600
2017-03-01,32.299232482910156,32.382412567080664,31.793224123633966,31.86022863767035,145658400
2017-03-02,32.107460021972656,32.41245131747088,32.06124612134738,32.34775608734624,104844000
2017-03-03,32.29692459106445,32.308478066569165,32.02196809193067,32.06586918347313,84432400
2017-03-06,32.19527053833008,32.294626230528806,32.0242917352759,32.20220192085244,87000000
2017-03-07,32.23685836791992,32.343141903855376,32.06818534575366,32.130571306357986,69785200
2017-03-08,32.116703033447266,32.301548072577894,32.07511475059646,32.10514955744675,74828800
2017-03-09,32.04277420043945,32.068190445792496,31.66615614282426,32.0566404915996,88623600
2017-03-10,32.149051666259766,32.199884141766816,32.03352395385757,32.17446790401329,78451200
2017-03-13,32.16291809082031,32.21605985740259,32.07511941682055,32.082050798304046,69686800
2017-03-14,32.114402770996094,32.266896709917894,32.07974233325674,32.18602940644647,61236400
2017-03-15,32.454044342041016,32.52104885946369,32.123633273411656,32.21143545714722,102767200
2017-03-16,32.50719451904297,32.58344324693821,32.407838833981906,32.51412590106739,76928000
2017-03-17,32.34544372558594,32.57880838879118,32.322336777471435,32.57880838879118,175540000
2017-03-20,32.68510818481445,32.694348852295555,32.40090741959065,32.44018642623199,86168000
2017-03-21,32.310791015625,32.99471665093121,32.2853747768826,32.83528783751306,158119600
2017-03-22,32.67586898803711,32.71746081212835,32.292316004830674,32.31311367968989,103440800
2017-03-23,32.560333251953125,32.71283069351587,32.488706627299024,32.638891257984966,81385200
2017-03-24,32.49562454223633,32.749786839514066,32.42862004147668,32.694332285846684,89582400
2017-03-27,32.55110549926758,32.62966353646561,32.028917724136335,32.206831476542945,94300400
2017-03-28,33.225772857666016,33.281223906665865,32.491014727782115,32.55802277949188,133499200
2017-03-29,33.29971694946289,33.38520988039427,33.084837030521676,33.198051967140444,116760000
2017-03-30,33.255802154541016,33.38750542533572,33.15645002446834,33.31587881516693,84829200
2017-03-31,33.19341278076172,33.3343566867882,33.04322468628684,33.20727553780942,78646800
2017-04-03,33.202667236328125,33.29971010159959,33.052482605089835,33.20498004721343,79942800
2017-04-04,33.44990158081055,33.47762710917722,33.080211416330286,33.09869627711697,79565600
2017-04-05,33.2765998840332,33.60932022602162,33.228076698482546,33.322810259170346,110871600
2017-04-06,33.19341278076172,33.39212052490356,33.144889605469864,33.33897525538751,84596000
2017-04-07,33.1194953918457,33.313581170781795,33.10332333974798,33.209606898182265,66688800
2017-04-10,33.08020782470703,33.24425874286062,33.01782186702875,33.17956349994475,75733600
2017-04-11,32.72437286376953,33.12178837836335,32.36161424408937,33.02705483143253,121517600
2017-04-12,32.76365280151367,32.84452006719451,32.58111708135151,32.71744243174959,81400000
2017-04-13,32.59037780761719,32.89768203463652,32.59037780761719,32.78908567149333,71291600
2017-04-17,32.77058792114258,32.782141396308624,32.548773185081686,32.689717120605906,66328400
2017-04-18,32.625022888183594,32.819108584656504,32.604228747624155,32.673546075114686,58790000
2017-04-19,32.50487518310547,32.809870033463476,32.451733423043436,32.782144510931275,69313600
2017-04-20,32.91153335571289,33.022438965982026,32.61578271124467,32.62964547182509,93278400
2017-04-21,32.87226867675781,32.96699875719339,32.77522578480094,32.91154769071936,69283600
2017-04-24,33.188804626464844,33.260431251712454,33.08251756841505,33.156457004558625,68537200
2017-04-25,33.39443588256836,33.47992525032688,33.241938476059495,33.25118266618911,75486000
2017-04-26,33.19805145263672,33.41062560817669,33.1287376254248,33.38058726596684,80164800
2017-04-27,33.22346115112305,33.30895406388303,33.11255552381096,33.253499487413826,56985200
2017-04-28,33.19111251831055,33.341300669562116,33.103313848608956,33.2927774759267,83441600
2017-05-01,33.86812210083008,34.011375410070904,33.493813247328404,33.52616088249981,134411600
2017-05-02,34.08300018310547,34.217012814453795,33.9281934000723,34.08993156700041,181408800
2017-05-03,33.979007720947266,34.07836337966752,33.33436468419537,33.639355989291474,182788000
2017-05-04,33.856544494628906,33.997488417226116,33.690184339247764,33.85423521005775,93487600
2017-05-05,34.418025970458984,34.42264454162355,33.9097010922091,33.9097010922091,109310800
2017-05-08,35.353782653808594,35.51321143114237,34.434183222621,34.434183222621,195009600
2017-05-09,35.580223083496094,35.78586225291136,35.4554511904516,35.55249403747193,156521600
2017-05-10,35.41156005859375,35.56867961150019,35.145847678377294,35.49705297990931,103222800
2017-05-11,35.71781539916992,35.745658910310475,35.337320455257014,35.369801601438134,109020400
2017-05-12,36.216617584228516,36.29085864643558,35.88484277011094,35.89180275906231,130108000
2017-05-15,36.12382125854492,36.34422922660591,35.97301673833962,36.19574352326371,104038800
2017-05-16,36.07046890258789,36.2073534744759,35.89646201081115,36.17951350464899,80194000
2017-05-17,34.859371185302734,35.861652309017664,34.73408781492753,35.636603173558846,203070800
2017-05-18,35.39067459106445,35.57628262123861,35.063544376331315,35.09602551609839,134272800
2017-05-19,35.511314392089844,35.72476235196621,35.41155217244053,35.58555900779195,107843200
2017-05-22,35.72708511352539,35.86396964257635,35.476514842959574,35.72940393022555,91865600
2017-05-23,35.683006286621094,35.93821421541674,35.5693205340456,35.93821421541674,79675600
2017-05-24,35.5762825012207,35.76885052211112,35.42083679427562,35.69228707716587,76712000
2017-05-25,35.69924545288086,35.8106123896768,35.50435862375579,35.666764314693346,76942400
2017-05-26,35.63892364501953,35.78509053405886,35.569320195944684,35.72940706676329,87710400
2017-05-30,35.65285110473633,35.82917681122101,35.57396883132312,35.59484880837146,80507600
2017-05-31,35.44171905517578,35.76885283009231,35.35355797909039,35.722451704755954,97804800
2017-06-01,35.53916931152344,35.573972817349585,35.31644245102639,35.53685049387354,65616400
2017-06-02,36.06581115722656,36.06581115722656,35.471868472609174,35.63195530592104,111082800
2017-06-05,35.713165283203125,35.83381102746354,35.604124244177186,35.808289880411884,101326800
2017-06-06,35.83380889892578,36.149341452740536,35.6783632089096,35.706203171247324,106499600
2017-06-07,36.04725646972656,36.188782177000014,35.8407684909353,35.96605540041843,84278400
2017-06-08,35.95909881591797,36.08670101408541,35.822210729231124,36.01941991941855,85003200
2017-06-09,34.56473159790039,36.00551036982716,33.87798630919757,36.00551036982716,259530800
2017-06-12,33.7387580871582,33.894203737175495,33.06361085276896,33.813002687858805,289229200
2017-06-13,34.010223388671875,34.20975141652605,33.67612961736451,34.14247031488895,136661600
2017-06-14,33.67845153808594,34.221352139331366,33.37219773829891,34.221352139331366,126124800
2017-06-15,33.47660446166992,33.520686774191034,32.9940284619106,33.25155880437353,128661600
2017-06-16,33.0079345703125,33.52531385516667,32.991692234557526,33.35826702540767,201444400
2017-06-19,33.95222091674805,34.04502670838691,33.330438043573054,33.330438043573054,130165600
2017-06-20,33.64364242553711,34.075179545849174,33.62740362744633,34.075179545849174,99600400
2017-06-21,33.84316635131836,33.8895710035528,33.55083615920216,33.76196529026394,85063200
2017-06-22,33.78748321533203,34.03573108829156,33.66915631965159,33.8199643446962,76425200
2017-06-23,33.93830108642578,34.14247028877501,33.66685078249091,33.67149195713857,141757600
2017-06-26,33.831573486328125,34.40231397122722,33.7294889013404,34.14478369189126,102769600
2017-06-27,33.34667205810547,33.91045609832989,33.321150911590316,33.643643468366285,99047600
2017-06-28,33.83389663696289,33.89885891933453,33.214432597089726,33.523005208444474,88329600
2017-06-29,33.33506774902344,33.67148379594912,33.01025640599368,33.5740403930402,125997600
2017-06-30,33.41395950317383,33.63204867536002,33.35827603149477,33.51372174056437,92096400
2017-07-03,33.29331970214844,33.71093696393949,33.200517439607935,33.61349352621814,57111200
2017-07-05,33.43020248413086,33.5926082049495,33.112351034801584,33.33740022657141,86278400
2017-07-06,33.11466979980469,33.29331786251225,33.040428701910386,33.18195444558119,96515200
2017-07-07,33.451080322265625,33.583327248020424,33.154108868848056,33.154108868848056,76806800
2017-07-10,33.655250549316406,33.86173857462647,33.26315447492133,33.434842539856305,84362400
2017-07-11,33.7642936706543,33.838538303117105,33.49748454562129,33.578685629676194,79127200
2017-07-12,33.81301498413086,33.91509603695035,33.59956698976132,33.84317376647763,99538000
2017-07-13,34.28398895263672,34.451035803707775,33.74340727350098,33.75732725439386,100797600
2017-07-14,34.578636169433594,34.64592079378021,34.1819025741464,34.3303882628221,80528400
2017-07-17,34.69927978515625,35.01017112373985,34.46959304613573,34.527595320058545,95174000
2017-07-18,34.81993865966797,34.83153982687053,34.492804861523275,34.61576944547624,71475200
2017-07-19,35.03802490234375,35.13082715177635,34.78977339783427,34.91273797141296,83692000
2017-07-20,34.8802604675293,35.20507545477402,34.84546050540773,35.14939197520025,68974800
2017-07-21,34.864009857177734,34.90345098095028,34.54151733675225,34.79904758976671,105010400
2017-07-24,35.286277770996094,35.367482405670145,34.77817706531301,34.93594515949075,85972800
2017-07-25,35.43708038330078,35.69228833526864,35.21899120640794,35.21899120640794,75415600
2017-07-26,35.604122161865234,35.71316319451389,35.51131638702401,35.57860101630619,63124000
2017-07-27,34.93128967285156,35.727082730008235,34.17494127821325,35.671399271315785,129905200
2017-07-28,34.68537521362305,34.85474093746274,34.61345292843822,34.77585865952967,68854800
2017-07-31,34.506717681884766,34.877933714220624,34.36751432489266,34.778167945206754,79383600
2017-08-01,34.81296920776367,34.85241033339182,34.43247439209287,34.59256125152247,141474400
2017-08-02,36.45791244506836,37.06345638107044,36.23054450202435,36.954411813041766,279747200
2017-08-03,36.09366226196289,36.47415709575455,35.96605653168981,36.43703478509722,108389200
2017-08-04,36.283897399902344,36.518225280224115,36.121491763036886,36.20965634026844,82239600
2017-08-07,36.845359802246094,36.870880941526856,36.348860534565596,36.439343930165116,87481200
2017-08-08,37.14002227783203,37.54603825885882,36.72008631531287,36.79664975369933,144823600
2017-08-09,37.36739730834961,37.41612079297304,36.914980123328064,36.949780083645464,104526000
2017-08-10,36.177162170410156,37.26722684980881,36.0164466859676,37.243933411395794,163217200
2017-08-11,36.68027114868164,36.93415686119202,36.35185637630784,36.475303794776885,105028400
2017-08-14,37.2322883605957,37.31613975892421,36.976074767347626,37.108840962234225,88490800
2017-08-15,37.63990020751953,37.77965017452428,37.299835201723255,37.42095468305778,117862000
2017-08-16,37.48851776123047,37.85187282362059,37.302180829366435,37.71911011424637,110686400
2017-08-17,36.7687873840332,37.43261145636436,36.76412798432432,37.38835604433153,111762400
2017-08-18,36.6849365234375,37.15077698722718,36.50325902688598,36.76878794908287,109712400
2017-08-21,36.61738967895508,36.77577372401931,36.12825579092864,36.684934979566464,105474000
2017-08-22,37.21599197387695,37.26723470592403,36.806053671580756,36.854964926847224,86418400
2017-08-23,37.262569427490234,37.376701595239346,37.0063593617578,37.05061476464174,77596400
2017-08-24,37.097206115722656,37.43959913896575,36.92950326539622,37.36739088206577,79275600
2017-08-25,37.23462677001953,37.39767021433604,37.097204692244226,37.18571195968431,101920400
2017-08-28,37.6096305847168,37.73307802479244,37.25093143296134,37.29984624604826,103864000
2017-08-29,37.945037841796875,37.99394910280157,37.2672390780848,37.29053252414095,118067600
2017-08-30,38.04752731323242,38.17330269453287,37.87516503492764,38.15234072332967,109078400
2017-08-31,38.19892120361328,38.320040729401555,38.077801677825,38.115069771003085,107140400
2017-09-01,38.21056365966797,38.417862517958746,38.11273759156137,38.385253828589875,66364400
2017-09-05,37.751708984375,38.25714542591725,37.397669261394455,38.140685318075796,117874000
2017-09-06,37.71211242675781,37.963666682533365,37.388353473821574,37.8984493074153,86606800
2017-09-07,37.56071472167969,37.78897910426357,37.35108793792291,37.75403893758368,87714000
2017-09-08,36.94813919067383,37.53509564260675,36.92484574480057,37.46755033610366,114446000
2017-09-11,37.61661911010742,37.74472595411591,37.24161737805395,37.38369886793957,126323200
2017-09-12,37.467567443847656,38.18962194663955,36.980764767917094,37.875178054179294,286856000
2017-09-13,37.185707092285156,37.25791533696274,36.78042823433006,37.23694981866018,179629600
2017-09-14,36.86660385131836,37.127473301780874,36.8223484508121,37.03197873414494,95042800
2017-09-15,37.23929214477539,37.493174374096036,36.80140092056649,36.91087372661872,196458400
2017-09-18,36.95746612548828,37.38371073039949,36.801409940206355,37.292871949292646,113077600
2017-09-19,36.9714241027832,37.21366311254684,36.90387880537779,37.15310158306575,83242400
2017-09-20,36.35186004638672,36.86195233721681,35.830117479786594,36.77810091676466,211805600
2017-09-21,35.72763442993164,36.28897304494731,35.578565622840415,36.28897304494731,150046800
2017-09-22,35.378257751464844,35.46676858657564,35.06847338265814,35.296734239749,186581600
2017-09-25,35.06614303588867,35.364280660403736,34.7423840426693,34.935708269423436,177549200
2017-09-26,35.66940689086914,35.85108440127797,35.331673239677386,35.35263520916742,146640000
2017-09-27,35.923282623291016,36.03741480448484,35.76256711139289,35.82312863998077,102016800
2017-09-28,35.70201873779297,35.93493900803122,35.56692455456503,35.84410024480155,88022000
2017-09-29,35.897666931152344,35.899998408208205,35.40387715030918,35.68571220984077,105199200
2017-10-02,35.82545471191406,35.97452349491543,35.57157255172238,35.93026808910437,74795200
2017-10-03,35.98151779174805,36.123599280752316,35.84875510265796,35.872044994281765,64921200
2017-10-04,35.748592376708984,35.83710319267838,35.51101632449689,35.783532540208626,80655200
2017-10-05,36.1934700012207,36.20511672212214,35.881357783911426,35.911634993358895,85135200
2017-10-06,36.17251968383789,36.21677510506576,36.000157399603395,36.09565556603391,69630400
2017-10-09,36.29829025268555,36.50558912928541,36.21677029910365,36.29130292963798,65051600
2017-10-10,36.31227111816406,36.801405139755445,36.125937732873545,36.34953921685477,62468000
2017-10-11,36.46365737915039,36.563811357429444,36.2773205116134,36.328563239038075,67622400
2017-10-12,36.33555221557617,36.65465176118932,36.272662764675964,36.41707570948683,64500400
2017-10-13,36.5661506652832,36.63369597276531,36.43105649623809,36.50558912676728,65576800
2017-10-16,37.23929214477539,37.26724143854835,36.71987740828723,36.778107473034964,96486000
2017-10-17,37.376708984375,37.469875653227085,37.08788662440458,37.21599345963665,75989200
2017-10-18,37.211341857910156,37.432618962445325,37.174077315008596,37.36507009240364,65496800
2017-10-19,36.33089065551758,36.587104289072464,36.10728926085157,36.510240199006,170336800
2017-10-20,36.39377212524414,36.743152337646485,36.32622684797458,36.47762351838387,95896400
2017-10-23,36.375160217285156,36.72920004305189,36.21910405396044,36.54286310559142,87937200
2017-10-24,36.59177017211914,36.666302798854936,36.38213982913323,36.403101797207604,71028800
2017-10-25,36.43105697631836,36.696585917849305,36.16552803478742,36.54751710074563,84828400
2017-10-26,36.663963317871094,36.76178935879311,36.51722247944827,36.62203584085903,68002000
2017-10-27,37.9776496887207,38.10575654450994,36.96444512048361,37.10186722302062,177816800
2017-10-30,38.83245086669922,39.146894516535305,38.133690359578786,38.173286361826044,178803200
2017-10-31,39.372833251953125,39.514914731300486,38.883702912128214,39.107304337739436,144187200
2017-11-01,38.87206268310547,39.58247019850598,38.573925029770365,39.566164074081144,134551200
2017-11-02,39.15621566772461,39.2470544051936,38.497051063391076,38.80450743887397,165573600
2017-11-03,40.17874526977539,40.5886836521891,39.85731417031122,40.52812566342561,237594400
2017-11-06,40.586360931396484,40.758723227159884,39.997072876231286,40.14846964458664,140105200
2017-11-07,40.71678161621094,40.81926707795538,40.43495015049409,40.50715484742848,97446000
2017-11-08,41.049861907958984,41.049861907958984,40.6049834233386,40.681847524405,97638000
2017-11-09,40.96601104736328,41.01725378211168,40.327808339911776,40.78666147574387,117930400
2017-11-10,40.83042907714844,40.99639849993857,40.736927487906414,40.93328296542886,100582000
2017-11-13,40.66679382324219,40.79068501674107,40.53355033201329,40.55692750948182,67928400
2017-11-14,40.05201721191406,40.55225821938238,40.01461514838106,40.44940432809518,99130000
2017-11-15,39.52372741699219,39.81358806625075,39.360097843562826,39.731771496107484,116632400
2017-11-16,39.99592208862305,40.175912851342744,39.808915317218215,40.01461955559179,94550000
2017-11-17,39.77385330200195,40.06371400342983,39.654638212802126,39.981897418561154,87598000
2017-11-20,39.7341194152832,39.86969926347399,39.63594164249503,39.806583707089366,65049600
2017-11-21,40.472782135009766,40.60368579254124,39.92111417337202,39.92111417337202,100525200
2017-11-22,40.89822006225586,40.9075687942775,40.45174231251265,40.52420657796541,102355600
2017-11-24,40.90055465698242,41.0244458605575,40.82575053648445,40.93094427679182,56106800
2017-11-27,40.694862365722656,40.92628368879183,40.51954415435885,40.91927124568592,82867200
2017-11-28,40.456424713134766,40.877185489404816,40.173576481492574,40.7439455280813,105715200
2017-11-29,39.61724853515625,40.42137548298689,39.07493260069353,40.35358732875115,166665600
2017-11-30,40.171226501464844,40.23901460485384,39.3741125962206,39.83928772337555,166108800
2017-12-01,39.98421859741211,40.12914709698923,39.3881362961759,39.72708393668867,159037200
2017-12-04,39.6920280456543,40.35122240453448,39.652289694840306,40.31849649404904,130169600
2017-12-05,39.654632568359375,40.094097925131834,39.364771908190285,39.519052754741125,109400800
2017-12-06,39.50735855102539,39.785530580238316,38.911279707691186,39.15438596756534,114240000
2017-12-07,39.579830169677734,39.84163748488926,39.48398871791025,39.51203848258087,102693200
2017-12-08,39.59151077270508,39.97253667893352,39.46294698774947,39.85332162553846,93420800
2017-12-11,40.362918853759766,40.41434580408775,39.455938348183324,39.55177980714525,141095200
2017-12-12,40.13618087768555,40.29747419909821,40.080081334138924,40.241371088693526,77636800
2017-12-13,40.26941680908203,40.566286349142075,40.206301267674334,40.3231800504292,95273600
2017-12-14,40.25772476196289,40.470444984363944,40.12448124896759,40.29979940805167,81906000
2017-12-15,40.66679382324219,40.71354461132274,40.31382127134904,40.5873171268196,160677200
2017-12-18,41.23951721191406,41.42184786273564,40.87485591027091,40.879532061200656,117684400
2017-12-19,40.800045013427734,40.99874037620498,40.69485481948698,40.91458750768088,109745600
2017-12-20,40.75563049316406,41.005749218272555,40.498495760008446,40.87718185169475,93902400
2017-12-21,40.909915924072266,41.14601338073836,40.69719922079701,40.71356039788378,83799600
2017-12-22,40.909915924072266,41.00575739525637,40.79070083321309,40.83277548874296,65397600
2017-12-26,39.87202453613281,40.08240489130736,39.66397690538748,39.92578777056952,132742000
2017-12-27,39.87904739379883,39.92112204908144,39.67100327556646,39.76216859553665,85992800
2017-12-28,39.99124526977539,40.171239596342964,39.85098930185255,39.97254423626185,65920800
2017-12-29,39.55878829956055,39.87669870309674,39.55645200818158,39.86033752972982,103999600
2018-01-02,40.26707077026367,40.27642306888876,39.565798181369,39.7761820981515,102223600
2018-01-03,40.260066986083984,40.80238628352514,40.19695500765061,40.33019497342311,118071600
2018-01-04,40.44707107543945,40.54992497445396,40.22500210267125,40.3325285848356,89738400
2018-01-05,40.9075813293457,40.99407050276175,40.4517547079046,40.54292003219282,94640000
2018-01-08,40.75563049316406,41.05016372371372,40.657449182790344,40.75563049316406,82271200
2018-01-09,40.75095748901367,40.921599515903196,40.53590095325459,40.80238443961448,86336000
2018-01-10,40.741600036621094,40.74393989480724,40.440054379738385,40.477456442146824,95839600
2018-01-11,40.97303009033203,41.02212075365002,40.788363163647276,40.8117367825329,74670800
2018-01-12,41.396121978759766,41.45923751339591,41.05951054984298,41.18340176092249,101672400
2018-01-16,41.18574142456055,41.93376483703263,41.17405283422285,41.58546481936825,118263600
2018-01-17,41.8659782409668,41.901040446396664,40.92393560860837,41.176390621417674,137547200
2018-01-18,41.903377532958984,42.099736587663685,41.66728368925117,41.9290910063812,124773600
2018-01-19,41.71636962890625,41.97817691644085,41.47092351341417,41.75143183103793,129700400
2018-01-22,41.375083923339844,41.557414516297534,41.2815823355666,41.44521189759825,108434400
2018-01-23,41.384437561035156,41.94545785474811,41.33301417846406,41.44521681046371,130756400
2018-01-24,40.72523880004883,41.44521244943131,40.486805111138345,41.43352385908979,204420400
2018-01-25,39.99825668334961,40.89588486778186,39.862676869004524,40.793030969529916,166116000
2018-01-26,40.091758728027344,40.206301219057266,39.75281097181956,40.206301219057266,156572000
2018-01-29,39.26192092895508,39.7761868421077,39.05387684544463,39.7761868421077,202561600
2018-01-30,39.030494689941406,39.12399627428952,38.499864103281,38.6938832793173,184192800
2018-01-31,39.13801956176758,39.37411693794769,38.92062678192371,39.00711592226718,129915600
2018-02-01,39.2198371887207,39.41619265332246,38.981403514928985,39.077244956052496,188923200
2018-02-02,37.51808547973633,38.99075870726561,37.424583889707215,38.80375196035035,346375200
2018-02-05,36.580711364746094,38.30817909539416,36.46616890910437,37.19081856416882,290954000
2018-02-06,38.109500885009766,38.27079419819336,35.998670062167655,36.192689296369814,272975200
2018-02-07,37.29367446899414,38.19597867026354,37.183811712279685,38.12351440723926,206434400
2018-02-08,36.26748275756836,37.634965863191155,36.23943299272922,37.46899643189285,217562000
2018-02-09,36.711090087890625,37.058460813619604,35.26292594672998,36.865999961496776,282690400
2018-02-12,38.18975830078125,38.46671505344137,36.969260475488554,37.201625228363696,243278000
2018-02-13,38.572330474853516,38.668562658760024,37.94095852973828,38.01137241019179,130196800
2018-02-14,39.28351974487305,39.32342012499602,38.22967123455398,38.26722221611662,162579600
2018-02-15,40.60260009765625,40.62606901581881,39.666103234935505,39.85152308844231,204588800
2018-02-16,40.47115707397461,41.03211898521176,40.316250761428385,40.45472919022899,160704400
2018-02-20,40.33500671386719,40.900656379132336,40.234079321886405,40.38194810440309,135722000
2018-02-21,40.151947021484375,40.867811539145606,40.13786137607023,40.56503641863772,149886400
2018-02-22,40.487586975097656,40.82791670005755,40.30216713810029,40.32329023698601,123967600
2018-02-23,41.191707611083984,41.22691276622604,40.73167328929835,40.76218681135434,135249600
2018-02-26,42.00615310668945,42.10473112126682,41.358353190295645,41.3912125284881,152648800
2018-02-27,41.87001419067383,42.36055837266464,41.81603176784294,42.03666025428056,155712400
2018-02-28,41.80666732788086,42.393444058089834,41.7902394417635,42.07423737360011,151128400
2018-03-01,41.074363708496094,42.19628032785042,40.525141647587134,41.9052378328404,195208000
2018-03-02,41.35834884643555,41.379471937040876,40.47583485955829,40.55798498711084,153816000
2018-03-05,41.501529693603516,41.71746301418378,40.96169460145311,41.12364548723818,113605600
2018-03-06,41.46632385253906,41.837167053383304,41.33958169646813,41.75736630395347,95154000
2018-03-07,41.08140182495117,41.27386626316505,40.903023033099316,41.0602787275082,126814000
2018-03-08,41.52969741821289,41.57194361047891,41.09078970758341,41.18701833932262,95096400
2018-03-09,42.24320983886719,42.24790505333158,41.6353102868023,41.76909703854284,128740800
2018-03-12,42.65161895751953,42.808874660866046,42.29720717069979,42.315980870782745,128828400
2018-03-13,42.240848541259766,43.0693763113088,42.0695108807964,42.85578889894881,126774000
2018-03-14,41.88176345825195,42.36996197589975,41.73389462212503,42.323020568345115,117473600
2018-03-15,41.93103790283203,42.304230395438275,41.79490893683333,41.89583275324594,90975200
2018-03-16,41.78317642211914,42.04135589872213,41.6892900458461,41.931041644975714,157618800
2018-03-19,41.144771575927734,41.65409318133053,40.759846310114575,41.61888802159753,133787200
2018-03-20,41.13069152832031,41.49683953309172,41.06027762400275,41.13069152832031,78597600
2018-03-21,40.198890686035156,41.09548343216158,40.196541287634304,41.08374718435731,148219600
2018-03-22,39.63087463378906,40.529812816838344,39.572197000977056,39.9007903121649,165963200
2018-03-23,38.713172912597656,39.88203087822492,38.713172912597656,39.5229238913069,164115200
2018-03-26,40.55094528198242,40.62840019813181,39.06522697707837,39.44780634373773,150164800
2018-03-27,39.51116943359375,41.10954755663874,39.177880913520504,40.76452279388295,163690400
2018-03-28,39.07462692260742,39.90550460608626,38.77185176834323,39.25535512087376,166674000
2018-03-29,39.37974166870117,40.31154297775571,39.17319520783287,39.386782699739925,153594000
2018-04-02,39.12156677246094,39.65201509761951,38.60285827668735,39.11217992291302,150347200
2018-04-03,39.52293014526367,39.60742613093235,38.69909697104452,39.34689714023731,121112000
2018-04-04,40.278682708740234,40.37256550802131,38.67326320379897,38.69908151081114,138422000
2018-04-05,40.5579948425293,40.89362930170126,40.38900291382461,40.50635822090288,107732800
2018-04-06,39.52057647705078,40.482887897857516,39.478326701909054,40.12847614077942,140021200
2018-04-09,39.912540435791016,40.62605912311723,39.865599029495826,39.87264006137012,116070800
2018-04-10,40.66361618041992,40.839649150897934,40.25991361494503,40.60493852359392,113634400
2018-04-11,40.47349548339844,40.820866160421915,40.29980835418697,40.42420468274402,89726400
2018-04-12,40.87250518798828,41.07435645439156,40.61432208628652,40.70116744671329,91557200
2018-04-13,41.010982513427734,41.271511425086416,40.8044396188746,41.02271875981588,100497200
2018-04-16,41.26681900024414,41.35366077533175,41.03445421925359,41.08139562250636,86313600
2018-04-17,41.83481979370117,41.99911650197846,41.40529895401935,41.42407623230813,106421600
2018-04-18,41.74093246459961,41.970951432420364,41.515612292995044,41.73389143307444,83018000
2018-04-19,40.5579948425293,41.16589447365878,40.525135499803376,40.78331502653571,139235200
2018-04-20,38.896236419677734,40.187144570368126,38.828168347966916,40.04162516124711,261964400
2018-04-23,38.7835807800293,39.17789286841588,38.513661441560345,39.156769773980784,146062000
2018-04-24,38.24374771118164,39.03941654299841,37.84004517183039,38.88450667946601,134768000
2018-04-25,38.41039276123047,38.825831574734394,38.11935387520056,38.16864110139597,113528400
2018-04-26,38.54418182373047,38.89859360300027,38.3446763459467,38.52070932702644,111852000
2018-04-27,38.09823226928711,38.56999935976334,37.70157072022894,38.49254441988215,142623200
2018-04-30,38.78827667236328,39.257697923260864,37.98556676309641,38.05363485006051,169709600
2018-05-01,39.68958282470703,39.71305174706211,38.79064036813864,39.05821043651503,214277600
2018-05-02,41.442848205566406,41.71980496672397,40.792698905965494,41.1283333112394,266157600
2018-05-03,41.517967224121094,41.661140865562984,40.94292684113001,41.28091075413384,136272800
2018-05-04,43.14685821533203,43.245436256270295,41.818395107706486,41.83717238903761,224805200
2018-05-07,43.459014892578125,44.04813720028736,43.36278268851024,43.463706525898886,169805600
2018-05-08,43.66791915893555,43.707819541504236,43.10930664017297,43.419126431506974,113611200
2018-05-09,43.97537612915039,43.98476297690126,43.473095611593955,43.7852611249509,92844800
2018-05-10,44.604408264160156,44.681863204805836,44.04344998015062,44.064576659526814,111957200
2018-05-11,44.43476104736328,44.78111639096404,44.16615931102086,44.646817320397844,104848800
2018-05-14,44.33108139038086,44.65623212523947,44.26275443642257,44.53371098533184,83115200
2018-05-15,43.92818832397461,44.076627354090526,43.612464172969005,44.008296792998124,94780800
2018-05-16,44.33815002441406,44.40412571212167,43.824509647791004,43.841004468520254,76732400
2018-05-17,44.05778503417969,44.51016678779434,43.909345979246076,44.295755618492585,69176000
2018-05-18,43.89757537841797,44.25099904827186,43.85516626373702,44.104918415199926,73190800
2018-05-21,44.20857620239258,44.59498581760541,44.03893260593715,44.295752863411764,73603200
2018-05-22,44.09782409667969,44.503083285569076,44.00828900290828,44.38527546543168,60962800
2018-05-23,44.38056564331055,44.41355169174006,43.76796349223717,43.90697946331335,80233600
2018-05-24,44.33108139038086,44.493656757810164,43.873990067081564,44.47716553245859,92936000
2018-05-25,44.432403564453125,44.68451046232307,44.21327912142766,44.3499366417125,69844000
2018-05-29,44.272186279296875,44.472461051919346,44.02950240859062,44.20150444915725,90056400
2018-05-30,44.17793655395508,44.29574438476563,44.00829298997112,44.2297722871285,74762000
2018-05-31,44.02949523925781,44.34993266615083,43.85749682190781,44.11196215460604,109931200
2018-06-01,44.82352828979492,44.82823801484715,44.23684395189632,44.293393009412675,93770000
2018-06-04,45.19815444946289,45.57278250226014,45.0850599344167,45.15338689688778,105064800
2018-06-05,45.5468635559082,45.69530257509716,45.323029393544196,45.49031809732934,86264000
2018-06-06,45.70473098754883,45.72829399486384,45.219363236624766,45.622267652366574,83734400
2018-06-07,45.582218170166016,45.756571499725034,45.31832612251338,45.74243513194571,85388800
2018-06-08,45.16752624511719,45.23821166989341,44.71278969726127,45.04265021927023,106627200
2018-06-11,45.05678939819336,45.23114631083224,44.81646397224416,45.08506572699524,73234000
2018-06-12,45.30417251586914,45.38192610427963,45.03792570663407,45.09447475144419,67644400
2018-06-13,44.931915283203125,45.44555940171566,44.870656492735385,45.337174592969205,86553600
2018-06-14,44.95547866821289,45.13690377351365,44.818821123524955,45.132190452604284,86440400
2018-06-15,44.49366760253906,44.80468204998491,44.35701006610469,44.77405085873973,246876800
2018-06-18,44.47011947631836,44.58321403354278,44.107269195540404,44.2674897805519,73939600
2018-06-19,43.751468658447266,43.902262523865325,43.22368833187938,43.621879337726426,134314000
2018-06-20,43.942317962646484,44.10724819574322,43.76089290863536,43.90697705384341,82514800
2018-06-21,43.697288513183594,44.37821773005367,43.57476734474176,44.11903902665944,102847600
2018-06-22,43.57005310058594,43.859859393539764,43.51821736100589,43.85279121043432,108801600
2018-06-25,42.922119140625,43.57006242888947,42.582831898081864,43.21192549562606,126652400
2018-06-26,43.45460510253906,43.94939954793936,43.00929153976301,43.11532148892775,98276800
2018-06-27,43.390987396240234,44.126107216581914,43.360356205322596,43.64309432120707,101141200
2018-06-28,43.70671081542969,43.87399953844859,43.30616485853516,43.37685028509541,69460800
2018-06-29,43.61480712890625,44.10488804506475,43.096453489095396,43.892831832045076,90950800
2018-07-02,44.10254669189453,44.13082302172207,43.21663292019015,43.310881360931305,70925200
2018-07-03,43.33443832397461,44.28396929007822,43.24490320913668,44.24626991591381,55819200
2018-07-05,43.683143615722656,43.92111774246245,43.41925521678168,43.65015756585503,66416800
2018-07-06,44.28868103027344,44.39706223311594,43.636024569780716,43.68786030860455,69940800
2018-07-09,44.903629302978516,44.927188709958024,44.60204157004962,44.64916397921801,79026400
2018-07-10,44.84943771362305,45.06855852922152,44.80937989175197,44.93425948632133,63756400
2018-07-11,44.2674674987793,44.71513577573598,44.20385026945704,44.41354804479918,75326000
2018-07-12,45.00965881347656,45.09919391389085,44.60439959451979,44.65623532684284,72164400
2018-07-13,45.080345153808594,45.20050784745144,44.97902854938801,45.021441238162346,50055600
2018-07-16,44.981388092041016,45.39135705389442,44.8659351203138,45.125113793493355,60172400
2018-07-17,45.10861587524414,45.20757401770042,44.57848065802218,44.708069985718346,62138000
2018-07-18,44.86122131347656,45.19108540259918,44.750481662975155,45.18637208262621,65573600
2018-07-19,45.209938049316406,45.36780012426097,44.69393913236674,44.69393913236674,81147200
2018-07-20,45.10627365112305,45.33953091112191,44.80704068245835,45.18638213243153,82704800
2018-07-23,45.14633560180664,45.228802555314616,44.66332257814098,44.927211077028645,63957600
2018-07-24,45.47383117675781,45.629338405290476,45.24999697549978,45.344241819647266,74791600
2018-07-25,45.902652740478516,45.909720923914165,45.339527761896065,45.48796680446535,66839600
2018-07-26,45.75892639160156,46.17125386401282,45.617555534405035,45.85317123292575,76304000
2018-07-27,44.99789047241211,45.98983426357745,44.79055107768745,45.94271183728596,96096000
2018-07-30,44.745784759521484,45.28534320671292,44.547868406463465,45.21465776770341,84118000
2018-07-31,44.83530044555664,45.271190836033,44.61146629715371,44.83765890299014,157492000
2018-08-01,47.4765739440918,47.53783274522755,46.48934336972282,46.91816576330624,271742800
2018-08-02,48.86433410644531,49.097594916163985,47.20560135629759,47.25979195423673,249616000
2018-08-03,49.00571060180664,49.182422376318144,48.414312895506896,48.7795179485394,133789600
2018-08-06,49.26016616821289,49.30257525994022,48.78893486345839,49.00805569446865,101701600
2018-08-07,48.798362731933594,49.36148405297779,48.715895807364944,49.319074957057836,102349600
2018-08-08,48.83135223388672,48.96329644635382,48.1881224005045,48.548614122141466,90102000
2018-08-09,49.21540451049805,49.42745718493813,48.819568297610594,49.36855326479255,93970400
2018-08-10,49.068809509277344,49.44002519266483,48.86546923859156,49.0286148009558,98444800
2018-08-13,49.38563919067383,49.87743898167193,49.10900248470338,49.489674247514394,103563600
2018-08-14,49.593711853027344,49.78522930486312,49.2414119574974,49.690653943503335,82992000
2018-08-15,49.70956039428711,49.82778137767627,49.25795537186419,49.468388577984165,115230400
2018-08-16,50.437808990478516,50.553663261058226,50.00038984892316,50.06659332005974,114001600
2018-08-17,51.44505310058594,51.532535490008144,50.399979846645785,50.466183320989956,141708000
2018-08-20,50.94379806518555,51.82335904051192,50.86104191692848,51.56800483956419,121150800
2018-08-21,50.84449005126953,51.3528425555406,50.60568491149106,51.26063031267377,104639200
2018-08-22,50.846858978271484,51.15659745852468,50.560762536189785,50.622239772637556,76072400
2018-08-23,50.950889587402344,51.31973854252035,50.74045634465841,50.75227555879988,75532800
2018-08-24,51.10930252075195,51.28426728810176,50.861037704362104,51.21333757583482,73905600
2018-08-27,51.530174255371094,51.71932859234506,51.14950246004533,51.34338303977495,82100400
2018-08-28,51.94630432128906,52.14491472640033,51.7618798582831,51.78315877144107,91107200
2018-08-29,52.721839904785156,52.8424276423776,51.8777437807323,52.0527085641898,109019200
2018-08-30,53.2065544128418,53.970261226879096,52.58471066461939,52.78568785096469,195175200
2018-08-31,53.8212890625,54.11447480869955,53.43588748059386,53.55647159158061,173360400
2018-09-04,53.993892669677734,54.18777322429528,53.58484903952322,54.00571549067332,109560400
2018-09-05,53.6415901184082,54.30362837496612,53.22309041713026,54.14284956250599,133332000
2018-09-06,52.750221252441406,53.75509993549646,52.324624853348354,53.490282393938976,137160000
2018-09-07,52.324615478515625,53.2869325453365,52.18511556397365,52.45465930046942,150479200
2018-09-10,51.62238693237305,52.45466385736109,51.18260462853595,52.24186387354506,158066000
2018-09-11,52.92755126953125,53.033949464303724,51.2038868045044,51.54672703557977,142996000
2018-09-12,52.27023696899414,53.19945233807959,51.97941069858313,53.18526639470711,197114800
2018-09-13,53.53282928466797,53.991527300779616,52.62489295197468,52.8495121102655,166825600
2018-09-14,52.92516326904297,53.63448909286694,52.61306178262563,53.37676824275381,127997200
2018-09-17,51.5159797668457,52.714738729611575,51.37175001470513,52.525584424011406,148780400
2018-09-18,51.60110855102539,52.45466440089387,51.33629103116489,51.49470675410538,126286800
2018-09-19,51.6318359375,51.927388423487095,50.905960907981274,51.662574550544555,108495200
2018-09-20,52.02434158325195,52.55633617131596,51.816271434307,52.07399599891171,106435200
2018-09-21,51.46397018432617,52.33880492393241,51.37648418489235,52.20166812140533,384986800
2018-09-24,52.20403289794922,52.31516093786843,51.2204368199305,51.26536138174706,110773600
2018-09-25,52.53504943847656,52.68400905547717,51.946307549786276,51.958130371548314,98217600
2018-09-26,52.11655807495117,52.903910562291436,51.96050545054438,52.253694901749306,95938800
2018-09-27,53.18763732910156,53.53993727515141,52.85425317959996,52.92046027142845,120724800
2018-09-28,53.37442398071289,53.39806601850307,52.96774340940435,53.14980117088278,91717600
2018-10-01,53.733802795410156,54.244518335419805,53.51864333667554,53.89694833800921,94403200
2018-10-02,54.21142578125,54.381664323409666,53.584855874564354,53.73144877171672,99152800
2018-10-03,54.871097564697266,55.20211492695663,54.3296433555075,54.39348370673561,114619200
2018-10-04,53.90641403198242,54.937301318347934,53.60849479660541,54.56608563865395,128168000
2018-10-05,53.03158187866211,54.00572550581806,52.15438395852076,53.899327312763546,134322000
2018-10-08,52.908626556396484,53.15216152411722,52.06452689730765,52.53977761918133,118655600
2018-10-09,53.6415901184082,53.73616907381262,52.54922934016951,52.87788354358608,107564000
2018-10-10,51.15658950805664,53.5186463057796,51.08329306782395,53.30821307731672,167962400
2018-10-11,50.704978942871094,51.89901159404719,50.20136000805382,50.72153161226197,212497600
2018-10-12,52.516136169433594,52.698197531427574,51.27008573845108,52.11654858627355,161351600
2018-10-15,51.393028259277344,52.44992418497444,51.37174934722611,52.29150849334037,123164000
2018-10-16,52.52558517456055,52.72419918257883,51.251163028216794,51.764241699309125,116736000
2018-10-17,52.298606872558594,52.64144705306185,51.86118772679396,52.56105763845365,91541600
2018-10-18,51.076202392578125,51.955766930543895,50.36214653480621,51.51125481132157,130325200
2018-10-19,51.85409164428711,52.31515279784084,51.409579553774584,51.55853916023749,132314800
2018-10-22,52.170921325683594,52.811680677472054,51.76660756117778,51.96758107903151,115168400
2018-10-23,52.662715911865234,52.78566673931941,50.764087291569126,51.0312678566663,155071200
2018-10-24,50.85630416870117,53.01738370273722,50.72626035927189,52.63198573201551,163702000
2018-10-25,51.96995544433594,52.343534259721785,51.2488065794398,51.47579250051913,119423200
2018-10-26,51.14240264892578,52.062161836547574,50.28411707927676,51.0478236891772,189033600
2018-10-29,50.18244934082031,51.94394144771941,48.72832893518345,51.825720452520564,183742000
2018-10-30,50.43308639526367,50.8775949642934,49.480225290241705,49.924733859271434,146640000
2018-10-31,51.74769592285156,52.12363783449441,51.218064547531675,51.27954177612992,153435600
2018-11-01,52.542144775390625,52.57524651312335,51.26299261047082,51.792624022013314,233292800
2018-11-02,49.056983947753906,50.51583061906915,48.572277138067086,49.54642060751403,365314800
2018-11-05,47.664337158203125,48.326375413709044,46.85570603182611,48.30509650170871,264654800
2018-11-06,48.17979049682617,48.4044096899324,47.68799067176834,47.74237132513075,127531600
2018-11-07,49.640987396240234,49.66699615542772,48.26489710347668,48.6999494318693,133697600
2018-11-08,49.46780014038086,49.85454290419516,49.0549542402841,49.82132566766374,101450400
2018-11-09,48.51398468017578,48.87937427397922,47.987251640765706,48.77023347938126,137463200
2018-11-12,46.07012939453125,47.41780773297329,45.97996678297015,47.21612935039931,204542000
2018-11-13,45.60984420776367,46.784315386331606,45.42477619758487,45.46748614938422,187531600
2018-11-14,44.321475982666016,46.14368479083384,44.11505123237931,46.00606949744506,243204000
2018-11-15,45.415283203125,45.5481521610165,44.345206577891304,44.69873575688715,185915200
2018-11-16,45.91828155517578,46.259946609491415,44.95260676177665,45.19936284522291,147713200
2018-11-19,44.09843826293945,45.24680950472581,43.89201716190447,45.080723353294985,167701200
2018-11-20,41.99152374267578,43.056854157539185,41.64274087087626,42.32132481501045,271300800
2018-11-21,41.944068908691406,42.7721322184991,41.889498500776384,42.64400598376729,124496800
2018-11-23,40.878726959228516,41.901350698379524,40.83364927354388,41.507486637209176,94496000
2018-11-26,41.43156814575195,41.50986670109431,40.39708373701015,41.34140913508516,179994000
2018-11-27,41.341407775878906,41.46715900960743,40.54419042635813,40.693666190363125,165549600
2018-11-28,42.93109130859375,43.014132585864616,41.505114329859374,41.932195651447095,184250000
2018-11-29,42.60129165649414,43.37240942608668,42.16234624717858,43.33919219005899,167080000
2018-11-30,42.37114715576172,42.78636446319983,42.00338253080645,42.776871754458696,158126000
2018-12-03,43.85170364379883,43.880174534985294,42.995169336658776,43.7662873498311,163210000
2018-12-04,41.922698974609375,43.27511989778296,41.82304728768147,42.933454902369334,165377200
2018-12-06,41.45530319213867,41.469538637221746,40.43505405642255,40.752991064638586,172393600
2018-12-07,39.977115631103516,41.40071754199759,39.9320343246601,41.163450556848574,169126400
2018-12-10,40.24048614501953,40.356744662283546,38.7528209859677,39.14905645625793,248104000
2018-12-11,40.01034164428711,40.76010273038026,39.623595215094355,40.72926047741938,189126800
2018-12-12,40.12184524536133,40.79093620431171,40.10286345370511,40.43028940365676,142510800
2018-12-13,40.560794830322266,40.94516985024621,40.22862246288901,40.45165403262589,127594400
2018-12-14,39.2629280090332,40.11709034964107,39.21547535020072,40.098108562026916,162814800
2018-12-17,38.897552490234375,39.943900827275144,38.61045782776475,39.255824356252,177151600
2018-12-18,39.402931213378906,39.74933899527448,39.00432078305257,39.23921640915953,135366000
2018-12-19,38.17388916015625,39.730360169185076,37.74680781733559,39.38632372817106,196189200
2018-12-20,37.2105827331543,38.463352159374345,36.847564525579564,38.05762401069301,259092000
2018-12-21,35.76324462890625,37.52613986469643,35.5022531687816,37.217692120543504,382978400
2018-12-24,34.83791732788086,35.95781796306272,34.780971939167266,35.151107914787005,148676800
2018-12-26,37.29125213623047,37.30548757627083,34.81181283127579,35.186695107435334,234330000
2018-12-27,37.04924774169922,37.196355771925646,35.60666728965384,36.975695536789914,212468400
2018-12-28,37.06822204589844,37.61156549819046,36.669615227461684,37.3695521467641,169165600
2018-12-31,37.42649841308594,37.810869799996105,37.12753967179389,37.61393775275985,140014000
2019-01-02,37.469200134277344,37.68986030291286,36.593684420142715,36.750281492025124,148158800
2019-01-03,33.73699951171875,34.57455183641599,33.69191819683805,34.16170590164323,365248800
2019-01-04,35.17720031738281,35.24600976737911,34.11899163910133,34.292195516680664,234428400
2019-01-07,35.098915100097656,35.312457630309815,34.617263248981814,35.281611753406175,219111200
2019-01-08,35.76799392700195,36.0218713099174,35.23888962424999,35.485645667649806,164101200
2019-01-09,36.37540817260742,36.66487424188444,35.502267230819925,35.89612775325254,180396400
2019-01-10,36.49166488647461,36.53199984154206,35.79409933557466,36.183217066092084,143122800
2019-01-11,36.13338851928711,36.46793584598435,35.94832055566885,36.273378795691265,108092800
2019-01-14,35.59004592895508,35.89137599820077,35.40497797975705,35.7917243040485,129756800
2019-01-15,36.318458557128906,36.3943821085161,35.601911260051914,35.65411028555859,114843600
2019-01-16,36.76214599609375,36.98517753374155,36.30184748144305,36.320829274052095,122278800
2019-01-17,36.98043441772461,37.40751573779752,36.363538775351834,36.58657033252364,119284800
2019-01-18,37.208221435546875,37.45972393547824,37.00891435712629,37.36956129572626,135004000
2019-01-22,36.37302780151367,37.186851783715795,36.211684376745275,37.110928234724035,121576000
2019-01-23,36.52013397216797,36.80959998409829,35.99340097474768,36.57470436511674,92522400
2019-01-24,36.23065948486328,36.65299433060684,36.002885259503586,36.56520672504175,101766000
2019-01-25,37.43124771118164,37.51903897969798,36.61505211762605,36.89027913828178,134142000
2019-01-28,37.084835052490234,37.091952773285364,36.458450279667375,36.963826558158345,104768400
2019-01-29,36.7004508972168,37.519024789086224,36.565210615346906,37.07296175472334,166348800
2019-01-30,39.208377838134766,39.42191672312946,38.017296299473955,38.73384376445083,244439200
2019-01-31,39.490718841552734,40.09812176355808,39.044655736776996,39.41242029951825,162958400
2019-02-01,39.50970458984375,40.09337942283648,39.36971429863973,39.61410265633867,130672400
2019-02-04,40.63197708129883,40.72925742817227,39.69002672443846,39.7208725954977,125982000
2019-02-05,41.327152252197266,41.54069466207434,40.892956954966586,41.01396178627936,144406400
2019-02-06,41.341407775878906,41.65697335385666,41.011606755653766,41.43868450470518,112958400
2019-02-07,40.55841827392578,41.27021921626802,40.41605663729461,40.904826038437854,126966800
2019-02-08,40.6060676574707,40.665638790011116,40.131880133513,40.267704060953164,95280000
2019-02-11,40.372562408447266,40.79671238747757,40.32967292104731,40.75858597472105,83973600
2019-02-12,40.720455169677734,40.7466666211287,40.436895913781186,40.53221193539128,89134000
2019-02-13,40.55126953125,41.099324812062115,40.48931684716783,40.83959548318567,89960800
2019-02-14,40.69900894165039,40.80861781758018,40.36064525814671,40.43927960962729,87342800
2019-02-15,40.608463287353516,40.91346730094003,40.44881303304922,40.80623995233979,98507200
2019-02-19,40.729976654052734,40.85150410234934,40.386849953980956,40.43927284620034,75891200
2019-02-20,40.99210739135742,41.299496621052455,40.74429295914237,40.79194916119121,104457600
2019-02-21,40.76095962524414,41.07311184292857,40.57986465359283,40.93729152317362,68998800
2019-02-22,41.21609115600586,41.223239403756004,40.83721948150898,40.884875678488214,75652800
2019-02-25,41.516319274902344,41.90710582108216,41.44959988672047,41.49964124582385,87493600
2019-02-26,41.54015350341797,41.77128984933254,41.263742503117236,41.39241821936573,68280800
2019-02-27,41.66883850097656,41.6998166711459,41.15890945969254,41.27328871757836,111341600
2019-02-28,41.25898361206055,41.678366901905775,41.20417916338669,41.53777983812131,112861600
2019-03-01,41.692649841308594,41.73553931695009,41.197017519159516,41.52823291281517,103544800
2019-03-04,41.90234375,42.35508298576963,41.45436758783305,41.86421734557429,109744800
2019-03-05,41.82609939575195,41.93809345893184,41.59019631110894,41.92379696336586,78949600
2019-03-06,41.58543395996094,41.81657033812453,41.44722844052762,41.621175199497635,83241600
2019-03-07,41.104087829589844,41.566360471567705,40.98971225542988,41.43053652305642,99185600
2019-03-08,41.20178985595703,41.2399162634684,40.38923852105088,40.584633632595896,95997600
2019-03-11,42.62910842895508,42.681531325611424,41.78320110804429,41.816560802649775,128044000
2019-03-12,43.10807418823242,43.52745383687402,42.741113814227916,42.8912342977693,129870400
2019-03-13,43.29869079589844,43.67756238941142,43.11044394955633,43.42736286383217,124130000
2019-03-14,43.7800407409668,43.868208539973644,43.50124811758241,43.8205486979438,94318000
2019-03-15,44.349525451660156,44.63785139707803,43.7824106162076,44.04690664893718,156171600
2019-03-18,44.80226516723633,44.89042929325558,44.270887966592596,44.273273139252964,104879200
2019-03-19,44.44723129272461,45.03341307639729,44.30187752445981,44.8809110601797,126585600
2019-03-20,44.835628509521484,45.152547444755115,44.018310490038075,44.375737368520994,124140800
2019-03-21,46.48694610595703,46.782420346635014,45.228803590706896,45.27884496121636,204136800
2019-03-22,45.52427673339844,47.106486442351226,45.45993886884796,46.54651613890854,169630800
2019-03-25,44.973838806152344,45.74587861908732,44.46390988385612,45.63388456100003,175381200
2019-03-26,44.509178161621094,45.96033411700319,43.98257123970182,45.66962661852125,199202000
2019-03-27,44.90950012207031,45.21688566494624,44.45199411345279,44.97621952108113,119393600
2019-03-28,44.969078063964844,45.16923629122064,44.68551875738491,45.023882513727365,83121600
2019-03-29,45.262149810791016,45.29312796597149,44.926167720696284,45.23355682812209,94256000
2019-04-01,45.56955337524414,45.67439555693616,44.88805919660428,45.66486577166774,111448000
2019-04-02,46.23198318481445,46.336828999804766,45.524277569564575,45.53380735459335,91062800
2019-04-03,46.54890441894531,46.822930291979866,46.02467531863321,46.0485052362601,93087200
2019-04-04,46.629905700683594,46.79193745474998,46.02227935106706,46.415447417089275,76457200
2019-04-05,46.94206619262695,46.96589610699699,46.687099925418465,46.81100893546065,74106400
2019-04-08,47.680747985839844,47.7117225101516,46.78479559908021,46.8038588026213,103526800
2019-04-09,47.53778076171875,48.336035677504945,47.47344289751336,47.73317589155191,143072800
2019-04-10,47.804656982421875,47.833253607870596,47.22324195607037,47.342384260292086,86781200
2019-04-11,47.40671157836914,47.895195644215804,47.285187764028926,47.85945441527274,83603200
2019-04-12,47.38766098022461,47.690283464181285,46.753826657487316,47.4662953407457,111042800
2019-04-15,47.473445892333984,47.621184835604666,47.18273835239689,47.31856233696164,70146400
2019-04-16,47.47820281982422,47.983364968636586,47.3137858769923,47.52824418170382,102785600
2019-04-17,48.40275573730469,48.46232689195172,47.32570824322464,47.54731119326293,115627200
2019-04-18,48.576690673828125,48.6457915965976,48.257390235218836,48.400358790031696,96783200
2019-04-22,48.736351013183594,48.83404857594951,48.214507135311784,48.331267903197975,77758000
2019-04-23,49.43928909301758,49.50362695477499,48.58622976622122,48.712520316675125,93292000
2019-04-24,49.363033294677734,49.67756704213216,49.33682184606203,49.410689482360645,70162400
2019-04-25,48.91506576538086,49.506010596011244,48.87693935413123,49.28440764800036,74172800
2019-04-26,48.681541442871094,48.84833992518488,48.16207915688333,48.8245100123111,74596400
2019-04-29,48.755409240722656,49.079476422813116,48.576695801391914,48.705367877898986,88818800
2019-04-30,47.816566467285156,48.467082355820594,47.444843102407766,48.38606647084663,186139600
2019-05-01,50.16367721557617,51.30505889994742,49.8562880319381,50.01117521030859,259309200
2019-05-02,49.837215423583984,50.67121140289478,49.594167784628695,50.001632355540394,127985200
2019-05-03,50.45675277709961,50.47819751368422,50.09455924795819,50.251827921445944,83569600
2019-05-06,49.67757797241211,49.76336058348923,48.490921549124295,48.67916480446681,129772400
2019-05-07,48.338409423828125,49.42498651293276,47.85469202351123,49.05802986425357,155054800
2019-05-08,48.347938537597656,48.92935347903369,48.07391273228292,48.10965396395561,105358000
2019-05-09,47.8284797668457,48.057230920723306,46.8610449825507,47.75222695826382,139634400
2019-05-10,47.1658935546875,47.56536448730354,46.11101450339134,47.22330340337194,164834800
2019-05-13,44.42462921142578,45.32402809525781,43.73812012203512,44.90064286413654,229722400
2019-05-14,45.12789535522461,45.37666407819567,44.35048807727735,44.589690316645736,146118800
2019-05-15,45.66848373413086,45.86702199876712,44.49639441030362,44.55619496049758,106178800
2019-05-16,45.467552185058594,46.039245266520595,45.17094015892705,45.42688825122322,132125600
2019-05-17,45.209224700927734,45.663707510433305,44.673410353458074,44.714074297471804,131516400
2019-05-20,43.795528411865234,44.09692550943149,43.123370837032205,43.89838725228515,154449200
2019-05-21,44.63514709472656,44.97002882815284,44.18066057086273,44.305046778965554,113459200
2019-05-22,43.72137451171875,44.422238802588666,43.66635903186872,44.171075781629334,118994400
2019-05-23,42.97506332397461,43.185558754487744,42.53253784346839,43.00855148223366,146118800
2019-05-24,42.81002426147461,43.56829490792796,42.726302019305706,43.104241988346736,94858800
2019-05-28,42.63301086425781,43.19752825231062,42.55646805143749,42.79806098088244,111792800
2019-05-29,42.4296875,42.900916127061286,42.09958729527348,42.20005178150852,113924800
2019-05-30,42.649757385253906,42.87221370220988,42.259856591093225,42.56603514665155,84873600
2019-05-31,41.87714385986328,42.57561406192938,41.85800723995142,42.1546157237426,108174400
2019-06-03,41.4537353515625,42.558848170609615,40.72895309362441,42.00390105344583,161584400
2019-06-04,42.97029495239258,43.0157439669586,41.74558051747907,41.96564616438153,123872000
2019-06-05,43.66396713256836,44.25001543111583,43.32908551905767,44.080180266448075,119093600
2019-06-06,44.30504608154297,44.364846650851824,43.570693338460366,43.79315335425661,90105200
2019-06-07,45.48429870605469,45.90768763912735,44.4365955097193,44.613602808905426,122737600
2019-06-10,46.06556701660156,46.732939648630975,45.83593126422042,45.88138027302039,104883600
2019-06-11,46.5989875793457,46.88363882764626,46.30955491422111,46.610948421278835,107731600
2019-06-12,46.45067596435547,46.87645558984888,46.259313473699386,46.39326612217786,73012800
2019-06-13,46.44111251831055,47.072606273434246,46.30955420885947,46.57267447769808,86698400
2019-06-14,46.10383605957031,46.307155751593456,45.52018207317705,45.81918484080178,75046000
2019-06-17,46.3789176940918,46.63486581817367,45.96748958898146,46.14210618535647,58676400
2019-06-18,47.46968078613281,47.90981200382238,46.69466791366559,46.89559690653218,106204000
2019-06-19,47.33094787597656,47.811746732774715,47.19699520042928,47.76390336299069,84496800
2019-06-20,47.711273193359375,47.98635426785553,47.369212143833636,47.9289444249456,86056000
2019-06-21,47.54861831665039,48.04376867773491,47.397919745896615,47.553403383165076,191202400
2019-06-24,47.50078582763672,47.87872584119384,47.40271202381546,47.491215693151446,72881600
2019-06-25,46.780765533447266,47.663418387907036,46.71378557450061,47.46488016836025,84281200
2019-06-26,47.792606353759766,48.07725759186515,47.20656161939147,47.30702611814578,104270000
2019-06-27,47.778255462646484,48.215995988213024,47.73759152091885,47.90981377120324,83598800
2019-06-28,47.3428955078125,47.72083539403826,47.134790777081065,47.52468785247962,124442400
2019-07-01,48.211212158203125,48.91446732715429,47.99592795243673,48.59871861867151,109012000
2019-07-02,48.493473052978516,48.58915614675348,48.1657671253992,48.17772796836317,67740800
2019-07-03,48.895320892333984,48.90249666609173,48.48389283052297,48.62502124767299,45448000
2019-07-05,48.85227966308594,49.05560305706805,48.53414019894092,48.64178414277678,69062000
2019-07-08,47.84523010253906,48.17532669133114,47.46011437400138,48.0341982544595,101354400
2019-07-09,48.13706588745117,48.201647872072776,47.555802476298,47.649091215132835,82312000
2019-07-10,48.61306381225586,48.73266491650779,48.21359656204675,48.28296724647705,71588400
2019-07-11,48.25904083251953,48.89053445503686,48.249474351089496,48.632195657197634,80767200
2019-07-12,48.62981414794922,48.79725497916496,48.36669023465564,48.42649079222815,70380800
2019-07-15,49.08668518066406,49.244555859075206,48.797248912027776,48.81877623409258,67789600
2019-07-16,48.91685104370117,49.30196674070282,48.6776488381085,48.93837836621987,67467200
2019-07-17,48.64178466796875,49.05799429552958,48.622648047745464,48.8092255325011,56430000
2019-07-18,49.19432830810547,49.246953087288276,48.72549036173215,48.79725175606653,74162400
2019-07-19,48.45998001098633,49.39526162771868,48.40496451880691,49.22542643455206,83717200
2019-07-22,49.567481994628906,49.569872702739694,48.70396187494887,48.71352835732806,89111600
2019-07-23,49.954994201660156,49.971740110187,49.58423000504602,49.864099833734244,73420800
2019-07-24,49.9143180847168,50.02913410826558,49.55551481743322,49.67511590652774,59966400
2019-07-25,49.51963806152344,50.050667211733845,49.45026738292767,49.96694498582467,55638400
2019-07-26,49.69186782836914,50.16787788464866,49.548345044101694,49.62967291854977,70475600
2019-07-29,50.15591812133789,50.385553851109734,49.859309714055385,49.864094780283324,86693600
2019-07-30,49.940643310546875,50.27074356929918,49.5890157262072,49.935858243770845,135742800
2019-07-31,50.959632873535156,52.95218755117396,50.54342339953186,51.768137442475606,277125600
2019-08-01,49.85691452026367,52.153257179746014,49.452665854213244,51.16535089156151,216071600
2019-08-02,48.802040100097656,49.37851470178692,48.23034691506533,49.163234154260714,163448400
2019-08-05,46.24736022949219,47.517523540558116,46.065567840975476,47.35965283602837,209572000
2019-08-06,47.122833251953125,47.37878135711824,46.41479313620579,46.957783150481916,143299200
2019-08-07,47.61081314086914,47.73519932999547,46.36218078247986,46.74251147526255,133457600
2019-08-08,48.6609001159668,48.68482179511622,47.6945248672639,47.88827805859261,108038000
2019-08-09,48.259918212890625,48.6849121066314,47.85172652260763,48.33435204748465,98478800
2019-08-12,48.13745880126953,48.51443488116721,47.8181106881789,47.93096316663212,89927600
2019-08-13,50.17600631713867,50.9371579045492,48.13746218750722,48.26712420599327,188874000
2019-08-14,48.682518005371094,49.56852841372435,48.644099355992225,48.780964420477915,146189600
2019-08-15,48.440006256103516,49.256382389403456,47.942974606430376,48.852997569788144,108909600
2019-08-16,49.58293151855469,49.74140568988817,48.944235250189195,49.04988469774485,110481600
2019-08-19,50.507354736328125,51.07881647496091,50.43051745097723,50.5721820740641,97654400
2019-08-20,50.5097541809082,51.22768744778922,50.50015135220696,50.634612936844775,107537200
2019-08-21,51.05722427368164,51.29973516626406,50.80751034118719,51.14126462439481,86141600
2019-08-22,51.01399230957031,51.48941113488219,50.603400826025755,51.18927233994728,89014800
2019-08-23,48.656105041503906,50.91555099493653,48.262323049739784,50.28645752648354,187272000
2019-08-26,49.58052444458008,49.74860142109313,49.23716379045751,49.42925333381669,104174400
2019-08-27,49.02107620239258,50.075163637483826,48.869805058122104,49.909486415436,103493200
2019-08-28,49.35002136230469,49.39564304574739,48.819378019890564,49.00666433648422,63755200
2019-08-29,50.18561553955078,50.260053051987526,49.621356699521705,50.0631602076527,83962000
2019-08-30,50.120784759521484,50.53137262674945,49.75101166966507,50.46174203034494,84573600
2019-09-03,49.390838623046875,49.69818045135938,49.03547532102372,49.56611865080238,80092000
2019-09-04,50.22882843017578,50.29845901885149,49.779821963278366,50.03673886776175,76752400
2019-09-05,51.21088409423828,51.376561303793046,50.78588651283309,50.90354224548307,95654800
2019-09-06,51.206085205078125,51.4846149241543,51.02600190350711,51.39577500112992,77449200
2019-09-09,51.42458724975586,51.96964040269282,50.680245133535024,51.585461226459756,109237600
2019-09-10,52.032066345214844,52.05127566981013,50.833914491991756,51.3501518092004,127111600
2019-09-11,53.686424255371094,53.715240070323695,52.27937347467052,52.361014009265396,177158400
2019-09-12,53.566375732421875,54.36594600540606,53.51115121424335,53.976967258907166,128906800
2019-09-13,52.5243034362793,53.01412847110816,52.10891225668283,52.824442313058036,159053200
2019-09-16,52.800418853759766,52.855647033642335,52.23855987155783,52.27937831072937,84632400
2019-09-17,52.99250793457031,53.02132375192014,52.61313203639829,52.81482810263167,73274800
2019-09-18,53.48953628540039,53.508745607854166,52.68996609930479,53.07894480353371,101360000
2019-09-19,53.054931640625,53.72723955353573,52.913263356872854,53.307045276064855,88242400
2019-09-20,52.27936935424805,53.43910597603802,52.21694181041086,53.15577674192702,221652400
2019-09-23,52.51708984375,52.78601305088982,52.26016925822585,52.57231436011538,76662000
2019-09-24,52.267372131347656,53.42230937106519,52.14972006049818,53.071745622463716,124763200
2019-09-25,53.071746826171875,53.18459931647141,52.13771495764018,52.4762724285388,87613600
2019-09-26,52.79801940917969,53.05013674812319,52.543502278670516,52.824431771617654,75334000
2019-09-27,52.541099548339844,53.05493702755311,52.17132649489073,52.95408716657338,101408000
2019-09-30,53.77767562866211,53.92414352515708,53.01412053525755,53.04053289901251,103909600
2019-10-01,53.926551818847656,54.798156296373676,53.832908635098924,54.04180778638815,139223200
2019-10-02,52.57472229003906,53.68403427770665,52.32740451351937,53.559175493563515,138449200
2019-10-03,53.021324157714844,53.054939558377036,51.65509168829448,52.44745522730388,114426000
2019-10-04,54.507598876953125,54.622854799302026,53.75845370070148,54.17864796678167,138478800
2019-10-07,54.519622802734375,55.20874044968746,54.22668698362583,54.32993665616627,122306000
2019-10-08,53.880916595458984,54.75972389234403,53.86411072762326,54.22187750074084,111820000
2019-10-09,54.51240539550781,54.694888454476924,54.17865121925164,54.51240539550781,74770400
2019-10-10,55.247154235839844,55.33119457436902,54.57724597451074,54.728513454537506,113013600
2019-10-11,56.716636657714844,57.059993724351415,55.78020129962542,55.93387223570824,166795600
2019-10-14,56.63499450683594,57.17764784685901,56.34686196781524,56.40208648570823,96427600
2019-10-15,56.5029411315918,57.062396724114954,56.39729167013194,56.75985808213798,87360000
2019-10-16,56.27482986450195,56.48372898515924,55.99390035444989,56.03471879637498,73903200
2019-10-17,56.49332809448242,56.70222353757521,56.07073396138555,56.447706408334824,67585200
2019-10-18,56.76465606689453,57.04558556492881,56.255618132854494,56.327652182971896,97433600
2019-10-21,57.749107360839844,57.864363302867055,56.983156188347394,57.03117766562347,87247200
2019-10-22,57.6170539855957,58.1549004377134,57.535413437281406,57.905186536916496,82293600
2019-10-23,58.39020538330078,58.40461512439032,57.91958976088768,58.130888664552984,75828800
2019-10-24,58.48625564575195,58.77919144814045,58.06125802035155,58.7095571851868,69275200
2019-10-25,59.20658493041992,59.24260012348222,58.31817475144487,58.38540555436381,73477200
2019-10-28,59.79965591430664,59.84767739008357,59.24019674518622,59.408273742307344,96572800
2019-10-29,58.41661071777344,59.967729579429026,58.24373414734281,59.780443269642596,142839600
2019-10-30,58.40941619873047,58.89924482176762,57.91719144782321,58.76958279527963,124522000
2019-10-31,59.73002243041992,59.828468838504534,56.968745403896456,59.36505627876599,139162000
2019-11-01,61.425228118896484,61.45163682468978,59.82608718970683,59.91732692338752,151125200
2019-11-04,61.82859802246094,61.912638359081036,61.31956374708165,61.78777591806556,103272000
2019-11-05,61.73975372314453,61.99427084278033,61.54526436432109,61.720540736224365,79897600
2019-11-06,61.76616668701172,61.826194451970366,61.31716017753835,61.65331419578515,75864400
2019-11-07,62.4790153503418,62.70058392258384,62.161115492188166,62.31284075856176,94940400
2019-11-08,62.650028228759766,62.722274875332666,61.85768903983962,62.30081895457208,69986400
2019-11-11,63.146148681640625,63.21117067098467,62.20208407745483,62.20689807124033,81821200
2019-11-12,63.08832550048828,63.288220102882214,62.83786560415839,62.9895835347863,87388800
2019-11-13,63.692806243896484,63.7674635371413,62.87397933922047,62.88842866374492,102734400
2019-11-14,63.25210189819336,63.791563071866,63.12205059753754,63.51942181384487,89182800
2019-11-15,64.00350189208984,64.00831588526924,63.341214024330995,63.50256731633181,100206400
2019-11-18,64.32621002197266,64.40568132510607,63.635023558282754,64.01312410296957,86703200
2019-11-19,64.13114929199219,64.5429699152776,63.9144019823477,64.51888524762629,76167200
2019-11-20,63.38456726074219,64.08056783760952,62.71264400137363,63.95052386452542,106234400
2019-11-21,63.10038757324219,63.58205151905622,62.900492919948576,63.504983523819924,121395200
2019-11-22,63.04497528076172,63.38213847508004,62.81859270394661,63.24004853424612,65325200
2019-11-25,64.1504135131836,64.16727351573608,63.22320891771047,63.26896758200509,84020400
2019-11-26,63.649471282958984,64.34065772923968,63.21838008089831,64.2876744119495,105207600
2019-11-27,64.50445556640625,64.53817558131168,63.89515077222481,63.960172780042654,65235600
2019-11-29,64.36235046386719,64.54297445955625,64.03722580170505,64.20581113752517,46617600
2019-12-02,63.6181640625,64.60316578278984,63.44717544860708,64.3671478434843,94487200
2019-12-03,62.483848571777344,62.50311189277975,61.72281877405297,62.20929663764317,114430400
2019-12-04,63.03535842895508,63.41346639147771,62.780077124864164,62.87400512239632,67181600
2019-12-05,63.96015930175781,64.03482398336993,63.27379398170731,63.529075313641115,74424400
2019-12-06,65.19560241699219,65.26544572676671,64.37436474563619,64.41772007388622,106075600
2019-12-09,64.2828598022461,65.21728148518294,63.79878528754208,65.02461888758106,128042400
2019-12-10,64.6585464477539,65.04146825890689,64.02756074204926,64.68744509771174,90420400
2019-12-11,65.21004486083984,65.2895234962379,64.66335914447087,64.73801643856866,78756800
2019-12-12,65.37623596191406,65.64115256416365,64.3791955584024,64.48997619221315,137310400
2019-12-13,66.26490020751953,66.30102352499274,65.248589228168,65.37622984964455,133587600
2019-12-16,67.39923858642578,67.62321792745732,66.70564861456403,66.71046260860425,128186000
2019-12-17,67.53169250488281,67.85922045100963,67.14394921761478,67.32939453528536,114158400
2019-12-18,67.3703384399414,67.89053641959352,67.22102378228007,67.38478777135322,116028400
2019-12-19,67.43775177001953,67.71711767990757,67.18006720064264,67.31252181714845,98369200
2019-12-20,67.29808807373047,68.07115666009031,67.08615475855936,67.97001134578234,275978000
2019-12-23,68.3962631225586,68.45647110065944,67.52204210459728,67.56057609253462,98572000
2019-12-24,68.4612808227539,68.61060277279962,68.136163640974,68.56243345348084,48478800
2019-12-26,69.81959533691406,69.83645533824492,68.5648628664668,68.59376152611499,93121200
2019-12-27,69.7931137084961,70.79738642618764,69.3885176947309,70.1110137262872,146266000
2019-12-30,70.20733642578125,70.4891130772608,68.69009788596185,69.71122313309827,144114400
2019-12-31,70.72029876708984,70.72752343141342,69.72566166410049,69.82440364292783,100805600
2020-01-02,72.3338623046875,72.39407027941263,71.09116882440814,71.34403937841115,135480400
2020-01-03,71.63065338134766,72.38927264137095,71.40668140593664,71.56322072155912,146322800
2020-01-06,72.20140075683594,72.23993474282962,70.50353879987532,70.7540060340311,118387200
2020-01-07,71.86186218261719,72.46634548952974,71.64270418623039,72.2110641639823,108872000
2020-01-08,73.01782989501953,73.31886979288494,71.56561372170107,71.56561372170107,132079200
2020-01-09,74.56878662109375,74.76144921222713,73.7427349209394,73.99319481949146,170108400
2020-01-10,74.73738861083984,75.30094193802128,74.23646130286748,74.80241795222723,140644800
2020-01-13,76.33409881591797,76.36059415429726,74.93486566437117,75.05287832688332,121532000
2020-01-14,75.3033218383789,76.48099343710987,75.18050255877637,76.27147084582813,161954400
2020-01-15,74.98062133789062,75.98248317068368,74.54953007278792,75.10344798902688,121923600
2020-01-16,75.91985321044922,76.03064118697364,75.16123412136378,75.52248200660513,108829200
2020-01-17,76.7603530883789,76.76275640961391,75.86204746774389,76.16790133072386,137816400
2020-01-21,76.24016571044922,76.83019952815127,76.10288974668396,76.3894803308505,110843200
2020-01-22,76.5123062133789,77.06380603496487,76.4183782339569,76.72423213565071,101832400
2020-01-23,76.88079833984375,76.96026966222608,76.01861570517516,76.56530902285643,104472000
2020-01-24,76.65922546386719,77.86819933392093,76.46896614550444,77.12644008388187,146537600
2020-01-27,74.40502166748047,75.08416206919466,73.42483402812097,74.67234156024762,161940000
2020-01-28,76.5098876953125,76.68087628820244,75.18531223152581,75.28405419350632,162234000
2020-01-29,78.11141204833984,78.95673430952284,77.39855173256706,78.1379073772642,216229200
2020-01-30,77.99822998046875,78.05121329496869,76.76517176985938,77.19626294921763,126743200
2020-01-31,74.53987884521484,77.71163064497078,74.24606365244907,77.29017484753824,199588400
2020-02-03,74.33519744873047,75.49841264105945,72.7842389592195,73.28516622775322,173788400
2020-02-04,76.78927612304688,76.97953543976107,75.53213292898627,75.9367288800473,136616400
2020-02-05,77.41541290283203,78.21256585966833,76.8133331862121,77.91392932249283,118826800
2020-02-06,78.32096862792969,78.32337929968051,77.12885469909907,77.68517600247516,105425600
2020-02-07,77.25635528564453,78.06988383321008,76.76630651671353,77.82123854389138,117684000
2020-02-10,77.623291015625,77.623291015625,75.7644885208781,75.8441484328751,109348800
2020-02-11,77.15495300292969,78.1905758646545,76.93769137166434,78.11815777658227,94323200
2020-02-12,78.98724365234375,78.99206907115294,77.60399867366895,77.60399867366895,113730400
2020-02-13,78.42474365234375,78.75063980830953,78.05781303227035,78.2605910618148,94747600
2020-02-14,78.44407653808594,78.6927218682662,77.93712767417983,78.39337649475979,80113600
2020-02-18,77.00770568847656,77.18875828805763,75.94794093607852,76.12899353565957,152531200
2020-02-19,78.12300109863281,78.35233737517142,77.24912158938099,77.24912158938099,93984000
2020-02-20,77.32154083251953,78.37164756799683,76.81700838375629,77.88401513292217,100566000
2020-02-21,75.57135772705078,77.35774940247184,74.95578178960817,76.91597690115918,129554000
2020-02-24,71.981689453125,73.43011036441114,69.82113268068633,71.75960237227564,222195200
2020-02-25,69.54352569580078,73.03180965186876,69.07279323243056,72.6503953158895,230673600
2020-02-26,70.646728515625,71.90927139616765,69.16209855410392,69.16934036398257,198054800
2020-02-27,66.02869415283203,69.04141300899963,65.89350875868202,67.85853712666133,320605600
2020-02-28,65.99005889892578,67.20915102510166,61.88861568726967,62.103468343907636,426510000
2020-03-02,72.13378143310547,72.76867383608672,67.04258234775999,68.14338175177791,341397200
2020-03-03,69.8428726196289,73.38667475068135,68.99312746023453,73.30701482551375,319475600
2020-03-04,73.08251190185547,73.24183913660247,70.76262721041282,71.5616724101691,219178400
2020-03-05,70.71192932128906,72.31242862903635,70.3474076125405,71.33957264179317,187572800
2020-03-06,69.77284240722656,70.20495666747604,67.88989834828591,68.07577636210152,226176800
2020-03-09,64.25436401367188,67.13188921300795,63.48911178224734,63.67016438238683,286744800
2020-03-10,68.88204956054688,69.14759479048914,65.02683672783965,66.90254597753136,285290000
2020-03-11,66.48975372314453,67.88748182990133,65.62794159632746,66.96290981260235,255598800
2020-03-12,59.9235954284668,65.17895115078981,59.86807364961435,61.78481820985721,418474000
2020-03-13,67.10295104980469,67.57369096094727,61.06303266081341,63.94539557678096,370732000
2020-03-16,58.4703483581543,62.542820889319664,57.93684495675963,58.40758108532822,322423600
2020-03-17,61.041297912597656,62.187961018540406,57.55060118117008,59.749787528944104,324056000
2020-03-18,59.547000885009766,60.35087498179023,57.24159672400037,57.881318208922394,300233600
2020-03-19,59.090755462646484,61.03646731467495,58.56691024737155,59.72081881991735,271857200
2020-03-20,55.339351654052734,60.79265701633852,55.04000992313828,59.67012828805372,401693200
2020-03-23,54.16370391845703,55.16070158535809,51.32479999006741,55.05931255400759,336752800
2020-03-24,59.597694396972656,59.79323063321941,56.56083807077307,57.05812866753022,287531200
2020-03-25,59.269386291503906,62.34245170831376,58.97487373705756,60.53192552123785,303602000
2020-03-26,62.388336181640625,62.44627067816228,59.472180756044146,59.51080620940923,252087200
2020-03-27,59.80530548095703,61.767913466106,59.638736473627105,61.01473571142301,204216800
2020-03-30,61.51201629638672,61.68341437720142,60.206022667346865,60.52950610976303,167976400
2020-03-31,61.386497497558594,63.366005560924876,60.833685075362965,61.70273919270683,197002000
2020-04-01,58.15652084350586,60.04188167908633,57.726822887688364,59.50596558883749,176218400
2020-04-02,59.12696075439453,59.18006982201146,57.188490836952404,58.01891951220774,165934000
2020-04-03,58.277217864990234,59.31283722451452,57.68819275537644,58.6127685713981,129880000
2020-04-06,63.36117935180664,63.51567376682207,60.201208300554335,60.568138982385115,201820400
2020-04-07,62.6273078918457,65.58933353543772,62.52350615550967,65.3720644929947,202887200
2020-04-08,64.23023223876953,64.54405384793799,63.06184016051964,63.42635444288139,168895200
2020-04-09,64.69374084472656,65.19586439958498,63.89952839783749,64.86514268497035,161834800
2020-04-13,65.96351623535156,66.07215077341053,64.17229875609489,64.77098217772529,131022800
2020-04-14,69.29486846923828,69.58455560243435,67.12223707141726,67.59297682109842,194994800
2020-04-15,68.66239166259766,69.1210568119712,67.74506136385055,68.17234288135833,131154400
2020-04-16,69.20797729492188,69.57249897577765,68.16028687860133,69.37454631683273,157125200
2020-04-17,68.26891326904297,69.27074378183441,66.83497575491855,68.72516946310567,215250000
2020-04-20,66.85185241699219,67.99851874920303,66.83254338342462,67.09808863903048,130015200
2020-04-21,64.78543853759766,66.92910221467082,64.07571185080862,66.69494058852548,180991600
2020-04-22,66.65150451660156,67.08602784822331,65.71003238672124,66.05040482183006,116862400
2020-04-23,66.39319610595703,68.01542772017612,66.35457066668404,66.59597413685326,124814400
2020-04-24,68.30995178222656,68.31960998543786,66.86877252729914,66.91705617630512,126161200
2020-04-27,68.3582534790039,68.68897519756469,67.58093367390491,68.02752439339068,117087600
2020-04-28,67.25018310546875,69.00035846269303,67.15845596472252,68.81930583953189,112004800
2020-04-29,69.45902252197266,69.92734583940624,68.53203408860236,68.73481211774124,137280800
2020-04-30,70.92435455322266,71.10058178322025,69.60870972779222,69.99736587702316,183064000
2020-05-01,69.78250885009766,72.17964374552773,69.0051893150792,69.10174923798432,240616800
2020-05-04,70.76985168457031,70.89779524622708,69.11865261133845,69.80665406694762,133568000
2020-05-05,71.83203125,72.66245995311394,71.0836788601292,71.2285224464027,147751200
2020-05-06,72.5731201171875,73.2031795834636,72.14824768910796,72.53207828931902,142333600
2020-05-07,73.32389068603516,73.66910326152602,72.89660917840814,73.19836352852457,115215200
2020-05-08,75.06913757324219,75.12239040799929,73.65552559886389,73.98230402182824,133838400
2020-05-11,76.25038146972656,76.74417245398942,74.36959376483475,74.57776663572473,145946400
2020-05-12,75.37898254394531,77.38321450858611,75.25795402582209,76.93298457993056,162301200
2020-05-13,74.46881866455078,76.47789576756719,73.39408522317618,75.55807493186354,200622400
2020-05-14,74.92633056640625,74.98684482021679,72.98745151047878,73.7087840752181,158929200
2020-05-15,74.48335266113281,74.52934407916516,72.66792527667609,72.70181680027588,166348400
2020-05-18,76.23826599121094,76.61103581678174,75.11512542110488,75.80498930633232,135178400
2020-05-19,75.79773712158203,77.0999976554672,75.76626852775506,76.25522103808397,101729600
2020-05-20,77.27185821533203,77.34204942619355,76.6158784313997,76.65460843756124,111504800
2020-05-21,76.69574737548828,77.67365953830173,76.45852890117943,77.1338698714014,102688800
2020-05-22,77.18956756591797,77.27186606725144,76.3326836366315,76.43434344951643,81803200
2020-05-26,76.66670227050781,78.48454498542678,76.6110265113562,78.3054252019707,125522000
2020-05-27,77.00074768066406,77.14598335609439,75.78562421645006,76.52390248864035,112945200
2020-05-28,77.03462219238281,78.29089831885972,76.4004341829612,76.67637525704153,133560800
2020-05-29,76.9595947265625,77.73659554294788,76.60377068012559,77.27668877080987,153532400
2020-06-01,77.90604400634766,78.02707250180976,76.78289602270274,76.91360886615988,80791200
2020-06-02,78.26668548583984,78.29089265581315,77.19921355683967,77.63975893458408,87642800
2020-06-03,78.69754791259766,78.95897353375568,78.01494559700772,78.58620379313693,104491200
2020-06-04,78.01980590820312,78.81859097042819,77.6470360985682,78.5208656190316,87560400
2020-06-05,80.24188995361328,80.30240419943048,78.2400813612976,78.26912701737099,137250400
2020-06-08,80.71630859375,80.75020011255444,79.2300827598663,79.93930785149966,95654400
2020-06-09,83.26518249511719,83.6573136410901,80.36534445233356,80.39681304328083,147712400
2020-06-10,85.40737915039062,85.87454732273147,83.77349462695621,84.21161714524366,166651600
2020-06-11,81.30693054199219,84.97651490391192,81.20527075656385,84.55291522831224,201662400
2020-06-12,82.00889587402344,84.18740853476542,80.90027823694467,83.44187634114364,200146000
2020-06-15,83.02311706542969,83.6742509001126,80.50330314287096,80.6654845616587,138808800
2020-06-16,85.2234115600586,85.49452156139306,83.44187587324252,85.07333742619001,165428800
2020-06-17,85.10482025146484,86.02705683600927,84.98379175074255,85.96654258564811,114406400
2020-06-18,85.13872528076172,85.55506368475906,84.5311597469356,85.06126525513555,96820400
2020-06-19,84.65215301513672,86.30782159170373,83.5459510308644,85.84307640546994,264476000
2020-06-22,86.86700439453125,87.00981715451016,84.99832384422328,85.04431527047004,135445200
2020-06-23,88.72112274169922,90.13715720348478,87.68995789692363,88.10871902854637,212155600
2020-06-24,87.155029296875,89.26818923809188,86.78225950639512,88.35079128217394,192623200
2020-06-25,88.31207275390625,88.35080275936323,86.55232106785238,87.30996064055707,137522400
2020-06-26,85.59861755371094,88.42826445687878,85.45095894340278,88.20799170182455,205256800
2020-06-29,87.57137298583984,87.6657787527797,85.02977472321102,85.50662726415537,130646000
2020-06-30,88.3023910522461,88.58802392767775,87.14052040168764,87.15988171149978,140223200
2020-07-01,88.13534545898438,88.92203048346985,88.08693850505696,88.37982532273861,110737200
2020-07-02,88.13534545898438,89.67483137890527,88.02158579310888,89.04064340262327,114041600
2020-07-06,90.49298095703125,90.96014903943146,89.52959175677846,89.56106033827533,118655600
2020-07-07,90.21221923828125,91.6476154008952,90.10087509241899,90.87061453958542,112424400
2020-07-08,92.31327056884766,92.34473915860562,91.10056271828748,91.18770707353977,117092000
2020-07-09,92.71025848388672,93.25730230757911,91.66457041968785,93.20404946948581,125642800
2020-07-10,92.87240600585938,92.93050469526396,91.69601281004776,92.30599364635842,90257200
2020-07-13,92.44398498535156,96.77922651804644,92.23097365442625,94.17469096863013,191649200
2020-07-14,93.97378540039062,94.16500509879575,90.89482027358295,91.82673375082925,170989200
2020-07-15,94.62007904052734,96.09420527190387,93.42431687945134,95.84488685944433,153198000
2020-07-16,93.4557876586914,94.31024858615012,92.85790656415841,93.49451766571708,110577600
2020-07-17,93.2669677734375,94.06091431617955,92.79495374103925,93.90600170117715,92186800
2020-07-20,95.23248291015625,95.37045717183655,93.01040144233045,93.35412562962276,90318000
2020-07-21,93.91808319091797,96.09659542988256,93.66876486349388,96.02155837705527,103433200
2020-07-22,94.18194580078125,94.86212529718233,93.53323489247579,93.62037185613211,89001600
2020-07-23,89.8951187133789,93.99314144318696,89.08664931990235,93.91568143989768,197004400
2020-07-24,89.67243194580078,90.01615612762265,86.31267968652797,88.09664593771886,185438800
2020-07-27,91.79769134521484,91.88967418415685,90.50995376100627,90.73264205708286,121214000
2020-07-28,90.28966522216797,91.54594138277622,90.28481935549645,91.36923715007886,103625600
2020-07-29,92.0203857421875,92.20435141750036,90.73506372270917,90.77137079362801,90329200
2020-07-30,93.13385009765625,93.23793283077006,90.7883172670131,91.1949712384762,158130000
2020-07-31,102.88390350341797,103.03397765297315,97.62157959922047,99.61613418906329,374336800
2020-08-03,105.476318359375,108.09053052398437,104.46452205826068,104.76224738585148,308151200
2020-08-04,106.18072509765625,107.26998160372126,104.9438099795325,105.66514250286653,173071600
2020-08-05,106.56556701660156,106.88508394782573,105.43758079842524,105.90233336993235,121776800
2020-08-06,110.28358459472656,110.77738293578851,106.30901285016994,106.8972095786005,202428800
2020-08-07,107.77618408203125,110.26174118969138,106.98080610359243,109.80585245809037,198045600
2020-08-10,109.34270477294922,110.35875275642206,106.69710077257369,109.21903076531765,212403600
2020-08-11,106.09087371826172,109.10506522291367,105.83140397675015,108.60795666047292,187902400
2020-08-12,109.6167221069336,109.87376452711321,106.98566715289093,107.17965891895842,165598000
2020-08-13,111.55669403076172,112.55819321018032,110.5066931989482,110.99410742435849,210082000
2020-08-14,111.4572525024414,111.54697388434195,109.65067355223327,111.38208013380518,165565200
2020-08-17,111.166259765625,112.60182410704658,110.54062998121614,112.57757328432733,119561600
2020-08-18,112.09259033203125,112.51695384329368,110.58428087027461,110.91892299463439,105633600
2020-08-19,112.23321533203125,113.64452867430332,112.13864675565405,112.49995954797271,145538000
2020-08-20,114.7236328125,114.83760501028006,112.25747159683876,112.27444791147464,126907200
2020-08-21,120.63562774658203,121.1181872782855,115.66935990258521,115.68148161330981,338054800
2020-08-24,122.07846069335938,124.91806397068724,120.2161130032418,124.83318239328597,345937600
2020-08-25,121.07696533203125,121.42130925505194,119.35768781992573,120.95329871627834,211495600
2020-08-26,122.7234878540039,123.17937664467517,121.32672345710665,122.39127306939878,163022400
2020-08-27,121.25640869140625,123.65709200762272,120.11425938434616,123.32487721481381,155552400
2020-08-28,121.05998229980469,122.64588380173389,120.83688511649021,122.2287948592591,187630000
2020-08-31,125.16541290283203,127.06656806710367,122.21669905690888,123.7492594402055,225702700
2020-09-01,130.1510772705078,130.75247109042868,126.61067882372832,128.77371625173845,151948100
2020-09-02,127.45452117919922,133.8369490459464,123.18664339139957,133.45865994566697,200119000
2020-09-03,117.25040435791016,124.97139321089942,116.88181705951085,123.09935129507485,257599600
2020-09-04,117.32799530029297,119.98572065509111,107.56036231574582,116.46471946533688,332607200
2020-09-08,109.43243408203125,115.41717011939836,109.2966383541402,110.52850171438395,231366600
2020-09-09,113.79730224609375,115.56265389882519,111.79915900187885,113.7391061983007,176940500
2020-09-10,110.08230590820312,116.88182317054356,109.12203408038299,116.74602745349068,182274400
2020-09-11,108.6370620727539,111.77008060116817,106.69711453574045,111.12989436180371,180860300
2020-09-14,111.89613342285156,112.44901797179038,109.41300385573126,111.2753510310715,140150100
2020-09-15,112.07075500488281,115.26196916143692,110.1987055878256,114.7769823425134,184642000
2020-09-16,108.76313781738281,112.51693833812011,108.67584374495958,111.7700619173575,154679000
2020-09-17,107.02689361572266,108.83104527474275,105.4458391619844,106.42551466292394,178011000
2020-09-18,103.6319580078125,107.55065156434694,102.90447793321525,107.08506846077829,287104900
2020-09-21,106.77469635009766,106.88139403880808,100.00427732246104,101.4010416835348,195713800
2020-09-22,108.45277404785156,109.47124955280064,105.88234925973728,109.29665396338974,183055400
2020-09-23,103.90357208251953,108.74373815268274,103.56407541081022,108.26845317272523,150718700
2020-09-24,104.97055053710938,106.93959588038079,101.84723417179123,102.01212791770884,167743300
2020-09-25,108.90863800048828,109.0638373334494,104.43705897382922,105.17424100477153,149981400
2020-09-28,111.5081787109375,111.85736984450415,109.39363569114487,111.55668035738763,137672400
2020-09-29,110.66429901123047,111.84766814275456,110.1599159291002,111.11049343812664,99382200
2020-09-30,112.33262634277344,113.73909232886041,110.2083894539344,110.37328316944827,142675200
2020-10-01,113.28324127197266,114.18531720423022,112.35206730969273,114.10771752396202,116120400
2020-10-02,109.62642669677734,111.90587086149135,108.85045216012577,109.50033277715342,144712000
2020-10-05,113.00189971923828,113.1473972075224,110.14048118432564,110.48967219608369,106243800
2020-10-06,109.7622299194336,112.63335124814374,108.87955028037823,112.2259566607193,161498200
2020-10-07,111.62455749511719,112.0804462459722,110.70307818585619,111.17837055181317,96849000
2020-10-08,111.51787567138672,112.90493833599005,111.14928093514196,112.75944080327828,83477200
2020-10-09,113.45781707763672,113.48691510258755,111.46936816913343,111.81855926916633,100506900
2020-10-12,120.66474914550781,121.42132756900631,115.6984803395375,116.45505876303599,240226800
2020-10-13,117.46379089355469,121.62497815056649,116.0573322604358,121.5085786649449,262330500
2020-10-14,117.55110168457031,119.33584953717633,116.02824344500344,117.36680433445795,150712000
2020-10-15,117.08553314208984,117.56081821833106,114.60240265361523,115.15528740769942,112559200
2020-10-16,115.44625091552734,117.90029026113083,115.24255735409358,117.63839325335097,115393800
2020-10-19,112.49755859375,116.8042370043639,112.18716729027952,116.35804996814461,120639300
2020-10-20,113.98161315917969,115.4074757022461,112.15805784138063,112.71094256212962,124423700
2020-10-21,113.36080932617188,115.14555707254407,112.95341481857757,113.1668101796244,89946000
2020-10-22,112.27445220947266,114.49569279996962,111.14927920105526,113.92340448698165,101988000
2020-10-23,111.58576965332031,113.05043193781697,110.84858760677534,112.89523260157101,82572600
2020-10-26,111.59550476074219,113.05046567078934,109.49065568663542,110.58673097507183,111850700
2020-10-27,113.09893035888672,113.75851276167866,111.10078693291935,112.02225897491293,92276800
2020-10-28,107.86109161376953,111.96408434875251,107.76409570662547,111.59549694147971,143937800
2020-10-29,111.85736083984375,113.41901900582575,108.83104039265947,108.99594153712782,146129200
2020-10-30,105.59132385253906,108.62733847489969,104.48555457025763,107.72526275511105,190272600
2020-11-02,105.50403594970703,107.356689266343,104.09757704674024,105.83383085542181,122866900
2020-11-03,107.12388610839844,108.14235394209176,105.46523215040254,106.36730788899447,107624400
2020-11-04,111.49846649169922,112.11924902667879,108.97653651830575,110.71279021468385,138235500
2020-11-05,115.45597076416016,116.0282591074031,113.3608313760952,114.40839736997158,126387100
2020-11-06,115.32479095458984,115.8203256136095,112.83736946099638,114.96527887670223,114457900
2020-11-09,113.02198028564453,118.53121707167843,112.75963885381937,117.083465097586,154515300
2020-11-10,112.6819076538086,114.25597110360664,110.89407325748324,112.27381767890381,138023400
2020-11-11,116.10212707519531,116.23815709626824,113.13860742972919,113.86734286251138,112295000
2020-11-12,115.83004760742188,117.1126214574974,115.20819406878398,116.22842646880996,103162300
2020-11-13,115.87864685058594,116.27701834676313,114.52805783909481,116.05354364266076,81581900
2020-11-16,116.8891372680664,117.55956865833653,114.80009473182567,115.54825966136949,91183000
2020-11-17,116.00495910644531,117.2486663416219,115.58715051215194,116.16042621738232,74271000
2020-11-18,114.6834945678711,116.42274359265693,114.65434634387621,115.24705160870013,76322100
2020-11-19,115.27619934082031,115.68428930116418,113.4980835539356,114.25596702688232,74113000
2020-11-20,114.01304626464844,115.40250165957605,113.96446836639701,115.27619022842907,73604300
2020-11-23,110.62200927734375,114.28512261237464,110.52484606012634,113.85759556092404,127959300
2020-11-24,111.90459442138672,112.56531474410036,109.39774313111327,110.68032441615657,113874200
2020-11-25,112.74021911621094,113.43980625953591,111.90460196313715,112.27383262938065,76499200
2020-11-27,113.28433990478516,114.15882383972767,112.92483519653295,113.26491022315516,46691300
2020-11-30,115.67459869384766,117.5401594833683,113.49810369299398,113.6535707986605,169410200
2020-12-01,119.24051666259766,119.96925188593028,116.60735427852516,117.57900124296866,127728200
2020-12-02,119.59031677246094,119.87209529729249,117.46240743053765,118.56036589233359,89004200
2020-12-03,119.45429229736328,120.27047227200518,118.74498667961886,120.0178419599632,78967600
2020-12-04,118.78384399414062,119.37654924842553,118.07453843287111,119.12391895649799,78260400
2020-12-07,120.24132537841797,121.03807568238211,118.78385476777048,118.84215122001115,86712000
2020-12-08,120.85344696044922,121.43644107050238,119.6000214847598,120.84373582820557,82225500
2020-12-09,118.32719421386719,122.37896123763355,117.56931058790569,120.99922399995596,115089200
2020-12-10,119.74579620361328,120.35793867044406,116.74340998030307,117.0834850101648,81312200
2020-12-11,118.9393310546875,119.27940607418536,117.13206676469383,118.95876073591047,86939800
2020-12-14,118.32719421386719,119.85268001340195,118.0940009627436,119.12394461719592,79184500
2020-12-15,124.25422668457031,124.27366377761385,120.61055011219938,120.81459511068267,157243700
2020-12-16,124.18622589111328,124.73034594931227,122.97166689471923,123.79757294273104,98208600
2020-12-17,125.05099487304688,125.90604917528667,124.40970414636703,125.245321352785,94359800
2020-12-18,123.06883239746094,125.43965383144652,122.54414204339464,125.3036238225863,192541500
2020-12-21,124.59431457519531,124.67204812925546,119.94984220975749,121.4753279960592,121251600
2020-12-22,128.14083862304688,130.5991048748753,125.97405467288996,127.87848972538272,168904800
2020-12-23,127.24689483642578,128.67520225485305,127.07199067068275,128.41286824547294,88223700
2020-12-24,128.228271484375,129.67603102914552,127.3829432351903,127.59670678746939,54930100
2020-12-28,132.81448364257812,133.44604851338428,129.7246372436778,130.19103866406888,124486200
2020-12-29,131.04605102539062,134.8549062093824,130.53107920371312,134.13589678161503,121047300
2020-12-30,129.92868041992188,132.13432398091498,129.6177461619134,131.73594502265215,96452100
2020-12-31,128.92784118652344,130.9197204767935,127.98534242224186,130.27842990655225,99116600
2021-01-04,125.7408676147461,129.82178288641367,123.1660010540864,129.73433819675842,143301900
2021-01-05,127.29546356201172,128.00477652137644,124.78861261288198,125.23557674034254,97664900
2021-01-06,123.0105209350586,127.33435496235823,122.7967573877346,124.0987683518539,155088000
2021-01-07,127.20806884765625,127.8979449873073,124.23483033901421,124.7206540123521,109578200
2021-01-08,128.30596923828125,128.86952618923627,126.53756485844092,128.67518495872093,105158200
2021-01-11,125.3230209350586,126.47928319135579,124.85663454489163,125.52707332046941,100384500
2021-01-12,125.14813995361328,126.0129052139805,123.26314235039197,124.85664288048969,91951100
2021-01-13,127.17891693115234,127.72303705735104,124.8469692971118,125.10930339828236,88636800
2021-01-14,125.2550277709961,127.28576659581172,125.10927181431389,127.09144014639318,90221800
2021-01-15,123.53520965576172,126.52788445335536,123.39917965706009,125.12871028033413,111598500
2021-01-19,124.20565032958984,125.0607045202907,123.34088500532488,124.15706500945309,90757300
2021-01-20,128.28652954101562,128.73349360549489,124.90520273020637,125.01208447435442,104319500
2021-01-21,132.9893341064453,135.7099489572785,129.80233279797613,130.00638521290585,120150900
2021-01-22,135.12698364257812,135.88486727485233,131.19180950505606,132.41607964346215,114459400
2021-01-25,138.8678436279297,140.97631669159273,132.66872851623955,139.01359963257673,157611700
2021-01-26,139.1009979248047,140.20867499016745,137.36174136904043,139.52852500725305,98390600
2021-01-27,138.0321807861328,140.20867556656404,136.4289690465183,139.36333253146313,140843800
2021-01-28,133.20310974121094,137.9641898687069,132.82416793009364,135.56422012291074,142621100
2021-01-29,128.2185821533203,132.86305498594893,126.51819940588042,131.97885239900157,177523800
2021-02-01,130.33673095703125,131.54157860190338,127.21773749244758,129.9577892114423,106239800
2021-02-02,131.1626434326172,132.4452098565485,130.79341280132044,131.8816527763116,83305400
2021-02-03,130.14242553710938,131.92054165395052,129.82178018887643,131.91081569341782,89880900
2021-02-04,133.4945831298828,133.5042942626405,130.7739685158837,132.43549143917588,84183100
2021-02-05,133.08102416992188,133.7232731231055,132.20524094162676,133.65516390896917,75693800
2021-02-08,133.2269744873047,133.2756324021585,131.29050232328603,132.3706427004726,71297200
2021-02-09,132.35116577148438,134.17087067010365,132.1954812442837,132.94475664834664,76774200
2021-02-10,131.7478790283203,133.3048434386966,130.78450562896475,132.80855342312873,73046600
2021-02-11,131.494873046875,132.72097244544923,130.17145780866096,132.24414858851415,64280000
2021-02-12,131.72840881347656,131.88410821935858,130.0936095966532,130.73585850968206,60145100
2021-02-16,129.6070556640625,132.35118706954955,129.2178071626484,131.84518629017936,80576300
2021-02-17,127.32025909423828,128.66314035492906,125.98711832566399,127.71923321492339,97918500
2021-02-18,126.22069549560547,126.50288771185818,123.98256451257895,125.72440543319924,96856700
2021-02-19,126.3763656616211,127.19378012757379,125.33515742569439,126.73642239782728,87668800
2021-02-22,122.6104736328125,126.23040308983671,122.22123254914695,124.56639727156255,103916400
2021-02-23,122.47425079345703,123.30138352656303,115.20519947854247,120.43074421044315,158273000
2021-02-24,121.97796630859375,122.1823162213377,118.94190197736167,121.57899955251936,111039900
2021-02-25,117.73526000976562,123.05811336412599,117.29736837706596,121.32599812486836,148199500
2021-02-26,117.99799346923828,121.49141551253575,117.93960247752109,119.29220956982277,164560400
2021-03-01,124.35232543945312,124.48855870917815,119.48683030882653,120.42100448300808,116307900
2021-03-02,121.75416564941406,125.25732102772348,121.64712415132996,124.95566267357219,102260900
2021-03-03,118.77645111083984,122.3282636330786,118.56236816181614,121.45247312532506,112966300
2021-03-04,116.89839935302734,120.27505462421279,115.42902496763867,118.47482266404644,178155000
2021-03-05,118.15370178222656,118.65971751818749,114.40727138827786,117.72554318736458,153766600
2021-03-08,113.22982025146484,117.74499981575629,113.08385389082869,117.67688317068041,154376600
2021-03-09,117.83256530761719,118.77647261328785,115.59444185391254,115.8279835568737,129525800
2021-03-10,116.7524185180664,118.88350022910564,116.23666982400522,118.4164168777091,111943300
2021-03-11,118.6791763305664,119.89555031815932,117.99800986717743,119.24357564260735,103026500
2021-03-12,117.7741928100586,117.91042610160652,115.95450209117227,117.16114299809291,88105100
2021-03-15,120.65453338623047,120.66426645422422,117.18057052802266,118.14394380720245,92403800
2021-03-16,122.19205474853516,123.79766976227535,121.36492199120141,122.31855495993447,115227900
2021-03-17,121.4038314819336,122.47423888090718,119.04892629520441,120.71293209328559,111932600
2021-03-18,117.28764343261719,119.86635775445424,117.0832934949232,119.5744250296585,121229700
2021-03-19,116.76212310791016,118.1633877577359,116.46046485518836,116.67454777937338,185549500
2021-03-22,120.07069396972656,120.5377847911862,117.024896545298,117.0930131834112,111912300
2021-03-23,119.24356842041016,120.89783397367995,118.85432728312398,120.01231762490714,95467100
2021-03-24,116.85945129394531,119.59386443754735,116.83999258124882,119.51601473844956,88530500
2021-03-25,117.34599304199219,118.38721599444037,115.79876935123002,116.32424364926871,98844700
2021-03-26,117.9493179321289,118.21205879522662,115.72092053842741,117.1124522760085,94071200
2021-03-29,118.12449645996094,119.28248673827066,117.48225492917581,118.3775042989523,80819200
2021-03-30,116.67456817626953,117.16111766205535,115.66254435493632,116.87891806940085,85671900
2021-03-31,118.86405181884766,120.19719278132602,117.89095275757859,118.37750228821312,118323800
2021-04-01,119.6911849975586,120.8394421912494,119.19490239563412,120.33343394406754,75089100
2021-04-05,122.5131607055664,122.76616851425374,119.75928886344587,120.53777100210417,88651200
2021-04-06,122.81483459472656,123.71008397089403,122.26990148299974,123.09703422020135,80171300
2021-04-07,124.45936584472656,124.47882455845117,121.7736104771957,122.4450511751175,83466700
2021-04-08,126.85319519042969,126.88238697462579,125.0626964676061,125.48112193995918,88844600
2021-04-09,129.42218017578125,129.46109760648577,125.9871415439433,126.30826602843275,106686700
2021-04-12,127.70953369140625,129.2762238665418,127.11594263503031,128.95509937555343,91420000
2021-04-13,130.81369018554688,131.0375136441806,128.38094270892825,128.87723269707828,91266500
2021-04-14,128.4782257080078,131.36833015937881,128.11818392495562,131.3099466105929,87222800
2021-04-15,130.88182067871094,131.36837019796266,130.04495491166549,130.22012045971883,89347100
2021-04-16,130.5509490966797,131.0472241792983,129.6946173321828,130.68718234573052,84922400
2021-04-19,131.21267700195312,131.82573417670255,129.75302837507442,129.91845343765638,94264200
2021-04-20,129.52920532226562,131.88410306298763,128.26417368348118,131.38782793049364,94812300
2021-04-21,129.90867614746094,130.1519508218944,127.76786198210814,128.7993442259767,68847100
2021-04-22,128.39071655273438,130.54125756563838,127.87497514158638,129.46111681150813,84566500
2021-04-23,130.70669555664062,131.48516306112936,128.6047976585629,128.6047976585629,78657500
2021-04-26,131.09591674804688,131.42676689058607,129.9671181870508,131.20295824690538,66905100
2021-04-27,130.7747802734375,131.76734545845767,130.5023137282654,131.37809693084532,66015800
2021-04-28,129.98655700683594,131.38782184344353,129.50000754125335,130.69691506905932,107760100
2021-04-29,129.88922119140625,133.38265710155315,128.88693063436986,132.79879189335512,151101000
2021-04-30,127.92361450195312,129.96711370748065,127.54410644604702,128.23499849351802,109839500
2021-05-03,128.9745330810547,130.46338819019584,128.28364111599663,128.48798358801744,75135100
2021-05-04,124.41070556640625,127.95279275381809,123.29164023246338,127.66086008438737,137564700
2021-05-05,124.65398406982422,126.9407577416854,124.5274764521898,125.72438402846821,84000900
2021-05-06,126.24988555908203,126.25961120491856,123.71008883004946,124.44964624226809,78128300
2021-05-07,126.92245483398438,127.94593245749884,126.2108752190309,127.54629547170842,78973300
2021-05-10,123.64727783203125,126.26935540308767,123.60828686336556,126.14264776926625,88071200
2021-05-11,122.73101043701172,123.0819142652862,119.67028275042819,120.38185488141869,126142800
2021-05-12,119.6702880859375,121.4930768252382,119.16342036759427,120.28438654552215,112172300
2021-05-13,121.81475067138672,122.96495825371117,121.12267768901388,121.43459801116457,105861300
2021-05-14,124.23210906982422,124.66100222479204,122.6725077382582,123.06240993034115,81918000
2021-05-17,123.08192443847656,123.72526428981506,122.00969878967952,123.61804098125864,74244600
2021-05-18,121.69778442382812,123.78375308679564,121.62955208202142,123.3646094337638,63342900
2021-05-19,121.54180908203125,121.76599784022277,119.75801143334377,120.05043995950335,92612000
2021-05-20,124.09566497802734,124.49531683623646,121.94146411990351,122.06818662946591,76857100
2021-05-21,122.26313018798828,124.76824225453443,122.04868358173061,124.59278661639331,79295400
2021-05-24,123.89096069335938,124.70975612799803,122.76025239580743,122.82848472896345,63092900
2021-05-25,123.69602966308594,125.08018314804377,123.13067172111496,124.59279971373591,72009500
2021-05-26,123.64727783203125,124.17364475386753,123.22813421483384,123.75450113667013,56575900
2021-05-27,122.11691284179688,124.41732784538095,121.92196544288971,123.24762857840483,94625600
2021-05-28,121.46385192871094,122.6238092325372,121.40536918625511,122.39961299184344,71311100
2021-06-01,121.14215850830078,122.1851426884376,120.81074644955004,121.92196296159237,67637100
2021-06-02,121.90247344970703,122.07792909380578,120.91797935921073,121.14216813753484,59278900
2021-06-03,120.42086029052734,121.69778300232346,120.02120840977952,121.5320769508381,76229200
2021-06-04,122.7115249633789,122.97471215998662,120.72303005127523,120.93747667465416,75169300
2021-06-07,122.72127532958984,123.13066937489863,121.67829101219802,122.9844550910691,71057600
2021-06-08,123.54005432128906,125.21663622404847,123.02343700167279,123.4035896495703,74403800
2021-06-09,123.92022705078125,124.52457600687696,123.32562769760736,123.99820900061968,56877900
2021-06-10,122.92595672607422,124.95344236430199,122.7602506959565,123.81297704481983,71186400
2021-06-11,124.13465118408203,124.22238272093318,122.91621132668672,123.33535493510138,53522400
2021-06-14,127.18561553955078,127.24409827001125,123.86171564217574,124.5927795199969,96906500
2021-06-15,126.3668441772461,127.30261260822043,126.12315618593904,126.65927274152149,62746300
2021-06-16,126.86396789550781,127.58528973592168,125.21664949570912,127.07841452715692,91815000
2021-06-17,128.4625244140625,129.203345250585,126.37655629930642,126.52277798345058,96721700
2021-06-18,127.1661376953125,128.18961527761795,126.95169109033546,127.40982566701065,108953300
2021-06-21,128.9596710205078,129.066894317528,125.94769141357571,127.01016734634604,79663300
2021-06-22,130.5972442626953,130.6947253937975,128.29682937988724,128.79396232556323,74783600
2021-06-23,130.32437133789062,130.9287278398836,129.86623659582412,130.39261113389742,60214200
2021-06-24,130.0416259765625,131.240566385548,129.57373445842103,131.05536118547494,68711000
2021-06-25,129.7492218017578,130.50952706925113,129.45679326652197,130.09039090512184,70783700
2021-06-28,131.37704467773438,131.83517920756188,129.9831567614525,130.04163948891443,62111300
2021-06-29,132.8878936767578,133.04385750975646,130.9578895823714,131.39652484834153,64556100
2021-06-30,133.5019989013672,133.94063419010044,132.43950824826416,132.73193673192986,63261400
2021-07-01,133.80419921875,133.86268195374564,132.3323143115352,133.15111722207564,52485800
2021-07-02,136.42628479003906,136.46526832234767,134.27207651002422,134.41828334809892,78852600
2021-07-06,138.4342498779297,139.53570925876045,136.53348691022637,136.53348691022637,108181800
2021-07-07,140.91989135742188,141.23180423568894,139.0581116318865,139.91588320227135,104911600
2021-07-08,139.62347412109375,140.42276298269945,137.11835448019005,138.0053823208354,105575500
2021-07-09,141.44625854492188,141.97261806281588,139.04836216143113,139.1458433075578,99890800
2021-07-12,140.85166931152344,142.62572515772004,140.36429329314447,142.51850183873523,76299700
2021-07-13,141.96282958984375,143.73688473062327,140.0035841294874,140.39347883974256,100827100
2021-07-14,145.3842315673828,145.79364043052715,143.95134516697595,144.3607540301203,127050800
2021-07-15,144.73118591308594,146.21281325196273,143.37628110522587,145.4720070192926,106820300
2021-07-16,142.6939239501953,145.97883295333372,142.19680585690423,144.71166743629377,93251400
2021-07-19,138.85340881347656,140.43251704679776,138.0931035014654,140.12058929133983,121434600
2021-07-20,142.45997619628906,143.3860023478585,139.35053030452949,139.83790622702588,96350000
2021-07-21,141.72894287109375,142.4405225803077,140.97839449756518,141.8556653977963,74993500
2021-07-22,143.0935516357422,144.4581980577568,142.12854210433372,142.2552645840674,77338200
2021-07-23,144.8091583251953,144.96512221870486,143.21056560056124,143.8246641352954,71447400
2021-07-26,145.228271484375,146.04705940106285,143.97083337261068,144.52644902049065,72434100
2021-07-27,143.0643310546875,145.44272791296905,141.87513262554674,145.35498894389306,104818600
2021-07-28,141.3195037841797,143.25926511063363,138.9411071473103,141.1537977724019,118931200
2021-07-29,141.96282958984375,142.8498571602335,140.92959522149076,141.0368184978404,56699500
2021-07-30,142.17727661132812,142.63541107782987,140.47146121966023,140.73464833039165,70440600
2021-08-02,141.8458709716797,143.23975875771586,141.58268384916155,142.6646588267022,62880000
2021-08-03,143.63941955566406,144.30224361135603,141.51445299043982,142.12855135709023,64786600
2021-08-04,143.23980712890625,144.05859526042843,142.58672505684436,143.55173491626834,56368300
2021-08-05,143.3470001220703,144.10730535100612,142.47947159810346,143.2690181917266,46397700
2021-08-06,142.6636505126953,143.6105775396916,142.16578765248929,142.86866162914254,54126800
2021-08-09,142.61485290527344,143.21034301067533,142.05841963396023,142.72223685529076,48908700
2021-08-10,142.13653564453125,144.196344465899,141.84366893661831,142.9565505100319,69023100
2021-08-11,142.3903045654297,143.22984760890972,142.06815276895088,142.57578725696132,48493500
2021-08-12,145.3482666015625,145.50446416374155,142.37081574173467,142.71249604702388,72282600
2021-08-13,145.55325317382812,145.88516176552068,144.74299521470792,145.42634081402107,59375000
2021-08-16,147.52520751953125,147.59354953492934,142.98582599022765,145.00657783567002,103296000
2021-08-17,146.61732482910156,148.07187159409528,145.5434853619502,146.65636676617194,92229700
2021-08-18,142.87843322753906,147.134719463398,142.67342208980006,146.23660593235846,86326000
2021-08-19,143.2103729248047,144.47945217305653,141.06270837166667,141.5800998127829,86960300
2021-08-20,144.6649169921875,144.96754045087513,143.28845394220284,143.93275769698107,60549600
2021-08-23,146.1487579345703,146.61733569322215,144.37204430196212,144.7820517027598,60131800
2021-08-24,146.06088256835938,147.27139120779157,145.60206158624175,145.89492826143862,48606400
2021-08-25,144.8308868408203,146.7442698916124,144.28421022511418,146.24639198416384,58991300
2021-08-26,144.03033447265625,145.57275146160703,144.00104929973693,144.82107882892396,48597200
2021-08-27,145.0651397705078,145.21156564308194,143.33723999505236,143.97177197062845,55802400
2021-08-30,149.47763061523438,149.83883931473636,145.07491826892314,145.45564049048158,90956700
2021-08-31,148.2183380126953,149.16526528048843,147.69117494824357,149.02859613337498,86453100
2021-09-01,148.8821563720703,151.2934023311897,148.71620204197066,149.1945515081308,80313700
2021-09-02,149.9949951171875,151.03954929712242,148.77472989529102,150.20976298790652,71115500
2021-09-03,150.6295928955078,150.95174481050074,149.4483692072004,150.10242979976638,57808700
2021-09-07,152.9627227783203,153.51915609845358,150.71743128739138,151.28363626481305,82278300
2021-09-08,151.42030334472656,153.3043860941943,150.31717858511598,153.24581573453693,74420200
2021-09-09,150.405029296875,152.39649574316758,150.2878736971047,151.7912489116524,57305700
2021-09-10,145.42637634277344,151.78151431271888,145.1627947987088,151.31293648668662,140893200
2021-09-13,145.99256896972656,147.818081410703,145.21159606216116,147.04688016056696,102404300
2021-09-14,144.59657287597656,147.4764113119793,143.41536423851278,146.77353720711707,109296300
2021-09-15,145.48489379882812,145.8851443505808,142.88816593560387,145.02607290209997,83281300
2021-09-16,145.25064086914062,145.42636685232276,143.71799510025087,144.90897545621797,68034100
2021-09-17,142.58558654785156,145.27994241453277,142.29271983680104,145.27994241453277,129868800
2021-09-20,139.53977966308594,141.39457695669392,137.90950701335717,140.37932278347847,123478900
2021-09-21,140.0181427001953,141.16032435989862,139.38361057442205,140.50624891873463,75834000
2021-09-22,142.38058471679688,142.94677480134484,140.28171911608493,141.01387841720836,76404300
2021-09-23,143.3372802734375,143.58133339351843,142.17558503852095,143.16155428115266,64838200
2021-09-24,143.42510986328125,143.96202960944674,142.09746053449825,142.1950877231893,53477900
2021-09-27,141.9119873046875,142.48796392317834,140.39887004950094,142.00961449990794,74150700
2021-09-28,138.53428649902344,141.30672576458994,138.31951860844126,139.84240736288436,108972300
2021-09-29,139.4324188232422,141.013878143942,138.65144592439347,139.08098176355122,74602000
2021-09-30,138.13406372070312,140.9455603850025,137.91929578685694,140.24268621892764,89056700
2021-10-01,139.25672912597656,139.52031071337035,135.80094288519692,138.5245696355228,94639600
2021-10-04,135.8301544189453,138.82713279141288,134.980854637217,138.38782541869764,98322000
2021-10-05,137.75331115722656,138.8564357660988,136.04493972017434,136.17185207930245,80861100
2021-10-06,138.6221466064453,138.76857249312508,135.07849119061893,136.15233067899587,83221100
2021-10-07,139.88145446777344,140.7893396562003,139.32502120039112,139.65692980871162,61732700
2021-10-08,139.50074768066406,140.75029837603776,139.16883903566588,140.60387247260306,58773200
2021-10-11,139.4129180908203,141.36534327777014,138.4367054973454,138.88576984450557,64452200
2021-10-12,138.1438446044922,139.8424599517425,137.68502347441577,139.82293152821384,73035900
2021-10-13,137.55810546875,138.03644005527403,135.88877555756454,137.8802573777795,78762700
2021-10-14,140.3402557373047,140.45741132647578,138.14377836199483,138.72951162040368,69907100
2021-10-15,141.39462280273438,141.4531931726663,140.09625831789816,140.3500831153651,67940300
2021-10-18,143.0639190673828,143.34701408719482,139.7545598847163,140.03765490452832,85589200
2021-10-19,145.22134399414062,145.62159463310732,143.06392303976392,143.51297237963328,76378900
2021-10-20,145.70945739746094,146.18780683574556,144.59657585778285,145.16278083703227,58418800
2021-10-21,145.92422485351562,146.0804224119474,144.35252229936606,145.27016433537898,61421000
2021-10-22,145.15301513671875,146.6075619891813,145.1042015405824,146.12922747617256,58883400
2021-10-25,145.1042022705078,145.8168331110648,144.10846150842693,145.14324421012236,50720600
2021-10-26,145.76805114746094,147.25188335627817,145.46541277347194,145.77780790953028,60893400
2021-10-27,145.30923461914062,146.1682914783705,144.95779752805828,145.80709762491546,56094900
2021-10-28,148.9407196044922,149.52643805425132,146.1585085567286,146.256135746264,100077900
2021-10-29,146.23666381835938,146.37333299901167,142.9273033978714,143.71803329277563,124953200
2021-11-01,145.41661071777344,146.13899838558393,144.2842007193759,145.44589589912687,74588300
2021-11-02,146.45138549804688,147.96451766703325,145.11396440756303,145.12373606469237,69122000
2021-11-03,147.88644409179688,148.35502194347706,146.25617092597884,146.81260433188254,54511500
2021-11-04,147.3690185546875,148.80403696262286,147.0566234619275,147.97426542713765,60394600
2021-11-05,147.89694213867188,148.79636649786093,146.70422366033108,148.49330137784227,65463900
2021-11-08,147.0757293701172,148.18046407919945,146.80199217243356,148.02403856122066,55020900
2021-11-09,147.43743896484375,148.0435691533501,146.70421118808,146.84107977637362,56787900
2021-11-10,144.61207580566406,146.7726603269792,144.54364896685252,146.66511965093986,65187100
2021-11-11,144.56317138671875,146.0882826457482,144.37741797894228,145.6288070022433,41000000
2021-11-12,146.63577270507812,147.03659252052734,144.18189439318962,145.11064651980587,63804000
2021-11-15,146.64553833007812,148.48350051743287,146.08827812399716,147.00725921767452,59222800
2021-11-16,147.62318420410156,148.1022316953491,146.00030323462437,146.58689139053743,59256200
2021-11-17,150.05751037597656,151.53373689410836,147.61341784542643,147.62318884522813,88807000
2021-11-18,154.33956909179688,155.12168178008048,149.627365877677,150.2726099643279,137827700
2021-11-19,156.95962524414062,157.41911583313842,153.02952027938457,154.12446895909494,117305600
2021-11-22,157.41912841796875,161.99446283900974,157.39957149925132,158.0643575600625,117467900
2021-11-23,157.80039978027344,158.18167763297342,155.5029467463392,157.51687668201387,96041900
2021-11-24,158.31854248046875,158.5140669022848,156.0699743356913,157.1551520319611,69463600
2021-11-26,153.3032684326172,156.8618668141861,152.8633347292546,156.00155632601601,76959800
2021-11-29,156.65660095214844,157.58535337179862,155.23901498169408,155.80604638636365,88748200
2021-11-30,161.60337829589844,161.8184596016363,156.3436871388529,156.41212888047625,174048100
2021-12-01,161.0852813720703,166.49161375206606,160.8506430799377,163.73466976035556,152052500
2021-12-02,160.09783935546875,160.52800204808736,154.27113083970096,155.19011206164845,136739200
2021-12-03,158.2207794189453,161.27101721338744,156.14819360952984,160.35203598315746,118023100
2021-12-06,161.62298583984375,164.12573463510114,160.60623481829575,160.61600581977925,107497000
2021-12-07,167.35189819335938,167.74296195252498,164.5754126322905,165.29886939857903,120405400
2021-12-08,171.1647186279297,172.02504411674911,166.882663021836,168.28069194116756,116998900
2021-12-09,170.6563262939453,172.79735388590385,170.03063915946248,170.9985052389604,108923700
2021-12-10,175.43698120117188,175.61296364291238,170.78343380069845,171.29180928871014,115402700
2021-12-13,171.80996704101562,178.05706815750167,171.6046566651188,177.0696450374433,153237000
2021-12-14,170.43148803710938,173.76523433574428,168.3589020297747,171.33091243496327,139380400
2021-12-15,175.2903289794922,175.48585340924998,168.4566405154073,171.19402728468987,131063300
2021-12-16,168.4077911376953,177.08921488839127,166.93156422700537,175.27080896540932,150185800
2021-12-17,167.31283569335938,169.59073223954843,165.8952646870351,166.12988807604526,195432700
2021-12-20,165.95388793945312,166.76532847471316,163.71510567618958,164.51676029378936,107499100
2021-12-21,169.12147521972656,169.32677069078633,165.3380088741713,167.72344617879446,91185900
2021-12-22,171.71221923828125,171.92730064327637,168.30025960227871,169.170356225191,92135300
2021-12-23,172.33786010742188,172.89512039322665,171.35045204505695,171.9174833311616,68356600
2021-12-27,176.2972869873047,176.38527073958,173.11019564746687,173.12973764737882,74919600
2021-12-28,175.28054809570312,177.2749361221624,174.5375492742612,176.1311025117923,79144300
2021-12-29,175.36856079101562,176.5906072567406,174.15628532669507,175.31967594887476,62348900
2021-12-30,174.21490478515625,176.53191454419968,174.10736412193012,175.4565079119385,59773000
2021-12-31,173.59898376464844,175.22184960905506,173.29590380839542,174.10734418937602,64062300
2022-01-03,177.93971252441406,178.79026689432098,173.73588518068755,173.85319685203027,104487900
2022-01-04,175.68136596679688,178.84891521802436,175.11433471652768,178.54585013474667,99310400
2022-01-05,171.0082550048828,176.1408490374331,170.7345178498846,175.5933747274367,94537600
2022-01-06,168.15359497070312,171.37980064842037,167.80164498917833,168.83793801323478,96904000
2022-01-07,168.3197479248047,170.24569386432273,167.20524242477114,169.02364770562122,86709100
2022-01-10,168.33934020996094,168.64240533418686,164.40923476090865,165.29888813158135,106765600
2022-01-11,171.1647186279297,171.26247339503044,166.99998962694013,168.46644539148625,76138300
2022-01-12,171.60462951660156,173.21772467571947,170.91051556767007,172.1814317936139,74805200
2022-01-13,168.33934020996094,172.6702655459411,167.94827640647682,171.84905393496265,84505800
2022-01-14,169.19964599609375,169.89375992557677,167.26391395832079,167.50832321300913,80440800
2022-01-18,166.00279235839844,168.68150862321704,165.62151446360372,167.6745435442064,90956700
2022-01-19,162.51260375976562,167.25414945182573,162.22909557704548,166.19829964047344,94815000
2022-01-20,160.83106994628906,165.8854518373375,160.50844792121475,163.24583471657064,91420500
2022-01-21,158.77804565429688,162.61038131219433,158.67050497614542,160.74309086318223,122848900
2022-01-24,158.0056610107422,158.67046181782317,151.24041588074124,156.44145102020946,162294600
2022-01-25,156.2068328857422,159.1201868610098,153.50856023591945,155.424720331175,115798400
2022-01-26,156.11888122558594,160.71377291639465,154.29070450112417,159.84367643647036,108275300
2022-01-27,155.65936279296875,160.17604091465265,154.7403816352541,158.817126094803,121954600
2022-01-28,166.5209197998047,166.5404767176366,159.1593140383979,162.0042414218655,179935700
2022-01-31,170.8714141845703,171.0864955438015,165.71926239899202,166.35473547583268,115541600
2022-02-01,170.7052001953125,170.93005253238587,168.4566320719076,170.1186120178827,86213900
2022-02-02,171.90771484375,171.94682868403083,169.45385093947993,170.84209391826516,84914300
2022-02-03,169.03341674804688,172.29873538364427,168.27086114724798,170.57808486487306,89418100
2022-02-04,168.7495574951172,170.42345318106436,167.07566180917001,168.05454433189513,82465400
2022-02-07,168.0350341796875,170.2766693416208,167.34002078176565,169.20969061631618,77251200
2022-02-08,171.13804626464844,171.64706939744136,167.80983647215697,168.1035042386361,74829200
2022-02-09,172.55743408203125,172.91961588647231,171.20657123174874,172.3322952525055,71285000
2022-02-10,168.48526000976562,171.77430598076174,167.92730472233933,170.46260694632986,90865900
2022-02-11,165.07876586914062,169.42500712943504,164.49143031742815,168.6908451580762,98670700
2022-02-14,165.31370544433594,165.99892030677,163.04269054419584,163.83558309476697,86185500
2022-02-15,169.14112854003906,169.29775335068365,166.65477315145358,167.35956986279012,62527400
2022-02-16,168.9062042236328,169.67951494494773,166.45899759893967,168.2209893560315,61177400
2022-02-17,165.31370544433594,168.27971865617212,164.91235997613748,167.4182971510757,69589300
2022-02-18,163.76708984375,166.93866044821442,162.68052937533312,166.23387859788448,82772700
2022-02-22,160.85000610351562,163.16995323151656,158.72581758393332,161.49605730830203,91162800
2022-02-23,156.68971252441406,162.641304356549,156.37646298769116,162.044185496661,90009200
2022-02-24,159.30335998535156,159.4110376690062,148.79015546543386,149.35790916683425,141147500
2022-02-25,161.3688507080078,161.63313833449817,157.47288604382865,160.38016942776312,91974200
2022-02-28,161.63308715820312,161.92675492011216,158.99989062280463,159.61659142915732,95056600
2022-03-01,159.75363159179688,163.08184127413253,158.54961021930214,161.22195543903135,83474400
2022-03-02,163.04269409179688,163.82580321014547,159.50892707803538,160.91852050375005,79724800
2022-03-03,162.7196502685547,165.3430634011942,162.05401727070716,164.91235266773373,76678400
2022-03-04,159.7242889404297,162.0540345545001,158.67689221468046,161.01642127862274,83737200
2022-03-07,155.93600463867188,161.53521443024337,155.68148559760553,159.91026569329455,96418800
2022-03-08,154.11526489257812,159.4403881412621,152.50989817230385,155.4661275372027,131148300
2022-03-09,159.50892639160156,159.95921898709753,156.04368834876885,158.06996768709067,91454900
2022-03-10,155.17247009277344,157.00297572975708,152.68609998585092,156.81698565051138,105342000
2022-03-11,151.46250915527344,155.91642822664025,151.23737032666907,155.57381332247203,96970100
2022-03-14,147.4392852783203,150.86537421208124,146.9302771053436,148.2517595892854,108732100
2022-03-15,151.8148956298828,152.28477002224423,147.2043670461277,147.71337523300835,92964300
2022-03-16,156.21987915039062,156.6212246232631,151.19822129277074,153.73352378158447,102300200
2022-03-17,157.2281036376953,157.6000837703935,154.30125449850178,155.26055517399735,75615400
2022-03-18,160.51719665527344,161.00663805311925,156.3863100625295,157.12047215929823,123511700
2022-03-21,161.88760375976562,162.83712104497158,159.56764191840216,160.05708320205216,95811400
2022-03-22,165.25497436523438,165.84229498697943,161.42753966012307,162.01486028186812,81532000
2022-03-23,166.61561584472656,168.9942934206818,164.1096638130363,164.4424952526729,98062700
2022-03-24,170.3941192626953,170.46263328488442,166.61563143205333,167.4476727675763,90131400
2022-03-25,171.03036499023438,171.578536843318,169.10196511927478,170.20810721060892,80546200
2022-03-28,171.89183044433594,172.01907505501657,168.3678462915148,168.53425457976377,90371900
2022-03-29,175.1808319091797,175.22976408859992,172.61614940998814,172.95876428530602,100589400
2022-03-30,174.01600646972656,175.8171473086946,172.9685946624538,174.77953388921446,92633200
2022-03-31,170.92269897460938,174.27047582290578,170.7171270473916,174.08448573079536,103049300
2022-04-01,170.62899780273438,171.1869679698728,168.3090511714051,170.3549119111242,78751300
2022-04-04,174.67181396484375,174.72076108227714,170.75628355518236,170.8835430731966,76468400
2022-04-05,171.36317443847656,174.53475923368862,170.7366902126206,173.75165021722813,73401800
2022-04-06,168.201416015625,169.9634078617043,166.537318414103,168.7202226513366,89058800
2022-04-07,168.50486755371094,169.69910564386342,166.26323274049562,167.54556668896316,77594700
2022-04-08,166.49815368652344,168.15246782773184,165.62694868711696,168.15246782773184,76575500
2022-04-11,162.24977111816406,165.46050445879015,162.00505049807634,165.14726983208973,72246700
2022-04-12,164.11947631835938,166.28279871101802,163.12101178667447,164.47187468621496,79265200
2022-04-13,166.8015594482422,167.4280436035417,163.24822639803168,163.85512872257044,70618900
2022-04-14,161.79953002929688,167.65325987659003,161.55480933143042,167.01697710019764,75329400
2022-04-18,161.5841522216797,163.0818413516457,160.11582837374732,160.45842830966066,69023900
2022-04-19,163.8649444580078,164.2760883021938,160.44865367684753,161.53521398147984,67723800
2022-04-20,163.69851684570312,165.31368193809578,162.59238977382873,165.19620588083708,67929800
2022-04-21,162.90565490722656,167.90774603308134,162.4064301142371,165.34307817395856,87227800
2022-04-22,158.3734130859375,164.32502122927878,158.08954369720692,162.94480808191494,84882400
2022-04-25,159.4404296875,159.72429911751857,155.11376965466397,157.71758646013552,96046400
2022-04-26,153.48878479003906,158.91178747297153,153.41047239469103,158.8236916294158,95623200
2022-04-27,153.26370239257812,156.4156915800931,152.0988293549953,152.6176360956144,88063200
2022-04-28,160.18438720703125,161.04580888521681,155.57384246237302,155.88709214046477,130216800
2022-04-29,154.32083129882812,162.69028026576657,153.9292842451666,158.42235165998022,131747600
2022-05-02,154.6243438720703,154.88863149119723,150.03338084701502,153.40074029125887,123055300
2022-05-03,156.11221313476562,157.31624964341847,153.01895506893698,154.81029731534235,88966500
2022-05-04,162.51409912109375,162.964376768375,155.8968429541357,156.29818841895514,108256500
2022-05-05,153.45948791503906,160.61512006041013,151.6779137339807,160.38998115877786,130525300
2022-05-06,154.18487548828125,156.3023722983105,151.14587460582203,152.93986371222095,116124600
2022-05-09,149.0675506591797,152.76336357443273,148.5087756857944,151.88106604384285,131577900
2022-05-10,151.46937561035156,153.65550196924158,149.92046680625165,152.45950928453797,115366700
2022-05-11,143.6170196533203,152.3908891933398,142.94059580220576,150.4792663261752,142689800
2022-05-12,139.75454711914062,143.32291464808353,136.06854586723028,139.9604210928437,182602000
2022-05-13,144.2150115966797,145.18553469561974,140.2937279042498,141.74459868206603,113990900
2022-05-16,142.67588806152344,144.61693408926746,141.34265112461745,142.68570084334092,86643800
2022-05-17,146.30313110351562,146.82270010671917,143.79349644080855,145.9306042866854,78336300
2022-05-18,138.04876708984375,144.46005783667513,137.14685888931075,143.96009966859182,109742900
2022-05-19,134.64706420898438,138.87224434894858,133.91182362893935,137.127274568989,136095600
2022-05-20,134.88232421875,137.9311222550243,130.00033122355916,136.3528052981394,137426100
2022-05-23,140.29371643066406,140.4407585737006,134.941158046499,135.07840236616943,117726300
2022-05-24,137.59780883789062,139.17612570344144,134.62743842609407,138.03895014447806,104132700
2022-05-25,137.7546844482422,138.99968110716551,135.61757730341805,135.70580258630076,92482700
2022-05-26,140.95054626464844,141.49952360823445,134.44121569632296,134.68629593603174,90601500
2022-05-27,146.69522094726562,146.73442720207444,142.40141055796454,142.5288570634857,90978500
2022-05-31,145.91094970703125,147.69514080945274,143.9503080341332,146.1364342695409,103718400
2022-06-01,145.78353881835938,148.75391017683245,144.773794451972,146.95010821381516,74286600
2022-06-02,148.23434448242188,148.29316134885798,143.96994216366954,144.92085472708317,72348100
2022-06-03,142.51905822753906,145.05808578629097,141.6171647882395,144.0091352358549,88570300
2022-06-06,143.26409912109375,145.64628674294468,142.04849579123675,144.13658414441952,71598400
2022-06-07,145.78353881835938,146.06782531945106,141.26425852389363,141.50933876771822,67808200
2022-06-08,145.04830932617188,146.92071116560922,144.5581488005419,145.65610359122917,53950200
2022-06-09,139.83299255371094,145.0384948829892,139.72515664096548,144.18562036487367,69473000
2022-06-10,134.431396484375,137.98995082700978,134.36276684809005,137.51940103001422,91437900
2022-06-13,129.2847137451172,132.53937106937602,128.85337019356888,130.25522177759234,122207100
2022-06-14,130.1473846435547,131.25515193955982,128.8925752102517,130.51011351307002,84784300
2022-06-15,132.7648468017578,134.63726323315953,129.5592083618082,131.64728162043858,91533000
2022-06-16,127.50054931640625,129.78469908531477,126.50061768881059,129.48080196283757,108123900
2022-06-17,128.97100830078125,130.4611001773296,127.25544681769559,127.51033981148552,134520300
2022-06-21,133.1962127685547,134.36279718069025,130.69640612370614,130.79442925101708,81000500
2022-06-22,132.6864471435547,135.04900927487205,131.2747825760473,132.13745484401576,73409200
2022-06-23,135.54896545410156,135.8626603415122,132.9609190593017,134.12750324123766,72433800
2022-06-24,138.8722686767578,139.1173489130396,137.01946268880786,137.14689423988725,89116800
2022-06-27,138.8722686767578,140.6662578013618,138.19584483125837,139.89179587794544,70207900
2022-06-28,134.7353057861328,140.59762053174873,134.61767206581916,139.3330131628478,67083400
2022-06-29,136.49008178710938,137.90174634957765,133.98046254650382,134.75492447437682,66242400
2022-06-30,134.0294952392578,135.6470189893978,131.13755113159218,134.54906419941244,98964500
2022-07-01,136.19598388671875,136.3038197907336,132.9903451154339,133.36285690870372,71051600
2022-07-05,138.77426147460938,138.82328052447406,134.235369702093,135.05885084768343,73353800
2022-07-06,140.10745239257812,141.28383440664965,138.30366564043456,138.56835645511603,74064300
2022-07-07,143.46998596191406,143.66604717243726,140.4603932776671,140.47019110271424,66253700
2022-07-08,144.1463623046875,144.646335480772,142.14651447587394,142.4013924960781,64547800
2022-07-11,142.01907348632812,143.7542455393016,140.95052737444695,142.8033331399919,63141600
2022-07-12,142.98960876464844,145.52863633565593,142.19555121961218,142.89157069008422,77588800
2022-07-13,142.6268768310547,143.5679764107693,139.32318560371215,140.1760748610569,71185600
2022-07-14,145.54824829101562,146.01879814456234,140.4309718883509,141.244640047542,78140700
2022-07-15,147.21478271484375,147.8912065060331,145.2835494113212,146.83245817528143,76259900
2022-07-18,144.17581176757812,148.58725611818477,143.8130828380742,147.77358792071823,81420900
2022-07-19,148.0284423828125,148.25391198084102,144.01893385798232,145.0090524915063,82982400
2022-07-20,150.02828979492188,150.6949157224323,147.41083503397257,148.1460756395822,64823400
2022-07-21,152.2928466796875,152.50851845862235,148.94994906470606,151.45956799212024,65086600
2022-07-22,151.0576629638672,153.2045683993023,150.39105184778396,152.33208328648058,66675400
2022-07-25,149.94007873535156,151.9889458272938,149.28326552705713,150.97921649648936,53623900
2022-07-26,148.6166534423828,150.07732200029463,147.83239373585778,149.2636538636445,55138700
2022-07-27,153.70452880859375,154.23391054533735,149.16565257909815,149.57738561961435,78620700
2022-07-28,154.25350952148438,154.53779601902812,151.37136349671525,153.89078059336344,81378700
2022-07-29,159.31190490722656,160.4098742170783,156.36114510873213,158.06690844043507,101786900
2022-08-01,158.33164978027344,160.37071938994356,157.72385550686172,157.84148924790597,67829400
2022-08-02,156.86114501953125,159.21392420256825,156.48863324172908,156.94938527079637,59907000
2022-08-03,162.86070251464844,163.3116417148104,157.58657171952117,157.67479700322565,82507500
2022-08-04,162.54698181152344,163.8998292386339,161.19413438441296,162.7430429706028,55474100
2022-08-05,162.3212432861328,162.81208464474912,160.0142829089203,160.22044287042655,56697000
2022-08-08,161.85000610351562,164.73615535552312,161.1922805564501,163.32253000929188,60276900
2022-08-09,161.89910888671875,162.78263230320212,160.25970057725633,161.0156004495246,63135500
2022-08-10,166.13995361328125,166.23811287684435,163.8428051524665,164.60851631297595,70170500
2022-08-11,165.40371704101562,167.85792369494868,165.10920924668594,166.94495103045548,57149200
2022-08-12,168.94757080078125,169.01628078921996,166.29701596444957,166.70933581222894,68039400
2022-08-15,170.0176239013672,170.21395743937939,168.21133138479297,168.37821564106778,54091700
2022-08-16,169.8605194091797,170.52807128910433,168.5156191962962,169.61509878760032,56377100
2022-08-17,171.3527069091797,172.92339013736907,169.4089794863745,169.60531301748716,79542000
2022-08-18,170.9600372314453,171.69629926083016,169.9489052427666,170.56737014082248,62290100
2022-08-19,168.37818908691406,170.5575254675204,168.1720291679761,169.8605242913159,70346300
2022-08-22,164.5005340576172,166.74858025975374,164.0784028181707,166.58169604206546,69026800
2022-08-23,164.1667938232422,165.61969500518398,163.597416059393,164.0195474098714,54147100
2022-08-24,164.46128845214844,165.03066617037743,163.2047358944321,164.25514348994625,53841500
2022-08-25,166.91551208496094,167.0234977835924,165.26629230145085,165.68840868200775,51218200
2022-08-26,160.62289428710938,167.91680343416758,160.56399573070382,167.44560000363606,78961000
2022-08-29,158.42393493652344,159.91608162954805,156.89251255304256,158.19813716461735,73314000
2022-08-30,155.9991912841797,159.58232691391927,154.83098655063566,159.1602105704912,77906200
2022-08-31,154.34011840820312,157.63857209111154,154.261582013457,157.37351363125413,87991100
2022-09-01,155.06661987304688,155.5181855673853,151.8368751102563,153.77079140207798,74229900
2022-09-02,152.95594787597656,157.42260624530542,152.1313381712874,156.8237793213389,76957800
2022-09-06,151.69940185546875,154.21250676362826,150.8747921160952,153.60386838160778,73714800
2022-09-07,153.1032257080078,153.80021196934476,150.79626559392008,151.9841081371773,87449600
2022-09-08,151.63067626953125,153.49586691377095,149.88326774543208,151.80737191866996,84923800
2022-09-09,154.48739624023438,154.92916542303703,151.91539245059826,152.62220516793604,68028800
2022-09-12,160.43638610839844,161.25118449428555,156.38204700518378,156.66672837890903,104956000
2022-09-13,151.02206420898438,157.59933535695706,150.56067213786505,156.97105902298662,122656600
2022-09-14,152.4651336669922,154.22235404144755,150.79627611743592,151.95465448242936,87965400
2022-09-15,149.5789794921875,152.3964188629796,148.60712326254628,151.81721471946022,90481100
2022-09-16,147.93955993652344,148.57766259301448,145.65223775657734,148.44022763272653,162278800
2022-09-19,151.65032958984375,151.72886599832884,146.36888718799335,146.5750321533895,81474200
2022-09-20,154.02601623535156,155.18440966019696,150.27599594996536,150.59012663818945,107689800
2022-09-21,150.90423583984375,155.83228620825895,150.78643873263653,154.45792171393398,101696800
2022-09-22,149.9422149658203,151.64052177438083,148.14573389948876,149.58880860884872,86652500
2022-09-23,147.67449951171875,148.6954577569954,145.83875792782328,148.42058784002563,96029900
2022-09-26,148.00828552246094,150.95333323742267,146.8989794231201,146.91861726875362,93339400
2022-09-27,148.9801483154297,151.88593544780034,147.20330517830297,149.9422080635759,84442700
2022-09-28,147.09532165527344,147.8806707549768,142.1869085062377,144.93562286555536,146691400
2022-09-29,139.8701171875,144.03245634378814,138.103085707034,143.4238179924611,128138200
2022-09-30,135.66851806640625,140.4787712884576,135.47218456289696,138.69210195416497,124925300
2022-10-03,139.84066772460938,140.44932105441077,135.16786446408517,135.67834355315813,114311700
2022-10-04,143.42384338378906,143.5416405102459,141.61753589548164,142.37343574191996,87830100
2022-10-05,143.71832275390625,144.6803824609242,140.39041942925496,141.43101553965928,79471000
2022-10-06,142.76608276367188,144.8374334955695,142.5599378213271,143.13912691743977,68402200
2022-10-07,137.52392578125,140.47880029356153,136.8956494527264,139.9290453992253,85925600
2022-10-10,137.84788513183594,139.29095992216133,136.03178109548642,137.84788513183594,74899000
2022-10-11,136.43421936035156,138.76081689569904,135.68814610919395,137.337365394685,77033700
2022-10-12,135.8059539794922,137.78895683135124,135.6292583188671,136.58149154588781,70433700
2022-10-13,140.3708038330078,140.9598044199806,131.90868942611982,132.5173428390662,113224000
2022-10-14,135.8452606201172,141.8727919675868,135.65873850521228,141.66663200393148,88598000
2022-10-17,139.8013916015625,140.28240638195203,137.70059190346555,138.4859408048433,85250900
2022-10-18,141.1168670654297,144.0128276023933,138.03438444661543,142.82500010106065,99136600
2022-10-19,141.22483825683594,142.2948685353432,138.9080670690917,139.09458913180654,61758300
2022-10-20,140.76345825195312,143.21766459219867,140.0370077826972,140.40024050696854,64522000
2022-10-21,144.5723876953125,145.14176534962488,140.03700430524796,140.25297565616944,86548600
2022-10-24,146.7124481201172,147.47815927955588,143.32564645655586,144.49385104011358,75981900
2022-10-25,149.5495147705078,149.69677613929844,146.62410499116672,147.3407290522299,74732300
2022-10-26,146.61428833007812,149.20592954793565,145.32827166402765,148.19479776463467,88194300
2022-10-27,142.1476593017578,146.3198108162611,141.48993368404496,145.35776595535313,109180200
2022-10-28,152.88723754882812,154.61499335183578,145.11231396636444,145.4853431294892,164762400
2022-10-31,150.5312042236328,151.4147275390832,149.13721674827332,150.35450854811523,97943200
2022-11-01,147.89047241210938,152.60255171953904,146.3983256985316,152.2393339638939,80379300
2022-11-02,142.3734588623047,149.38267363121568,142.34400957590813,146.2216537374626,93604600
2022-11-03,136.33609008789062,140.1842842462697,136.2084665510831,139.45783369878677,97918500
2022-11-04,136.0706024169922,140.28900066971147,132.13735779737468,139.71867839937045,140814800
2022-11-07,136.6015625,136.827719829141,133.40580174577732,134.82177198830993,83374600
2022-11-08,137.17185974121094,139.0696424266864,135.19541038943814,138.06667619069378,89908500
2022-11-09,132.6191864013672,136.23777968306217,132.34386044564616,136.18861111865357,74917800
2022-11-10,144.4188690185547,144.4188690185547,137.17187238968415,138.88283878011893,118854000
2022-11-11,147.20169067382812,147.5065147597333,141.96063992686575,143.38645323831483,93979700
2022-11-14,145.8053741455078,147.77199641885335,144.96955367768106,146.48386123047396,73374100
2022-11-15,147.53599548339844,151.02675299903876,146.0806992107757,149.67962155098414,89868300
2022-11-16,146.30685424804688,147.36883205309908,144.83188757505272,146.64119143040293,64218300
2022-11-17,148.20462036132812,148.95193124541828,143.71088233685353,143.98620818910433,80389400
2022-11-18,148.76513671875,150.15160903599656,147.46717380781297,149.76811828911318,74829600
2022-11-21,145.53988647460938,147.8605015253363,145.25473282614936,147.6540145740021,58724100
2022-11-22,147.67364501953125,147.9096450709946,144.47788413446048,145.65786938764137,51804100
2022-11-23,148.54879760742188,149.29610855403772,146.8476588015229,146.95582360996656,58301400
2022-11-25,145.63818359375,146.3953372169929,144.66470036386627,145.8348427804778,35195900
2022-11-28,141.81312561035156,144.19273663104678,140.98714790150922,142.71777000634125,69246000
2022-11-29,138.81399536132812,142.39324637035057,138.00768824052855,141.88192051073784,83763800
2022-11-30,145.5595245361328,146.23801151936658,138.20436253781247,139.04016787618127,111380900
2022-12-01,145.83486938476562,146.64119170281938,144.16324348642758,145.73654727553216,71250400
2022-12-02,145.34320068359375,145.53003217962117,143.21924526160134,143.52408428382984,65447400
2022-12-05,144.18292236328125,148.40132070138284,143.33727415278167,145.30389650239576,68826400
2022-12-06,140.52499389648438,144.8417290558683,139.55151049910586,144.61557170242608,64727200
2022-12-07,138.58787536621094,140.97731424983792,137.66356048798676,139.8170142991394,69721100
2022-12-08,140.26931762695312,141.12480845757423,138.7451974772698,139.9841640195035,62128300
2022-12-09,139.78750610351562,143.14060047218985,138.54852454565471,139.96449489513216,76097000
2022-12-12,142.07862854003906,142.08845624970894,138.70586361029962,140.31849324023466,70462700
2022-12-13,143.0422821044922,147.46718252429508,141.8328135242381,147.00502505789572,93886200
2022-12-14,140.81996154785156,144.21238117508022,138.80417118832523,142.92424628798724,82291200
2022-12-15,134.22195434570312,139.43350575702271,133.7597969655739,138.75501875197617,98931900
2022-12-16,132.26515197753906,135.35274779526193,131.49817062820333,134.4087776749108,160156900
2022-12-19,130.160888671875,132.94366095306307,129.12842399506934,132.85516655290323,79592600
2022-12-20,130.09205627441406,131.0261987808424,127.72227301817315,129.19723960857664,77432800
2022-12-21,133.1894989013672,134.52680273214906,130.53456166494178,130.7607190395491,85928000
2022-12-22,130.02320861816406,132.31432503613755,128.1254256005218,132.10783812958184,77852100
2022-12-23,129.65940856933594,130.21006041152802,127.47645662054781,128.7350936895975,63814900
2022-12-27,127.85992431640625,129.21689825725943,126.57178934548489,129.18740012847,69007800
2022-12-28,123.93653106689453,128.84325132058044,123.76936998157427,127.50594763388183,85438400
2022-12-29,127.44694519042969,128.30242099857716,125.59832312588058,125.8539785961876,75703700
2022-12-30,127.7616195678711,127.78128999342299,125.30334902080124,126.26699731697423,77034200
2023-01-03,122.98271179199219,128.71540946850325,122.09773035328112,128.10576142344397,112117500
2023-01-04,124.25118255615234,126.51280092971427,122.9925456360047,124.77233620258212,89113600
2023-01-05,122.93355560302734,125.63766124201173,122.67790010774006,125.00834271164995,80962700
2023-01-06,127.45674133300781,128.11555776974387,122.80568544146784,123.90699624027094,87754700
2023-01-09,127.97793579101562,131.18353963295718,127.72228030225448,128.29260255023266,70790800
2023-01-10,128.54824829101562,129.06940194282927,125.98180587179891,128.08609090104719,63896200
2023-01-11,131.26222229003906,131.2818777117784,128.2827904454057,129.05959971999454,69458900
2023-01-12,131.1835479736328,132.019353473187,129.2464237509339,131.6457054280313,71379600
2023-01-13,132.51100158691406,132.6683349676498,129.46274610687883,129.8265664212103,57809700
2023-01-17,133.6713104248047,134.99877137842552,131.89151977321038,132.5798345273993,63646600
2023-01-18,132.9534912109375,136.29674271738915,132.7764874230637,134.53662257229425,69672800
2023-01-19,133.01251220703125,133.9761529962307,131.5375453850544,131.84236946093412,58280400
2023-01-20,135.569091796875,135.71659745917918,131.98001240951498,133.02231973826562,80223600
2023-01-23,138.75503540039062,140.92815961902411,135.59860004292767,135.81492969380113,81760300
2023-01-24,140.15130615234375,140.77079684177573,137.9585269717819,137.9683546796287,66435100
2023-01-25,139.49249267578125,140.05297211797858,136.49339126221906,138.53867984910516,65799300
2023-01-26,141.55746459960938,141.8426182007582,139.53183124401355,140.78064047196506,54105100
2023-01-27,143.4945831298828,144.77289057415175,140.69215546789684,140.77082215722044,70555800
2023-01-30,140.6134796142578,143.12092578303154,140.46598895897412,142.54077586673455,64015300
2023-01-31,141.88194274902344,141.93111130163894,139.9054929686203,140.31848180314623,65874500
2023-02-01,143.00291442871094,144.16322923439725,138.96152054070433,141.56728874190614,77663600
2023-02-02,148.30294799804688,148.65692549625814,145.69716527119672,146.4149779827907,118339000
2023-02-03,151.9215545654297,154.75349514117664,145.36287177724367,145.5595309829737,154357300
2023-02-06,149.1977996826172,150.5449461888697,148.2636570715711,150.02379246889225,69858300
2023-02-07,152.0690460205078,152.63936822302708,148.12597415973434,148.12597415973434,83322600
2023-02-08,149.38461303710938,152.0002240332312,148.64712974900903,151.31190929849808,64120100
2023-02-09,148.35214233398438,151.75440537570756,147.9096553354024,151.213581264491,56007100
2023-02-10,148.71653747558594,149.04152741969745,146.95372962642622,147.19009004770194,57450700
2023-02-13,151.51341247558594,151.91717418893083,148.62790397291747,148.65744714640496,62199000
2023-02-14,150.87326049804688,151.43461079325414,148.56880303013764,149.8096612758476,61707600
2023-02-15,152.97093200683594,153.13834833360136,150.55814431502776,150.7846469892343,65573800
2023-02-16,151.37551879882812,153.95572244720177,151.02098573800205,151.17854429955682,68167900
2023-02-17,150.23312377929688,150.6762863218937,148.55894582557343,150.03616431892533,59144100
2023-02-21,146.22496032714844,149.00213887625634,146.15603126407484,147.9188390818426,58867200
2023-02-22,146.6484375,147.67263591965713,144.9250155718982,146.60903658364012,51011300
2023-02-23,147.13096618652344,148.05669224456878,145.00378282832062,147.81048914517564,48394200
2023-02-24,144.4818115234375,144.95451719493005,143.50684198813192,144.8757304118409,55469600
2023-02-27,145.6734619140625,146.90447752822308,145.21059884097443,145.46665970602933,44998500
2023-02-28,145.17120361328125,146.8158385647427,144.6000106018143,144.8166705381309,50547000
2023-03-01,143.10308837890625,144.9939263960711,142.80764165155819,144.60000744430354,55479000
2023-03-02,143.69398498535156,144.481837933212,141.71450238763347,142.1872231725768,52238100
2023-03-03,148.73619079589844,148.81497757802083,145.0923885282298,145.7915968006226,70732300
2023-03-06,151.4936981201172,153.92618602775224,151.1293223291666,151.4542972077173,87558000
2023-03-07,149.2975616455078,151.69064849711955,148.83469862838186,151.3656586110283,56182000
2023-03-08,150.54827880859375,151.13917230662574,149.52408044265695,150.48919246419973,47204800
2023-03-09,148.3029022216797,152.1929083670859,147.9483691410299,151.2277963802791,53833600
2023-03-10,146.24465942382812,148.64760438030467,145.3681768808884,147.92869544727571,68572400
2023-03-13,148.18472290039062,150.81417020284252,145.4567883472071,145.56511831219402,84457100
2023-03-14,150.2725372314453,151.07023295988367,147.82036369988242,148.98243524821328,73695900
2023-03-15,150.66647338867188,150.92251923505987,147.64309172837056,148.89380784086057,77167900
2023-03-16,153.4830322265625,154.08376844517147,149.33696504123728,149.84907174243986,76161100
2023-03-17,152.6459197998047,154.35949876084172,151.93685367986137,153.70951897971963,98944600
2023-03-20,155.00946044921875,155.4230948668754,151.80882025865256,152.71486085947325,73641400
2023-03-21,156.86093139648438,156.9791040860205,154.16253977805687,154.93070734117964,73938300
2023-03-22,155.4329376220703,159.6774765177441,155.41323716716616,156.88061300312046,75701800
2023-03-23,156.51622009277344,159.09643867673987,155.28520465118157,156.41774787367245,67622100
2023-03-24,157.81617736816406,157.90480687220796,155.45263376473136,156.44728881765926,59196500
2023-03-27,155.87612915039062,158.3283178086609,155.4723523985585,157.51092158923748,52390300
2023-03-28,155.2556915283203,156.08294548571627,153.61105638332387,155.57083875533723,45992200
2023-03-29,158.3282928466797,158.60403911493316,156.92986104995282,156.94954647836764,51305700
2023-03-30,159.8941650390625,160.0024950198449,158.8207229739758,159.07676882534926,49501700
2023-03-31,162.39553833007812,162.49402556851254,159.45095924162882,159.972908545837,68749800
2023-04-03,163.64627075195312,163.76444342844442,161.725889623748,161.7751332479675,56976200
2023-04-04,163.11447143554688,164.3060859426903,162.6023648150906,164.0697406002056,46278300
2023-04-05,161.2728729248047,162.54328933366952,159.34264903941414,162.2379998945446,51511700
2023-04-06,162.15921020507812,162.45465692468338,159.5396056660462,159.96306777674639,45390100
2023-04-10,159.56918334960938,159.56918334960938,157.64880179736934,158.96844706639095,47716900
2023-04-11,158.35781860351562,159.89412336543904,158.0722146254148,159.88428065231392,47644200
2023-04-12,157.66847229003906,159.59869619161648,157.35332510698044,158.77145737665472,50133100
2023-04-13,163.0455322265625,163.28189260314673,158.96840964951016,159.17522685740187,68445600
2023-04-14,162.70086669921875,163.794009087704,161.33197803499354,162.09027277975596,49386500
2023-04-17,162.72055053710938,162.8781241294329,161.53877864877254,162.5826774005875,41516200
2023-04-18,163.94174194335938,164.86746811951792,163.13418846133288,163.57736611842117,49923000
2023-04-19,165.08413696289062,165.60608642613127,163.02586725800396,163.2819281451353,47720200
2023-04-20,164.11898803710938,165.32046042282218,163.04554607797024,163.56749547193866,52456400
2023-04-21,162.51376342773438,163.92203809382642,161.99181400338804,162.54330660065614,58337300
2023-04-24,162.81903076171875,163.08493430890758,161.40089854610392,162.49404087672,41949600
2023-04-25,161.2827606201172,163.78417796430023,161.2433597017252,162.68119268208375,48714100
2023-04-26,161.2728729248047,162.76979197769046,160.32746143764658,160.58350725145092,45498800
2023-04-27,165.852294921875,166.00001080225775,162.68119712191097,162.68119712191097,64902300
2023-04-28,167.10299682617188,167.2704281940491,165.33034614583897,165.93108244036668,55275900
2023-05-01,167.0143585205078,167.86129792357815,166.07878959348815,166.70906903109534,52472900
2023-05-02,165.9802703857422,167.76279339985444,164.99545801480568,167.50673256610264,48425700
2023-05-03,164.90682983398438,168.32412999077732,164.62124085601573,166.9256982160475,65136000
2023-05-04,163.27203369140625,164.50304913491388,161.8145156138655,162.38570858289833,81235400
2023-05-05,170.9338836669922,171.65279246173276,168.16654839153733,168.38320830672657,113453200
2023-05-08,170.8649444580078,171.20963479482143,169.49605587870553,169.86043164324718,55962800
2023-05-09,169.1612548828125,170.90436226614003,168.9938385535857,170.42181373691182,45326900
2023-05-10,170.9240264892578,171.38688948895523,169.28923440637098,170.39223444016065,53724500
2023-05-11,171.1111602783203,171.93839911576495,169.5551548305296,171.20964753246403,49514700
2023-05-12,170.18417358398438,171.65356424240227,168.63587209674515,171.21964497087455,45533100
2023-05-15,169.69110107421875,170.8153397179057,169.0993901889802,170.766027969497,37266700
2023-05-16,169.69110107421875,170.74630026056693,169.4248296710781,169.61220528633143,42110300
2023-05-17,170.30252075195312,170.53919306240596,168.06389984598047,169.33607370599472,57951600
2023-05-18,172.6298828125,172.8172584115987,170.1940301198803,170.60822168470452,65496700
2023-05-19,172.7383575439453,173.95134816577144,172.5213979143073,173.95134816577144,55809500
2023-05-22,171.79161071777344,172.2945693897219,171.05197977463047,171.57465110395842,43570900
2023-05-23,169.18812561035156,170.9829707500323,168.9119979039132,170.73642708015296,50747300
2023-05-24,169.46421813964844,170.03620114077688,168.16247565777167,168.7245872835419,45143500
2023-05-25,170.59837341308594,171.49578098867764,169.3163432435991,170.02639025907388,56058300
2023-05-26,173.00457763671875,173.33988838819255,170.7166607230928,170.92376397994929,54835000
2023-05-30,174.84877014160156,176.51540772383512,174.1288668535482,174.51347436884586,55964400
2023-05-31,174.79945373535156,176.87042648421155,174.3162227478627,174.87834951174753,99625300
2023-06-01,177.60015869140625,177.62974272201325,174.4838437196236,175.24320228346932,68901800
2023-06-02,178.4482879638672,179.2668146743205,176.78165050926717,178.52718373632618,61996900
2023-06-05,177.09722900390625,182.39298156722955,175.57851175717974,180.10506441660397,121946500
2023-06-06,176.7323455810547,177.62975297431,174.97694105936182,177.4818328127375,64848400
2023-06-07,175.36154174804688,178.70467241393297,174.86845454040687,175.9729650702157,61944600
2023-06-08,178.07354736328125,178.3398036598064,175.00654388250445,175.44044804834044,50214900
2023-06-09,178.45816040039062,179.71059129506313,178.13272098000036,178.99068805786467,48900000
2023-06-12,181.24900817871094,181.34763164971682,178.46800386072707,178.76385922591572,54274900
2023-06-13,180.77566528320312,181.60404834381112,179.91769818813273,180.2727216495119,54929100
2023-06-14,181.40679931640625,181.84071851135664,179.50348972235338,180.83481629104696,57462900
2023-06-15,183.43833923339844,183.94129793003785,181.23917400121888,181.4166932611595,65433200
2023-06-16,182.36341857910156,184.4048073735327,181.7224110612984,184.14839232814637,101256200
2023-06-20,182.4521484375,183.52709013546678,181.8604527350327,181.8604527350327,49799100
2023-06-21,181.41668701171875,182.84663717983523,180.0656175699355,182.34367850052172,49515700
2023-06-22,184.41465759277344,184.46396933431626,181.13069423738702,181.19973368511316,51245300
2023-06-23,184.0990753173828,184.96691381940127,182.45216546765664,182.98470820219737,53117000
2023-06-26,182.7085723876953,185.4501365723536,182.6691169769034,184.24700235631448,48088700
2023-06-27,185.45999145507812,185.78543087633778,183.10303478095216,183.31999439512526,50730800
2023-06-28,186.63356018066406,187.2745677103686,185.00637796044083,185.33180236622022,51216800
2023-06-29,186.9688262939453,187.4422009047134,186.32781886596203,186.4658826988121,46347300
2023-06-30,191.28829956054688,191.79124321876165,188.61575961709715,188.98065447297634,85213200
2023-07-03,189.7991943359375,191.19956064074086,189.10885998965753,191.10093714903454,31458200
2023-07-05,188.68478393554688,190.311965971159,187.98459336367247,188.92147125163748,46920300
2023-07-06,189.15814208984375,189.36524537083605,186.5842258571581,187.2153769807983,45094300
2023-07-07,188.04379272460938,190.00628587990153,187.60988847797856,188.76371112125616,46815000
2023-07-10,186.0023956298828,187.36332142042107,184.4540942539423,186.6434031135775,59922200
2023-07-11,185.479736328125,186.68287064614393,184.02020200954667,186.54480679233018,46638100
2023-07-12,187.14637756347656,189.04968751691854,185.86434744027207,187.05761040387253,60750200
2023-07-13,187.90570068359375,188.54672319895087,187.15621340871894,187.8662603208446,41342300
2023-07-14,188.05361938476562,188.53683526319492,187.00827681367923,187.59997248992855,41616200
2023-07-17,191.3080291748047,191.6334686208352,189.1581605746784,189.2469126832782,50520200
2023-07-18,191.0515899658203,191.64330071063998,189.75970372238763,190.6768538720752,48288200
2023-07-19,192.40269470214844,195.4894113562338,189.9865545896983,190.4303452538346,80507300
2023-07-20,190.45989990234375,193.75371936128715,189.83860510668907,192.39279363664537,59581200
2023-07-21,189.28634643554688,192.2744541324422,188.58615588066942,191.4164870851642,71951700
2023-07-24,190.08514404296875,192.21528467718613,189.59205676918674,190.73602285584008,45377800
2023-07-25,190.94314575195312,191.7518162507371,190.25282645288883,190.6571617022808,37283200
2023-07-26,191.8109588623047,192.9351972994816,190.64728006234532,190.99243214213982,47471900
2023-07-27,190.54867553710938,194.4736466049838,189.88794029801272,193.3099676892758,47460200
2023-07-28,193.12255859375,193.91150122150714,191.45592124266818,191.9785925358936,48291400
2023-07-31,193.73402404785156,193.7734794641123,192.5604737033273,193.34941650238693,38824100
2023-08-01,192.90562438964844,194.01013518521242,192.5801849485631,193.52691923606866,35175100
2023-08-02,189.91748046875,192.48152505166297,189.19757732195913,192.34346122833557,50389300
2023-08-03,188.52700805664062,189.71041463976601,188.0536484329567,188.92148694956984,61235200
2023-08-04,179.47393798828125,184.7894189873242,179.40489853673822,182.95513345446872,115956800
2023-08-07,176.37733459472656,180.59816071157974,174.89807268327345,179.6119861039443,97576100
2023-08-08,177.3141632080078,177.77766638788108,175.12485479817192,177.20568342021136,67823000
2023-08-09,175.72647094726562,178.42857997538025,174.5627769846933,178.36941190145535,60378500
2023-08-10,175.5094757080078,178.25103959448677,175.1445959609342,176.99859377509202,54686900
2023-08-11,175.56874084472656,176.3883728930982,174.34424265962002,175.10462674008653,52036700
2023-08-14,177.21788024902344,177.44500246999712,175.09473274674426,175.74649049543365,43675600
2023-08-15,175.23300170898438,177.23763842738072,174.8380051896738,176.64514364841483,43622600
2023-08-16,174.36399841308594,176.30937200366554,174.29486573787133,174.91699954220002,46964900
2023-08-17,171.82614135742188,175.29228395682054,171.31263372738547,174.9269113516055,66062900
2023-08-18,172.3099822998047,172.91236175457905,169.81159252872837,170.14734105941557,61172200
2023-08-21,173.6431121826172,173.92949746098708,171.56935789788312,172.88274314562352,46311900
2023-08-22,175.01571655273438,175.46009132134986,174.04796471270419,174.84784230984178,42038900
2023-08-23,178.85714721679688,179.2817827873095,176.10201110060572,176.28963972003098,52722800
2023-08-24,174.17636108398438,178.83739189345877,173.81097351698816,178.41275636104422,54945800
2023-08-25,176.3784942626953,176.91174101480664,173.62335841851225,175.16386577811136,51449600
2023-08-28,177.9387664794922,178.33376298082638,176.31925671498092,177.8400098200833,43820700
2023-08-29,181.81967163085938,182.5899254092932,177.25739693272806,177.45489519701718,53003900
2023-08-30,185.3055419921875,185.50305529692773,182.43191025327192,182.62940848986258,60813900
2023-08-31,185.52281188964844,186.75719481874472,185.13768501849643,185.4931879048022,60794500
2023-09-01,187.09295654296875,187.54720101813678,185.92769123419916,187.12258052751662,45766500
2023-09-05,187.32992553710938,187.60642607121574,185.26604116890505,185.92766852324166,45280000
2023-09-06,180.62477111816406,186.49056063180015,179.2027597126584,186.0461707664675,81755800
2023-09-07,175.3416290283203,175.98351721110967,171.3718491931888,172.99135904079122,112488800
2023-09-08,175.95387268066406,177.98814840122637,175.56874581023814,176.12176201867752,65551300
2023-09-11,177.11911010742188,178.0473683330804,175.12434339280344,177.82024612940288,58953100
2023-09-12,174.0973663330078,177.87951732730735,172.6358612060169,177.24751388848827,90370200
2023-09-13,172.03347778320312,175.08486860955094,171.8063404869434,174.30473020059844,84267900
2023-09-14,173.54437255859375,173.89987544974738,171.41135521167203,171.82610607332606,60895800
2023-09-15,172.82347106933594,174.29486087176767,171.6483512368518,174.27510652680778,109259500
2023-09-18,175.74649047851562,177.13887792290447,173.9689761950564,174.2751007250675,67257600
2023-09-19,176.83277893066406,177.38578010579235,174.91701409671836,175.3021409914078,51826900
2023-09-20,173.29747009277344,177.45486279571944,173.20858308214417,177.02035765272817,58436200
2023-09-21,171.75698852539062,174.0973890433764,171.68787090976878,172.36925276684747,63149100
2023-09-22,172.60621643066406,174.86761425499944,171.87547142547365,172.48772049861157,56725400
2023-09-25,173.88011169433594,174.75899170155245,171.97421669351675,172.02359502231215,46172700
2023-09-26,169.81158447265625,173.01109513731117,169.51532957863083,172.63585300181884,64588900
2023-09-27,168.30067443847656,170.87806622328196,166.93792612877573,170.46331542744704,66921800
2023-09-28,168.55743408203125,169.88068876106084,165.52578284422083,167.22429469748067,56294400
2023-09-29,169.07095336914062,170.90771561508154,168.21181267677895,169.870831028669,51861100
2023-10-02,171.57920837402344,172.12233981703872,168.79443355791753,169.08081880430257,52164500
2023-10-03,170.24609375,171.46073744550782,168.6858469308082,170.1078434596355,49594600
2023-10-04,171.4903564453125,172.03348795172127,168.8339619515459,168.9524578917983,53020300
2023-10-05,172.7247314453125,173.2579782200924,170.52258153582127,171.61871413723316,48527900
2023-10-06,175.2725067138672,175.76625988669193,171.0163417068709,171.6286058875163,57266700
2023-10-09,176.75376892089844,176.81301689163445,173.60362121945622,174.6009972191987,42390800
2023-10-10,176.16127014160156,177.47465549196244,175.72676490471198,175.87489990900735,43698000
2023-10-11,177.5536346435547,177.60301297187604,175.3811238107674,175.9736185461729,47551100
2023-10-12,178.45228576660156,180.0619109305439,176.80313684087554,177.8202822818536,56743100
2023-10-13,176.61550903320312,179.6570151987734,175.91437292525092,179.1533924067404,51427100
2023-10-16,176.4871368408203,176.84263973108403,174.3047411678942,174.54174811745375,52517000
2023-10-17,174.9367218017578,176.19085892709333,172.6160912129652,174.44296868905948,57549400
2023-10-18,173.6431121826172,175.36137864838344,172.9222367694585,173.3863659573123,54764400
2023-10-19,173.26788330078125,175.6181383369893,173.0012523479638,173.84062376512662,59302900
2023-10-20,170.7200927734375,173.22835212793277,170.4830858385587,173.11972583296543,64244000
2023-10-23,170.83860778808594,171.8359838309846,167.80695589693704,168.77472302133776,55980100
2023-10-24,171.27310180664062,171.50022404547477,169.30795876796012,170.88797493724758,43816600
2023-10-25,168.9623260498047,170.8978298690587,168.51793618108192,169.7325797223047,57157000
2023-10-26,164.80494689941406,169.23885617849143,163.6001878537521,168.24146504420852,70625300
2023-10-27,166.11831665039062,166.8490767618186,164.7456834493569,164.82468576422622,58499100
2023-10-30,168.16244506835938,169.03145545417337,166.7601878982554,166.90832288755587,51131000
2023-10-31,168.63645935058594,168.76482492650203,165.80230595130433,167.23420217717043,44846000
2023-11-01,171.7964630126953,172.0532092124064,167.99455793411695,168.86356825336904,56934900
2023-11-02,175.35150146484375,175.5588693503195,173.26786256268767,173.32711052996643,77334800
2023-11-03,174.4429931640625,174.61088250590672,171.18423421755685,172.06311427874405,79829200
2023-11-06,176.9907684326172,177.1882666996337,174.0085099439187,174.1763842242903,63841300
2023-11-07,179.54840087890625,180.1606499568927,176.73400192517136,176.9413698079054,70530000
2023-11-08,180.60504150390625,181.15804266662394,179.3212801943679,180.07179468790036,49340300
2023-11-09,180.13104248046875,181.81966995293175,179.53853262491765,180.67417400336535,53763500
2023-11-10,184.3136749267578,184.48178544542026,181.475802800193,181.9108804268445,66133400
2023-11-13,182.73158264160156,183.9478113332898,182.14818998578377,183.7401702602705,43627500
2023-11-14,185.342041015625,186.00454008995078,184.21480130754796,185.59912547957174,60108400
2023-11-15,185.90567016601562,187.3789985945617,185.6782486931539,185.7474724520267,53790500
2023-11-16,187.58663940429688,188.82264852852316,186.5384909930313,187.44820698590362,54412900
2023-11-17,187.56686401367188,188.24914348244,186.4594046371221,188.12059370194675,50922700
2023-11-20,189.3071746826172,189.76203272766995,187.75475490242272,187.7646375447921,46505100
2023-11-21,188.50619506835938,189.3763501912699,187.61627466574618,189.26758080090607,38134500
2023-11-22,189.16871643066406,190.77057938008178,188.6940931656517,189.3467095850447,39617700
2023-11-24,187.84373474121094,188.76331834061182,187.13179223741543,188.7336553269539,24048300
2023-11-27,187.66574096679688,188.5358962659671,186.7857030257735,187.79429075090235,40552600
2023-11-28,188.26889038085938,188.9412871423915,187.28008315178343,187.6558347269926,38415400
2023-11-29,187.2504425048828,189.93999969621768,186.85492560121705,188.76331653900834,43014200
2023-11-30,187.82395935058594,188.18982834207452,186.08366378848976,187.7151899349547,48794400
2023-12-01,189.0994873046875,189.4158977511225,187.11197525051801,188.19966916513812,45704800
2023-12-04,187.30975341796875,187.92282418358675,185.35191925319242,187.85360043262926,43389500
2023-12-05,191.25509643554688,192.2241233156588,188.05135551468544,188.081033613139,66628400
2023-12-06,190.1674346923828,192.58011192579394,189.95977851245675,192.27358406476233,41089700
2023-12-07,192.09561157226562,192.817436726138,191.42321471638212,191.4627754603769,47477700
2023-12-08,193.5194854736328,193.79635031367135,191.50231010992096,192.02637677770835,53406400
2023-12-11,191.01779174804688,191.3243346926335,189.27749628821252,190.9485830810774,60943700
2023-12-12,192.53065490722656,192.54053754746204,189.5741159727842,190.91889435682484,52696900
2023-12-13,195.7443084716797,195.78385412672148,192.66911702808835,192.90642113434447,70404200
2023-12-14,195.89259338378906,197.38568681182426,193.96442237725344,195.80360435764135,66831600
2023-12-15,195.35867309570312,196.1793699091571,194.79504567055722,195.3191123528845,128538400
2023-12-18,193.69747924804688,194.42920214917604,192.21426816132805,193.89523770867535,55751900
2023-12-19,194.73573303222656,194.74561567460933,193.6974822378966,193.964464462268,40714100
2023-12-20,192.64932250976562,195.46741418063525,192.64932250976562,194.69614571593394,52242800
2023-12-21,192.50100708007812,194.8741537657828,191.33422165280876,193.9051267903215,46482500
2023-12-22,191.4330596923828,193.22279812086242,190.81010639416107,192.99536162557578,37149600
2023-12-26,190.88925170898438,191.719846217368,190.6717128965979,191.44298138124012,28919300
2023-12-27,190.98812866210938,191.33421726083122,188.95118798803827,190.33552729492325,48087700
2023-12-28,191.413330078125,192.4812438348005,191.00791544042355,191.96705978425237,34049900
2023-12-29,190.3750762939453,192.2241411947973,189.5840274029703,191.72973752393827,42672100
